ISO-10303-21;
HEADER;
FILE_DESCRIPTION (( 'STEP AP214' ),
    '1' );
FILE_NAME ('SKY13416-485LF.STEP',
    '2025-08-20T22:09:05',
    ( '' ),
    ( '' ),
    'SwSTEP 2.0',
    'SolidWorks 2021',
    '' );
FILE_SCHEMA (( 'AUTOMOTIVE_DESIGN' ));
ENDSEC;

DATA;
#1 = ORIENTED_EDGE ( 'NONE', *, *, #3432, .T. ) ;
#2 = EDGE_CURVE ( 'NONE', #4921, #2422, #6239, .T. ) ;
#3 = DIRECTION ( 'NONE',  ( 1.000000000000000000, -0.000000000000000000, -0.000000000000000000 ) ) ;
#4 = AXIS2_PLACEMENT_3D ( 'NONE', #2368, #5311, #8402 ) ;
#5 = VECTOR ( 'NONE', #6007, 1000.000000000000000 ) ;
#6 = FACE_OUTER_BOUND ( 'NONE', #343, .T. ) ;
#7 = SURFACE_STYLE_USAGE ( .BOTH. , #9152 ) ;
#8 = ORIENTED_EDGE ( 'NONE', *, *, #8037, .F. ) ;
#9 = DIRECTION ( 'NONE',  ( 0.000000000000000000, 0.000000000000000000, -1.000000000000000000 ) ) ;
#10 = EDGE_CURVE ( 'NONE', #4713, #4445, #4368, .T. ) ;
#11 = CARTESIAN_POINT ( 'NONE',  ( -0.9149999999999858247, 0.000000000000000000, 0.5950000000000000844 ) ) ;
#12 = EDGE_LOOP ( 'NONE', ( #5739, #9212, #2990, #2135 ) ) ;
#14 = ORIENTED_EDGE ( 'NONE', *, *, #4611, .F. ) ;
#13 = AXIS2_PLACEMENT_3D ( 'NONE', #8439, #1386, #7561 ) ;
#15 = VERTEX_POINT ( 'NONE', #4622 ) ;
#16 = LINE ( 'NONE', #4650, #4140 ) ;
#17 = CARTESIAN_POINT ( 'NONE',  ( -0.7550000000000000044, 0.05000000000000012768, -0.7549999999999998934 ) ) ;
#18 = LINE ( 'NONE', #4554, #6282 ) ;
#19 = CARTESIAN_POINT ( 'NONE',  ( -0.3750000000000037748, 0.06999999999999975686, 0.2000000000000003164 ) ) ;
#20 = DIRECTION ( 'NONE',  ( 0.000000000000000000, -0.000000000000000000, 1.000000000000000000 ) ) ;
#21 = FACE_OUTER_BOUND ( 'NONE', #1112, .T. ) ;
#22 = VERTEX_POINT ( 'NONE', #126 ) ;
#23 = EDGE_CURVE ( 'NONE', #201, #6656, #9687, .T. ) ;
#24 = DIRECTION ( 'NONE',  ( -0.000000000000000000, -1.000000000000000000, -0.000000000000000000 ) ) ;
#25 = ORIENTED_EDGE ( 'NONE', *, *, #4638, .T. ) ;
#26 = ORIENTED_EDGE ( 'NONE', *, *, #8810, .F. ) ;
#27 = LINE ( 'NONE', #772, #9815 ) ;
#28 = LINE ( 'NONE', #4007, #1692 ) ;
#29 = CLOSED_SHELL ( 'NONE', ( #9358, #7012, #5054, #6887, #419, #7687, #4450, #8930, #6423, #9337 ) ) ;
#30 = DIRECTION ( 'NONE',  ( -0.000000000000000000, -1.000000000000000000, -0.000000000000000000 ) ) ;
#32 = ORIENTED_EDGE ( 'NONE', *, *, #5166, .T. ) ;
#31 = LINE ( 'NONE', #5226, #7194 ) ;
#33 = EDGE_CURVE ( 'NONE', #8418, #5151, #3568, .T. ) ;
#34 = LINE ( 'NONE', #5576, #8096 ) ;
#35 = CARTESIAN_POINT ( 'NONE',  ( 0.9149999999999853806, 0.000000000000000000, 0.5750000000000003997 ) ) ;
#36 = ORIENTED_EDGE ( 'NONE', *, *, #8446, .F. ) ;
#37 = ORIENTED_EDGE ( 'NONE', *, *, #4199, .T. ) ;
#38 = DIRECTION ( 'NONE',  ( 1.000000000000000000, 0.000000000000000000, -0.000000000000000000 ) ) ;
#39 = CARTESIAN_POINT ( 'NONE',  ( 0.3750000000000037748, 0.1199999999999999956, -1.000000000000000222 ) ) ;
#40 = CARTESIAN_POINT ( 'NONE',  ( -0.8249999999999997335, 0.5799999999999998490, -0.9250000000000002665 ) ) ;
#41 = VERTEX_POINT ( 'NONE', #4058 ) ;
#42 = EDGE_CURVE ( 'NONE', #3700, #9779, #2395, .T. ) ;
#43 = ADVANCED_FACE ( 'NONE', ( #4012 ), #974, .F. ) ;
#44 = EDGE_CURVE ( 'NONE', #5278, #9684, #171, .T. ) ;
#46 = CIRCLE ( 'NONE', #9555, 0.02000000000000005246 ) ;
#45 = DIRECTION ( 'NONE',  ( -0.000000000000000000, -1.000000000000000000, -0.000000000000000000 ) ) ;
#47 = LINE ( 'NONE', #4635, #3589 ) ;
#48 = CARTESIAN_POINT ( 'NONE',  ( 0.4250000000000039302, 0.1199999999999999956, -0.2500000000000000000 ) ) ;
#49 = CARTESIAN_POINT ( 'NONE',  ( -0.4250000000000039302, 0.06999999999999975686, 0.2500000000000004441 ) ) ;
#50 = VECTOR ( 'NONE', #6843, 1000.000000000000000 ) ;
#51 = VECTOR ( 'NONE', #1805, 1000.000000000000000 ) ;
#52 = FACE_OUTER_BOUND ( 'NONE', #2762, .T. ) ;
#53 = CARTESIAN_POINT ( 'NONE',  ( -0.4250000000000039302, 0.1199999999999999956, 0.2500000000000004441 ) ) ;
#54 = EDGE_CURVE ( 'NONE', #7522, #6293, #7703, .T. ) ;
#55 = ORIENTED_EDGE ( 'NONE', *, *, #3091, .T. ) ;
#56 = PLANE ( 'NONE',  #6865 ) ;
#57 = DIRECTION ( 'NONE',  ( 0.000000000000000000, -1.000000000000000000, 0.000000000000000000 ) ) ;
#58 = ORIENTED_EDGE ( 'NONE', *, *, #6862, .T. ) ;
#59 = AXIS2_PLACEMENT_3D ( 'NONE', #309, #6321, #6464 ) ;
#60 = VECTOR ( 'NONE', #335, 1000.000000000000000 ) ;
#61 = EDGE_LOOP ( 'NONE', ( #2118, #71, #3280, #3346 ) ) ;
#62 = VERTEX_POINT ( 'NONE', #9413 ) ;
#63 = ORIENTED_EDGE ( 'NONE', *, *, #7919, .T. ) ;
#64 = EDGE_CURVE ( 'NONE', #2470, #780, #34, .T. ) ;
#65 = VECTOR ( 'NONE', #9434, 1000.000000000000000 ) ;
#66 = LINE ( 'NONE', #9308, #3347 ) ;
#67 = PLANE ( 'NONE',  #795 ) ;
#68 = DIRECTION ( 'NONE',  ( 0.000000000000000000, 0.000000000000000000, -1.000000000000000000 ) ) ;
#69 = CARTESIAN_POINT ( 'NONE',  ( -0.9349999999999906164, 0.000000000000000000, 0.1449999999999999345 ) ) ;
#70 = DIRECTION ( 'NONE',  ( -0.000000000000000000, 0.000000000000000000, -1.000000000000000000 ) ) ;
#71 = ORIENTED_EDGE ( 'NONE', *, *, #7401, .F. ) ;
#72 = DIRECTION ( 'NONE',  ( 0.000000000000000000, 0.000000000000000000, 1.000000000000000000 ) ) ;
#73 = ORIENTED_EDGE ( 'NONE', *, *, #3785, .T. ) ;
#74 = EDGE_CURVE ( 'NONE', #7431, #8697, #8583, .T. ) ;
#75 = FACE_OUTER_BOUND ( 'NONE', #4204, .T. ) ;
#76 = FACE_OUTER_BOUND ( 'NONE', #9849, .T. ) ;
#77 = CARTESIAN_POINT ( 'NONE',  ( 0.3750000000000037748, 0.06999999999999975686, -0.7000000000000000666 ) ) ;
#78 = DIRECTION ( 'NONE',  ( 0.000000000000000000, 0.000000000000000000, -1.000000000000000000 ) ) ;
#80 = ORIENTED_EDGE ( 'NONE', *, *, #2535, .F. ) ;
#79 = CARTESIAN_POINT ( 'NONE',  ( 0.9149999999999903766, 0.05000000000000012768, 0.1450000000000001565 ) ) ;
#81 = VERTEX_POINT ( 'NONE', #2344 ) ;
#82 = VERTEX_POINT ( 'NONE', #1634 ) ;
#83 = VECTOR ( 'NONE', #1539, 1000.000000000000000 ) ;
#84 = VERTEX_POINT ( 'NONE', #7805 ) ;
#85 = CARTESIAN_POINT ( 'NONE',  ( 0.7549999999999950084, 0.05000000000000012768, -0.3049999999999998268 ) ) ;
#87 = AXIS2_PLACEMENT_3D ( 'NONE', #19, #5560, #68 ) ;
#86 = CARTESIAN_POINT ( 'NONE',  ( -0.02500000000000006384, 0.1199999999999999956, -1.000000000000000222 ) ) ;
#88 = CARTESIAN_POINT ( 'NONE',  ( -0.9149999999999952616, 0.05000000000000012768, -0.1250000000000000000 ) ) ;
#89 = LINE ( 'NONE', #8681, #6113 ) ;
#90 = ORIENTED_EDGE ( 'NONE', *, *, #8962, .F. ) ;
#91 = ORIENTED_EDGE ( 'NONE', *, *, #6398, .T. ) ;
#92 = DIRECTION ( 'NONE',  ( 0.000000000000000000, 0.000000000000000000, 1.000000000000000000 ) ) ;
#93 = CARTESIAN_POINT ( 'NONE',  ( 0.4800000000000004263, 0.05000000000000012768, 0.9349999999999998312 ) ) ;
#94 = ORIENTED_EDGE ( 'NONE', *, *, #4466, .T. ) ;
#95 = VECTOR ( 'NONE', #2282, 1000.000000000000000 ) ;
#96 = ADVANCED_FACE ( 'NONE', ( #4110 ), #3450, .T. ) ;
#97 = DIRECTION ( 'NONE',  ( -0.000000000000000000, -1.000000000000000000, -0.000000000000000000 ) ) ;
#98 = AXIS2_PLACEMENT_3D ( 'NONE', #5080, #9031, #6581 ) ;
#99 =( LENGTH_UNIT ( ) NAMED_UNIT ( * ) SI_UNIT ( .MILLI., .METRE. ) );
#100 = VERTEX_POINT ( 'NONE', #8058 ) ;
#101 = DIRECTION ( 'NONE',  ( -1.000000000000000000, 0.000000000000000000, 0.000000000000000000 ) ) ;
#102 = DIRECTION ( 'NONE',  ( 0.000000000000000000, 0.000000000000000000, -1.000000000000000000 ) ) ;
#103 = EDGE_LOOP ( 'NONE', ( #8103, #2602, #2733, #5630 ) ) ;
#104 = UNCERTAINTY_MEASURE_WITH_UNIT (LENGTH_MEASURE( 1.000000000000000082E-05 ), #9049, 'distance_accuracy_value', 'NONE');
#105 = VERTEX_POINT ( 'NONE', #9516 ) ;
#106 = ORIENTED_EDGE ( 'NONE', *, *, #7501, .F. ) ;
#107 = LINE ( 'NONE', #155, #1744 ) ;
#108 = VECTOR ( 'NONE', #9163, 1000.000000000000000 ) ;
#109 = ADVANCED_FACE ( 'NONE', ( #7380 ), #2591, .F. ) ;
#110 = ADVANCED_FACE ( 'NONE', ( #7956 ), #4157, .F. ) ;
#111 = EDGE_CURVE ( 'NONE', #7527, #2829, #3402, .T. ) ;
#112 = FACE_OUTER_BOUND ( 'NONE', #3540, .T. ) ;
#113 = LINE ( 'NONE', #6175, #4665 ) ;
#114 = LINE ( 'NONE', #2426, #4926 ) ;
#115 = CARTESIAN_POINT ( 'NONE',  ( 0.4800000000000004263, 0.000000000000000000, 0.9349999999999998312 ) ) ;
#116 = DIRECTION ( 'NONE',  ( 0.000000000000000000, 0.000000000000000000, -1.000000000000000000 ) ) ;
#118 = VERTEX_POINT ( 'NONE', #1114 ) ;
#117 = AXIS2_PLACEMENT_3D ( 'NONE', #2269, #889, #2361 ) ;
#119 = CARTESIAN_POINT ( 'NONE',  ( -0.07999999999999989064, 0.05000000000000012768, -0.9349999999999998312 ) ) ;
#120 = EDGE_LOOP ( 'NONE', ( #2400, #2384, #6612, #6804 ) ) ;
#121 = EDGE_LOOP ( 'NONE', ( #4996, #9153, #5072, #8427 ) ) ;
#122 = LINE ( 'NONE', #1526, #2558 ) ;
#123 = CARTESIAN_POINT ( 'NONE',  ( 0.7749999999999854783, 0.000000000000000000, 0.5950000000000005285 ) ) ;
#124 = PLANE ( 'NONE',  #7159 ) ;
#125 = ORIENTED_EDGE ( 'NONE', *, *, #3185, .T. ) ;
#126 = CARTESIAN_POINT ( 'NONE',  ( 0.4799999999999998157, 0.05000000000000012768, -0.9349999999999998312 ) ) ;
#127 = EDGE_CURVE ( 'NONE', #945, #439, #4203, .T. ) ;
#128 = VERTEX_POINT ( 'NONE', #5009 ) ;
#129 = ORIENTED_EDGE ( 'NONE', *, *, #9215, .T. ) ;
#130 = VECTOR ( 'NONE', #4495, 1000.000000000000000 ) ;
#131 = ORIENTED_EDGE ( 'NONE', *, *, #3556, .F. ) ;
#132 = VECTOR ( 'NONE', #8297, 1000.000000000000000 ) ;
#133 = CARTESIAN_POINT ( 'NONE',  ( 0.3200000000000006173, 0.000000000000000000, 0.7549999999999997824 ) ) ;
#134 = FACE_OUTER_BOUND ( 'NONE', #7642, .T. ) ;
#135 = DIRECTION ( 'NONE',  ( 0.000000000000000000, 0.000000000000000000, 1.000000000000000000 ) ) ;
#136 = VERTEX_POINT ( 'NONE', #1024 ) ;
#137 = PLANE ( 'NONE',  #2913 ) ;
#138 = LINE ( 'NONE', #9987, #5533 ) ;
#139 = ADVANCED_FACE ( 'NONE', ( #4250 ), #8417, .F. ) ;
#140 = CARTESIAN_POINT ( 'NONE',  ( -0.9149999999999905986, 0.000000000000000000, 0.3250000000000000111 ) ) ;
#141 = EDGE_CURVE ( 'NONE', #1633, #7064, #3000, .T. ) ;
#142 = AXIS2_PLACEMENT_3D ( 'NONE', #4021, #7104, #5492 ) ;
#143 = AXIS2_PLACEMENT_3D ( 'NONE', #3503, #1798, #7290 ) ;
#144 = CARTESIAN_POINT ( 'NONE',  ( -0.9999999999999997780, 0.1199999999999999956, -0.7000000000000000666 ) ) ;
#145 = VECTOR ( 'NONE', #5870, 1000.000000000000000 ) ;
#147 = VECTOR ( 'NONE', #4749, 1000.000000000000000 ) ;
#146 = DIRECTION ( 'NONE',  ( -0.000000000000000000, 1.000000000000000000, -0.000000000000000000 ) ) ;
#148 = PRESENTATION_STYLE_ASSIGNMENT (( #3985 ) ) ;
#149 = ORIENTED_EDGE ( 'NONE', *, *, #6397, .T. ) ;
#150 = CARTESIAN_POINT ( 'NONE',  ( -0.02500000000000006384, 0.06999999999999975686, -0.6500000000000000222 ) ) ;
#151 = ORIENTED_EDGE ( 'NONE', *, *, #7212, .F. ) ;
#152 = ADVANCED_FACE ( 'NONE', ( #5873 ), #2235, .F. ) ;
#153 = VERTEX_POINT ( 'NONE', #1415 ) ;
#154 = VECTOR ( 'NONE', #8035, 1000.000000000000000 ) ;
#155 = CARTESIAN_POINT ( 'NONE',  ( -0.4250000000000039302, 0.06999999999999975686, 0.2500000000000004441 ) ) ;
#156 = FACE_OUTER_BOUND ( 'NONE', #4821, .T. ) ;
#157 = DIRECTION ( 'NONE',  ( -0.000000000000000000, -0.000000000000000000, 1.000000000000000000 ) ) ;
#158 = ORIENTED_EDGE ( 'NONE', *, *, #4864, .T. ) ;
#160 = CARTESIAN_POINT ( 'NONE',  ( 0.02500000000000006384, 0.1199999999999999956, -0.7000000000000000666 ) ) ;
#159 = AXIS2_PLACEMENT_3D ( 'NONE', #2853, #1940, #5933 ) ;
#161 = FACE_BOUND ( 'NONE', #8913, .T. ) ;
#162 = ORIENTED_EDGE ( 'NONE', *, *, #6782, .F. ) ;
#164 = EDGE_CURVE ( 'NONE', #3080, #3401, #7643, .T. ) ;
#163 = CARTESIAN_POINT ( 'NONE',  ( 0.3000000000000005440, 0.05000000000000012768, 0.9149999999999997025 ) ) ;
#165 = EDGE_CURVE ( 'NONE', #3080, #6307, #6613, .T. ) ;
#166 = ORIENTED_EDGE ( 'NONE', *, *, #7225, .T. ) ;
#167 = CARTESIAN_POINT ( 'NONE',  ( 0.9149999999999999245, 0.05000000000000012768, -0.5749999999999997335 ) ) ;
#168 = CARTESIAN_POINT ( 'NONE',  ( -0.07999999999999998779, 0.05000000000000012768, -0.9149999999999998135 ) ) ;
#169 = LINE ( 'NONE', #219, #9086 ) ;
#170 = VERTEX_POINT ( 'NONE', #670 ) ;
#172 = ADVANCED_FACE ( 'NONE', ( #6722 ), #5326, .T. ) ;
#171 = LINE ( 'NONE', #8624, #7769 ) ;
#173 = CARTESIAN_POINT ( 'NONE',  ( 0.000000000000000000, 0.000000000000000000, 0.000000000000000000 ) ) ;
#174 = CLOSED_SHELL ( 'NONE', ( #8576, #2727, #7571, #6678, #2279, #8133, #3569, #6315, #7135, #3368 ) ) ;
#175 = VERTEX_POINT ( 'NONE', #2786 ) ;
#176 = ORIENTED_EDGE ( 'NONE', *, *, #7415, .F. ) ;
#177 = VERTEX_POINT ( 'NONE', #3765 ) ;
#178 = EDGE_LOOP ( 'NONE', ( #3658, #2635, #3970, #9706, #5186, #4271, #5832, #1435 ) ) ;
#179 = CARTESIAN_POINT ( 'NONE',  ( -0.09999999999999999167, 0.05000000000000012768, -0.9149999999999997025 ) ) ;
#180 = EDGE_CURVE ( 'NONE', #3323, #8324, #6835, .T. ) ;
#181 = CLOSED_SHELL ( 'NONE', ( #7903, #2095, #7383, #1575, #3077, #5649, #5600, #5982, #6502, #6082 ) ) ;
#182 = CARTESIAN_POINT ( 'NONE',  ( -0.9999999999999997780, 0.06999999999999985401, 0.2500000000000003331 ) ) ;
#183 = DIRECTION ( 'NONE',  ( -0.000000000000000000, -0.000000000000000000, 1.000000000000000000 ) ) ;
#184 = PLANE ( 'NONE',  #9018 ) ;
#185 = ORIENTED_EDGE ( 'NONE', *, *, #8479, .T. ) ;
#186 = VERTEX_POINT ( 'NONE', #1469 ) ;
#187 = LINE ( 'NONE', #5693, #5329 ) ;
#188 = DIRECTION ( 'NONE',  ( -0.000000000000000000, 0.000000000000000000, 1.000000000000000000 ) ) ;
#189 = DIRECTION ( 'NONE',  ( 1.000000000000000000, 0.000000000000000000, 0.000000000000000000 ) ) ;
#191 = ORIENTED_EDGE ( 'NONE', *, *, #5621, .T. ) ;
#190 = AXIS2_PLACEMENT_3D ( 'NONE', #3148, #72, #9364 ) ;
#192 = EDGE_CURVE ( 'NONE', #9041, #1272, #9705, .T. ) ;
#193 = DIRECTION ( 'NONE',  ( 0.000000000000000000, 0.000000000000000000, 1.000000000000000000 ) ) ;
#194 = AXIS2_PLACEMENT_3D ( 'NONE', #6808, #3684, #9837 ) ;
#195 = FACE_OUTER_BOUND ( 'NONE', #1305, .T. ) ;
#196 = FILL_AREA_STYLE ('',( #3942 ) ) ;
#197 = EDGE_LOOP ( 'NONE', ( #6679, #5037, #3733, #9541 ) ) ;
#198 = DIRECTION ( 'NONE',  ( 1.000000000000000000, 0.000000000000000000, 0.000000000000000000 ) ) ;
#199 = DIRECTION ( 'NONE',  ( -7.744301232039333445E-16, 0.000000000000000000, 1.000000000000000000 ) ) ;
#200 = EDGE_LOOP ( 'NONE', ( #4696, #4908, #3645, #6299 ) ) ;
#201 = VERTEX_POINT ( 'NONE', #9066 ) ;
#202 = VECTOR ( 'NONE', #4248, 1000.000000000000000 ) ;
#203 = CIRCLE ( 'NONE', #7620, 0.02000000000000005246 ) ;
#204 = ADVANCED_FACE ( 'NONE', ( #3602 ), #2841, .F. ) ;
#205 = FACE_OUTER_BOUND ( 'NONE', #5456, .T. ) ;
#206 = CARTESIAN_POINT ( 'NONE',  ( -0.9350000000000000533, 0.05000000000000012768, -0.7549999999999998934 ) ) ;
#207 = VERTEX_POINT ( 'NONE', #2134 ) ;
#209 = AXIS2_PLACEMENT_3D ( 'NONE', #1494, #2770, #7319 ) ;
#208 = PLANE ( 'NONE',  #4922 ) ;
#210 = CARTESIAN_POINT ( 'NONE',  ( -0.4250000000000039302, 0.06999999999999975686, 0.7000000000000005107 ) ) ;
#211 = CARTESIAN_POINT ( 'NONE',  ( 0.02500000000000006384, 0.1199999999999999956, -1.000000000000000222 ) ) ;
#212 = EDGE_LOOP ( 'NONE', ( #7916, #6441, #8724, #9518 ) ) ;
#213 = CARTESIAN_POINT ( 'NONE',  ( -0.9999999999999997780, 0.06999999999999975686, -0.7000000000000000666 ) ) ;
#214 = ORIENTED_EDGE ( 'NONE', *, *, #7171, .F. ) ;
#215 = ORIENTED_EDGE ( 'NONE', *, *, #1159, .F. ) ;
#216 = EDGE_CURVE ( 'NONE', #271, #7894, #4403, .T. ) ;
#217 = CARTESIAN_POINT ( 'NONE',  ( 0.9350000000000000533, 0.05000000000000012768, -0.7549999999999996714 ) ) ;
#218 = CARTESIAN_POINT ( 'NONE',  ( -0.9999999999999997780, 0.06999999999999975686, 0.6500000000000003553 ) ) ;
#219 = CARTESIAN_POINT ( 'NONE',  ( 0.7749999999999951372, 0.05000000000000012768, -0.3249999999999999001 ) ) ;
#220 = VERTEX_POINT ( 'NONE', #2085 ) ;
#221 = VECTOR ( 'NONE', #6732, 1000.000000000000000 ) ;
#222 = EDGE_LOOP ( 'NONE', ( #7609, #6500, #876, #4843 ) ) ;
#223 = ORIENTED_EDGE ( 'NONE', *, *, #2899, .T. ) ;
#224 = VERTEX_POINT ( 'NONE', #5165 ) ;
#225 = VERTEX_POINT ( 'NONE', #8263 ) ;
#226 = CARTESIAN_POINT ( 'NONE',  ( -0.9349999999999906164, 0.05000000000000012768, 0.3049999999999999378 ) ) ;
#227 = ADVANCED_FACE ( 'NONE', ( #614 ), #7482, .F. ) ;
#228 = ADVANCED_FACE ( 'NONE', ( #6781 ), #8313, .T. ) ;
#229 = LINE ( 'NONE', #3314, #8851 ) ;
#230 = PLANE ( 'NONE',  #7011 ) ;
#231 = DIRECTION ( 'NONE',  ( -1.000000000000000000, 0.000000000000000000, 0.000000000000000000 ) ) ;
#232 = CARTESIAN_POINT ( 'NONE',  ( -0.3750000000000002220, 0.05000000000000012768, -0.5000000000000000000 ) ) ;
#234 = ORIENTED_EDGE ( 'NONE', *, *, #9200, .F. ) ;
#233 = AXIS2_PLACEMENT_3D ( 'NONE', #8680, #1746, #3216 ) ;
#235 = ORIENTED_EDGE ( 'NONE', *, *, #6888, .F. ) ;
#236 = CARTESIAN_POINT ( 'NONE',  ( 0.3750000000000037748, 0.1199999999999999956, -1.000000000000000222 ) ) ;
#237 = DIRECTION ( 'NONE',  ( 0.000000000000000000, 0.000000000000000000, -1.000000000000000000 ) ) ;
#238 = EDGE_CURVE ( 'NONE', #15, #7527, #6029, .T. ) ;
#239 = ORIENTED_EDGE ( 'NONE', *, *, #3943, .T. ) ;
#240 = CARTESIAN_POINT ( 'NONE',  ( -0.3000000000000048184, 0.05000000000000012768, -0.9149999999999997025 ) ) ;
#241 = CIRCLE ( 'NONE', #1851, 0.02000000000000005246 ) ;
#242 = FACE_OUTER_BOUND ( 'NONE', #3172, .T. ) ;
#243 = FACE_OUTER_BOUND ( 'NONE', #9651, .T. ) ;
#244 = ORIENTED_EDGE ( 'NONE', *, *, #4890, .T. ) ;
#245 = CARTESIAN_POINT ( 'NONE',  ( 0.02500000000000006384, 0.06999999999999986788, 0.2000000000000003164 ) ) ;
#246 = CARTESIAN_POINT ( 'NONE',  ( 0.4250000000000039302, 0.06999999999999975686, 0.2000000000000003164 ) ) ;
#247 = ORIENTED_EDGE ( 'NONE', *, *, #2046, .T. ) ;
#248 = VECTOR ( 'NONE', #5710, 1000.000000000000000 ) ;
#249 = EDGE_CURVE ( 'NONE', #7033, #6648, #5996, .T. ) ;
#250 = ORIENTED_EDGE ( 'NONE', *, *, #5002, .T. ) ;
#251 = ORIENTED_EDGE ( 'NONE', *, *, #717, .T. ) ;
#252 = EDGE_CURVE ( 'NONE', #81, #3458, #1727, .T. ) ;
#253 = LINE ( 'NONE', #7990, #7694 ) ;
#254 = DIRECTION ( 'NONE',  ( 1.161645184805899918E-15, 0.000000000000000000, -1.000000000000000000 ) ) ;
#255 = CARTESIAN_POINT ( 'NONE',  ( -0.4250000000000039302, 0.06999999999999975686, -1.000000000000000222 ) ) ;
#256 = CARTESIAN_POINT ( 'NONE',  ( -0.3000000000000000999, 0.05000000000000012768, -0.9149999999999997025 ) ) ;
#257 = CARTESIAN_POINT ( 'NONE',  ( 0.9149999999999903766, 0.05000000000000012768, 0.1250000000000001110 ) ) ;
#258 = FACE_BOUND ( 'NONE', #4135, .T. ) ;
#259 = ORIENTED_EDGE ( 'NONE', *, *, #7749, .T. ) ;
#260 = CARTESIAN_POINT ( 'NONE',  ( -0.7749999999999859224, 0.05000000000000012768, 0.7550000000000000044 ) ) ;
#262 = EDGE_CURVE ( 'NONE', #5395, #9106, #3814, .T. ) ;
#261 = ORIENTED_EDGE ( 'NONE', *, *, #4253, .F. ) ;
#263 = AXIS2_PLACEMENT_3D ( 'NONE', #9774, #9676, #1997 ) ;
#265 = MECHANICAL_DESIGN_GEOMETRIC_PRESENTATION_REPRESENTATION (  '', ( #3171 ), #2359 ) ;
#264 = PLANE ( 'NONE',  #3712 ) ;
#266 = PLANE ( 'NONE',  #3042 ) ;
#267 = CARTESIAN_POINT ( 'NONE',  ( 0.9149999999999853806, 0.05000000000000012768, 0.5950000000000005285 ) ) ;
#268 = CARTESIAN_POINT ( 'NONE',  ( 0.3750000000000037748, 0.1199999999999999956, 0.7000000000000005107 ) ) ;
#269 = ORIENTED_EDGE ( 'NONE', *, *, #6398, .F. ) ;
#270 = CARTESIAN_POINT ( 'NONE',  ( 0.7749999999999854783, 0.05000000000000012768, 0.7750000000000004663 ) ) ;
#271 = VERTEX_POINT ( 'NONE', #3959 ) ;
#272 = EDGE_CURVE ( 'NONE', #2036, #4236, #7841, .T. ) ;
#273 = ORIENTED_EDGE ( 'NONE', *, *, #9720, .T. ) ;
#274 = STYLED_ITEM ( 'NONE', ( #661 ), #5104 ) ;
#275 = DIRECTION ( 'NONE',  ( 0.000000000000000000, 0.000000000000000000, 1.000000000000000000 ) ) ;
#276 = CARTESIAN_POINT ( 'NONE',  ( -0.02500000000000006384, 0.06999999999999975686, -0.2500000000000000000 ) ) ;
#277 = DIRECTION ( 'NONE',  ( 0.000000000000000000, 0.000000000000000000, 1.000000000000000000 ) ) ;
#278 = CARTESIAN_POINT ( 'NONE',  ( -0.4250000000000039302, 0.1199999999999999956, -1.000000000000000222 ) ) ;
#279 = AXIS2_PLACEMENT_3D ( 'NONE', #747, #5304, #9151 ) ;
#280 = CARTESIAN_POINT ( 'NONE',  ( 0.7749999999999904743, 0.05000000000000012768, 0.3050000000000003819 ) ) ;
#281 = ORIENTED_EDGE ( 'NONE', *, *, #4416, .F. ) ;
#282 = DIRECTION ( 'NONE',  ( 0.000000000000000000, 1.000000000000000000, 0.000000000000000000 ) ) ;
#283 = CARTESIAN_POINT ( 'NONE',  ( -0.02500000000000006384, 0.1199999999999999956, -0.1999999999999998723 ) ) ;
#284 = CARTESIAN_POINT ( 'NONE',  ( 0.9350000000000000533, 0.000000000000000000, -0.5949999999999998623 ) ) ;
#285 = EDGE_CURVE ( 'NONE', #4941, #3579, #6323, .T. ) ;
#286 = ADVANCED_FACE ( 'NONE', ( #1674 ), #8573, .F. ) ;
#287 = ADVANCED_FACE ( 'NONE', ( #7746 ), #818, .F. ) ;
#288 = VECTOR ( 'NONE', #2944, 1000.000000000000000 ) ;
#289 = LINE ( 'NONE', #8081, #902 ) ;
#290 = CARTESIAN_POINT ( 'NONE',  ( -0.3750000000000037748, 0.06999999999999975686, 0.6500000000000003553 ) ) ;
#291 = CARTESIAN_POINT ( 'NONE',  ( -0.9999999999999997780, 0.1199999999999999956, -0.1999999999999998723 ) ) ;
#292 = LINE ( 'NONE', #4841, #6421 ) ;
#293 = EDGE_LOOP ( 'NONE', ( #4573, #1059, #1685, #6070 ) ) ;
#294 = DIRECTION ( 'NONE',  ( -0.000000000000000000, 1.000000000000000000, -0.000000000000000000 ) ) ;
#295 = PRESENTATION_LAYER_ASSIGNMENT (  '', '', ( #783 ) ) ;
#297 = EDGE_LOOP ( 'NONE', ( #5612, #9024, #5849, #6624 ) ) ;
#296 = VECTOR ( 'NONE', #3582, 1000.000000000000000 ) ;
#298 = EDGE_CURVE ( 'NONE', #207, #1873, #8616, .T. ) ;
#299 = UNCERTAINTY_MEASURE_WITH_UNIT (LENGTH_MEASURE( 1.000000000000000082E-05 ), #3831, 'distance_accuracy_value', 'NONE');
#300 = EDGE_LOOP ( 'NONE', ( #2910, #8592, #2197, #6407 ) ) ;
#301 = VECTOR ( 'NONE', #5976, 1000.000000000000000 ) ;
#302 = AXIS2_PLACEMENT_3D ( 'NONE', #3818, #2242, #7037 ) ;
#303 = EDGE_CURVE ( 'NONE', #8383, #6420, #6985, .T. ) ;
#304 = CYLINDRICAL_SURFACE ( 'NONE', #2860, 0.02000000000000005246 ) ;
#305 = DIRECTION ( 'NONE',  ( -1.000000000000000000, 0.000000000000000000, 0.000000000000000000 ) ) ;
#306 = CARTESIAN_POINT ( 'NONE',  ( -0.9349999999999906164, 0.000000000000000000, 0.3049999999999999378 ) ) ;
#307 = DIRECTION ( 'NONE',  ( -1.000000000000000000, 0.000000000000000000, 1.161645184805899918E-15 ) ) ;
#308 = CARTESIAN_POINT ( 'NONE',  ( -0.9999999999999997780, 0.06999999999999985401, -0.1999999999999998723 ) ) ;
#309 = CARTESIAN_POINT ( 'NONE',  ( 1.000000000000000222, -2.828427124746189847, 0.9999999999999997780 ) ) ;
#310 = ORIENTED_EDGE ( 'NONE', *, *, #8495, .T. ) ;
#311 = DIRECTION ( 'NONE',  ( 0.000000000000000000, -0.000000000000000000, 1.000000000000000000 ) ) ;
#312 = CARTESIAN_POINT ( 'NONE',  ( -0.3750000000000037748, 0.06999999999999975686, 0.2500000000000004441 ) ) ;
#314 = ORIENTED_EDGE ( 'NONE', *, *, #8061, .F. ) ;
#313 = AXIS2_PLACEMENT_3D ( 'NONE', #8613, #4606, #20 ) ;
#315 = AXIS2_PLACEMENT_3D ( 'NONE', #553, #3709, #5914 ) ;
#316 = LINE ( 'NONE', #4865, #5266 ) ;
#317 = VECTOR ( 'NONE', #2120, 1000.000000000000000 ) ;
#318 = VECTOR ( 'NONE', #8347, 1000.000000000000000 ) ;
#319 = CYLINDRICAL_SURFACE ( 'NONE', #6579, 0.02000000000000005246 ) ;
#320 = DIRECTION ( 'NONE',  ( 0.000000000000000000, 1.000000000000000000, 0.000000000000000000 ) ) ;
#321 = ORIENTED_EDGE ( 'NONE', *, *, #9522, .F. ) ;
#322 = DIRECTION ( 'NONE',  ( 0.000000000000000000, 1.000000000000000000, 0.000000000000000000 ) ) ;
#323 = ORIENTED_EDGE ( 'NONE', *, *, #6326, .T. ) ;
#324 = ORIENTED_EDGE ( 'NONE', *, *, #6136, .F. ) ;
#325 = AXIS2_PLACEMENT_3D ( 'NONE', #6204, #3788, #3835 ) ;
#326 = CARTESIAN_POINT ( 'NONE',  ( -0.3750000000000037748, 0.06999999999999975686, 0.7000000000000005107 ) ) ;
#327 = EDGE_CURVE ( 'NONE', #8222, #2371, #5517, .T. ) ;
#328 = PLANE ( 'NONE',  #1835 ) ;
#329 = VERTEX_POINT ( 'NONE', #9224 ) ;
#330 = CARTESIAN_POINT ( 'NONE',  ( 1.000000000000000222, 0.1199999999999999956, -0.2500000000000000000 ) ) ;
#331 = LINE ( 'NONE', #8073, #2463 ) ;
#332 = ORIENTED_EDGE ( 'NONE', *, *, #4345, .F. ) ;
#333 = EDGE_CURVE ( 'NONE', #3827, #7748, #8519, .T. ) ;
#334 = EDGE_CURVE ( 'NONE', #9426, #4429, #8107, .T. ) ;
#335 = DIRECTION ( 'NONE',  ( -0.000000000000000000, -0.000000000000000000, 1.000000000000000000 ) ) ;
#336 = DIRECTION ( 'NONE',  ( 1.000000000000000000, 0.000000000000000000, 0.000000000000000000 ) ) ;
#337 = LINE ( 'NONE', #8831, #7060 ) ;
#338 = FACE_OUTER_BOUND ( 'NONE', #8984, .T. ) ;
#339 = LINE ( 'NONE', #8135, #6499 ) ;
#340 = ORIENTED_EDGE ( 'NONE', *, *, #3017, .F. ) ;
#342 = AXIS2_PLACEMENT_3D ( 'NONE', #559, #3659, #9809 ) ;
#341 = DIRECTION ( 'NONE',  ( 0.000000000000000000, 0.000000000000000000, -1.000000000000000000 ) ) ;
#343 = EDGE_LOOP ( 'NONE', ( #4306, #7853, #2645, #6217, #2725, #7681, #5463, #6512 ) ) ;
#344 = VERTEX_POINT ( 'NONE', #1519 ) ;
#345 = EDGE_LOOP ( 'NONE', ( #2968, #2317, #7010, #5579 ) ) ;
#346 = AXIS2_PLACEMENT_3D ( 'NONE', #8364, #3049, #5468 ) ;
#347 = EDGE_CURVE ( 'NONE', #1568, #2366, #9315, .T. ) ;
#348 = EDGE_CURVE ( 'NONE', #8451, #6094, #6934, .T. ) ;
#349 = DIRECTION ( 'NONE',  ( -0.000000000000000000, -0.000000000000000000, 1.000000000000000000 ) ) ;
#350 = DIRECTION ( 'NONE',  ( -0.000000000000000000, 0.000000000000000000, -1.000000000000000000 ) ) ;
#351 = DIRECTION ( 'NONE',  ( -0.000000000000000000, -1.000000000000000000, -0.000000000000000000 ) ) ;
#352 = ORIENTED_EDGE ( 'NONE', *, *, #7514, .T. ) ;
#353 = DIRECTION ( 'NONE',  ( -0.000000000000000000, 1.000000000000000000, -0.000000000000000000 ) ) ;
#354 = DIRECTION ( 'NONE',  ( 1.000000000000000000, 0.000000000000000000, -0.000000000000000000 ) ) ;
#355 = CARTESIAN_POINT ( 'NONE',  ( 0.02500000000000006384, 0.1199999999999999956, 0.7000000000000005107 ) ) ;
#356 = ORIENTED_EDGE ( 'NONE', *, *, #9124, .F. ) ;
#357 = PLANE ( 'NONE',  #767 ) ;
#358 = VECTOR ( 'NONE', #7920, 1000.000000000000000 ) ;
#359 = EDGE_LOOP ( 'NONE', ( #4577, #4430, #9143, #1317 ) ) ;
#360 = ADVANCED_FACE ( 'NONE', ( #764 ), #8468, .F. ) ;
#361 = VECTOR ( 'NONE', #1567, 1000.000000000000000 ) ;
#362 = VECTOR ( 'NONE', #6487, 1000.000000000000000 ) ;
#363 = DIRECTION ( 'NONE',  ( -1.000000000000000000, -0.000000000000000000, -0.000000000000000000 ) ) ;
#364 = CARTESIAN_POINT ( 'NONE',  ( -0.9149999999999952616, 0.05000000000000012768, -0.3250000000000000666 ) ) ;
#365 = DIRECTION ( 'NONE',  ( -1.000000000000000000, 0.000000000000000000, 0.000000000000000000 ) ) ;
#366 = ORIENTED_EDGE ( 'NONE', *, *, #8446, .T. ) ;
#367 = CARTESIAN_POINT ( 'NONE',  ( -0.4250000000000039302, 0.1199999999999999956, 0.9999999999999997780 ) ) ;
#368 = LINE ( 'NONE', #6429, #8907 ) ;
#369 = ORIENTED_EDGE ( 'NONE', *, *, #4787, .T. ) ;
#371 = ORIENTED_EDGE ( 'NONE', *, *, #619, .T. ) ;
#370 = VECTOR ( 'NONE', #7315, 1000.000000000000000 ) ;
#372 = EDGE_CURVE ( 'NONE', #2612, #3442, #7691, .T. ) ;
#373 = LINE ( 'NONE', #2738, #7539 ) ;
#374 = DIRECTION ( 'NONE',  ( -0.000000000000000000, -1.000000000000000000, -0.000000000000000000 ) ) ;
#375 = MECHANICAL_DESIGN_GEOMETRIC_PRESENTATION_REPRESENTATION (  '', ( #4576 ), #4245 ) ;
#376 = DIRECTION ( 'NONE',  ( -0.000000000000000000, -1.000000000000000000, -0.000000000000000000 ) ) ;
#377 = ORIENTED_EDGE ( 'NONE', *, *, #8577, .F. ) ;
#378 = EDGE_LOOP ( 'NONE', ( #5328, #7215, #3068, #1470 ) ) ;
#379 = DIRECTION ( 'NONE',  ( -0.000000000000000000, 1.000000000000000000, -0.000000000000000000 ) ) ;
#380 = DIRECTION ( 'NONE',  ( 1.000000000000000000, 0.000000000000000000, -0.000000000000000000 ) ) ;
#381 = LINE ( 'NONE', #7397, #3581 ) ;
#382 = ORIENTED_EDGE ( 'NONE', *, *, #3237, .T. ) ;
#383 = EDGE_CURVE ( 'NONE', #2149, #100, #2481, .T. ) ;
#384 = LINE ( 'NONE', #3213, #1366 ) ;
#385 = CARTESIAN_POINT ( 'NONE',  ( -0.4250000000000039302, 0.06999999999999975686, 0.2500000000000004441 ) ) ;
#386 = DIRECTION ( 'NONE',  ( 0.000000000000000000, 1.000000000000000000, 0.000000000000000000 ) ) ;
#387 = SURFACE_SIDE_STYLE ('',( #5801 ) ) ;
#388 = ORIENTED_EDGE ( 'NONE', *, *, #8317, .F. ) ;
#389 = DIRECTION ( 'NONE',  ( 0.000000000000000000, 0.000000000000000000, 1.000000000000000000 ) ) ;
#390 = EDGE_LOOP ( 'NONE', ( #4340, #4820, #4015, #9902, #3977, #5690, #7862, #6348 ) ) ;
#391 = ORIENTED_EDGE ( 'NONE', *, *, #9920, .F. ) ;
#392 = AXIS2_PLACEMENT_3D ( 'NONE', #9232, #2293, #3773 ) ;
#393 = ADVANCED_FACE ( 'NONE', ( #6181, #2332, #5425, #1569, #4658, #5946, #2812 ), #9504, .F. ) ;
#394 = DIRECTION ( 'NONE',  ( 1.000000000000000000, -0.000000000000000000, -0.000000000000000000 ) ) ;
#395 = CARTESIAN_POINT ( 'NONE',  ( 0.07999999999999993228, 0.05000000000000012768, -0.7549999999999997824 ) ) ;
#396 = CARTESIAN_POINT ( 'NONE',  ( 0.3750000000000037748, 0.06999999999999975686, 0.9999999999999997780 ) ) ;
#397 = VECTOR ( 'NONE', #2191, 1000.000000000000000 ) ;
#398 = DIRECTION ( 'NONE',  ( 1.000000000000000000, 0.000000000000000000, 0.000000000000000000 ) ) ;
#399 = DIRECTION ( 'NONE',  ( 1.000000000000000000, 0.000000000000000000, 0.000000000000000000 ) ) ;
#400 = LINE ( 'NONE', #5614, #2401 ) ;
#401 = CYLINDRICAL_SURFACE ( 'NONE', #9569, 0.02000000000000005246 ) ;
#402 = ORIENTED_EDGE ( 'NONE', *, *, #2506, .T. ) ;
#403 = ORIENTED_EDGE ( 'NONE', *, *, #1391, .F. ) ;
#404 = EDGE_CURVE ( 'NONE', #1931, #3911, #4100, .T. ) ;
#405 = EDGE_CURVE ( 'NONE', #5703, #2175, #5617, .T. ) ;
#406 = AXIS2_PLACEMENT_3D ( 'NONE', #5047, #8148, #5149 ) ;
#407 = CARTESIAN_POINT ( 'NONE',  ( -0.9150000000000000355, 0.000000000000000000, -0.7550000000000000044 ) ) ;
#408 = CYLINDRICAL_SURFACE ( 'NONE', #8042, 0.02000000000000005246 ) ;
#409 = CARTESIAN_POINT ( 'NONE',  ( 0.02500000000000006384, 0.06999999999999975686, 0.7000000000000005107 ) ) ;
#410 = DIRECTION ( 'NONE',  ( -0.000000000000000000, -0.000000000000000000, 1.000000000000000000 ) ) ;
#412 = ORIENTED_EDGE ( 'NONE', *, *, #4678, .F. ) ;
#411 = VECTOR ( 'NONE', #7444, 1000.000000000000000 ) ;
#413 = CARTESIAN_POINT ( 'NONE',  ( 0.3750000000000037748, 0.06999999999999975686, -0.1999999999999998723 ) ) ;
#414 = VERTEX_POINT ( 'NONE', #963 ) ;
#415 = FACE_OUTER_BOUND ( 'NONE', #628, .T. ) ;
#416 = VECTOR ( 'NONE', #3533, 1000.000000000000000 ) ;
#417 = CARTESIAN_POINT ( 'NONE',  ( -0.02500000000000006384, 0.06999999999999975686, 0.9999999999999997780 ) ) ;
#418 = DIRECTION ( 'NONE',  ( 0.000000000000000000, 0.000000000000000000, -1.000000000000000000 ) ) ;
#419 = ADVANCED_FACE ( 'NONE', ( #535 ), #9554, .T. ) ;
#420 = LINE ( 'NONE', #232, #5203 ) ;
#422 = ORIENTED_EDGE ( 'NONE', *, *, #4699, .F. ) ;
#421 = DIRECTION ( 'NONE',  ( 0.000000000000000000, 0.000000000000000000, 1.000000000000000000 ) ) ;
#423 = CARTESIAN_POINT ( 'NONE',  ( 0.02500000000000006384, 0.1199999999999999956, 0.2500000000000004441 ) ) ;
#424 = DIRECTION ( 'NONE',  ( 0.000000000000000000, 0.000000000000000000, 1.000000000000000000 ) ) ;
#425 = CIRCLE ( 'NONE', #117, 0.02000000000000005246 ) ;
#426 = AXIS2_PLACEMENT_3D ( 'NONE', #1045, #4129, #1130 ) ;
#427 = DIRECTION ( 'NONE',  ( 1.000000000000000000, 0.000000000000000000, -0.000000000000000000 ) ) ;
#428 = DIRECTION ( 'NONE',  ( -0.000000000000000000, -1.000000000000000000, -0.000000000000000000 ) ) ;
#429 = FACE_OUTER_BOUND ( 'NONE', #8657, .T. ) ;
#430 = EDGE_CURVE ( 'NONE', #2612, #558, #8752, .T. ) ;
#431 = DIRECTION ( 'NONE',  ( -1.161645184805899918E-15, -0.000000000000000000, -1.000000000000000000 ) ) ;
#432 = EDGE_CURVE ( 'NONE', #8109, #9913, #6639, .T. ) ;
#433 = CARTESIAN_POINT ( 'NONE',  ( 0.4800000000000004818, 0.05000000000000012768, 0.7549999999999997824 ) ) ;
#434 = ORIENTED_EDGE ( 'NONE', *, *, #1019, .F. ) ;
#435 = ORIENTED_EDGE ( 'NONE', *, *, #249, .T. ) ;
#436 = DIRECTION ( 'NONE',  ( 1.000000000000000000, -0.000000000000000000, -0.000000000000000000 ) ) ;
#437 = ORIENTED_EDGE ( 'NONE', *, *, #9918, .T. ) ;
#438 = ORIENTED_EDGE ( 'NONE', *, *, #8420, .T. ) ;
#439 = VERTEX_POINT ( 'NONE', #6466 ) ;
#440 = CIRCLE ( 'NONE', #1738, 0.02000000000000005246 ) ;
#441 = LINE ( 'NONE', #3527, #9468 ) ;
#442 = DIRECTION ( 'NONE',  ( 0.000000000000000000, 0.000000000000000000, -1.000000000000000000 ) ) ;
#443 = DIRECTION ( 'NONE',  ( -0.000000000000000000, -0.000000000000000000, 1.000000000000000000 ) ) ;
#445 = CIRCLE ( 'NONE', #9016, 0.02000000000000005246 ) ;
#444 = CARTESIAN_POINT ( 'NONE',  ( -0.3750000000000002220, 0.05000000000000012768, -0.5000000000000000000 ) ) ;
#446 = EDGE_CURVE ( 'NONE', #3358, #5348, #1782, .T. ) ;
#447 = CARTESIAN_POINT ( 'NONE',  ( -0.9149999999999858247, 0.05000000000000012768, 0.7750000000000001332 ) ) ;
#448 = CARTESIAN_POINT ( 'NONE',  ( -0.9999999999999997780, -2.828427124746189847, 0.9999999999999997780 ) ) ;
#449 = DIRECTION ( 'NONE',  ( -0.000000000000000000, 1.000000000000000000, -0.000000000000000000 ) ) ;
#450 = CARTESIAN_POINT ( 'NONE',  ( 0.7549999999999853495, 0.05000000000000012768, 0.5950000000000000844 ) ) ;
#451 = ORIENTED_EDGE ( 'NONE', *, *, #9419, .F. ) ;
#452 = CIRCLE ( 'NONE', #2391, 0.02000000000000005246 ) ;
#453 = AXIS2_PLACEMENT_3D ( 'NONE', #7196, #1935, #9524 ) ;
#454 = FACE_OUTER_BOUND ( 'NONE', #293, .T. ) ;
#455 = PLANE ( 'NONE',  #608 ) ;
#456 = EDGE_CURVE ( 'NONE', #3580, #9237, #2110, .T. ) ;
#457 = CARTESIAN_POINT ( 'NONE',  ( -0.9149999999999905986, 0.05000000000000012768, 0.1249999999999998890 ) ) ;
#459 = CARTESIAN_POINT ( 'NONE',  ( -0.07999999999999939104, 0.000000000000000000, 0.9150000000000000355 ) ) ;
#458 = VECTOR ( 'NONE', #1723, 1000.000000000000000 ) ;
#460 = AXIS2_PLACEMENT_3D ( 'NONE', #407, #9456, #2890 ) ;
#461 = CARTESIAN_POINT ( 'NONE',  ( -0.9999999999999997780, 0.1199999999999999956, 0.6500000000000003553 ) ) ;
#462 = ORIENTED_EDGE ( 'NONE', *, *, #2072, .T. ) ;
#463 = VERTEX_POINT ( 'NONE', #1829 ) ;
#464 = ORIENTED_EDGE ( 'NONE', *, *, #1944, .T. ) ;
#465 = VECTOR ( 'NONE', #850, 1000.000000000000000 ) ;
#466 = VECTOR ( 'NONE', #146, 1000.000000000000000 ) ;
#467 = CARTESIAN_POINT ( 'NONE',  ( -0.02500000000000006384, 0.06999999999999986788, 0.2500000000000004441 ) ) ;
#468 = EDGE_CURVE ( 'NONE', #1582, #1766, #2606, .T. ) ;
#469 = LINE ( 'NONE', #5120, #221 ) ;
#471 = VERTEX_POINT ( 'NONE', #2056 ) ;
#470 = FACE_OUTER_BOUND ( 'NONE', #8241, .T. ) ;
#472 = ORIENTED_EDGE ( 'NONE', *, *, #6692, .F. ) ;
#473 = DIRECTION ( 'NONE',  ( 0.000000000000000000, -0.000000000000000000, 1.000000000000000000 ) ) ;
#474 = CIRCLE ( 'NONE', #3391, 0.02000000000000005246 ) ;
#475 = LINE ( 'NONE', #3565, #1650 ) ;
#476 = DIRECTION ( 'NONE',  ( 0.000000000000000000, 0.000000000000000000, -1.000000000000000000 ) ) ;
#477 = ORIENTED_EDGE ( 'NONE', *, *, #4189, .T. ) ;
#478 = EDGE_CURVE ( 'NONE', #6575, #9184, #7126, .T. ) ;
#479 = AXIS2_PLACEMENT_3D ( 'NONE', #173, #2443, #9462 ) ;
#480 = LINE ( 'NONE', #3623, #564 ) ;
#481 = LINE ( 'NONE', #3517, #581 ) ;
#482 = DIRECTION ( 'NONE',  ( -0.000000000000000000, -1.000000000000000000, -0.000000000000000000 ) ) ;
#483 = ORIENTED_EDGE ( 'NONE', *, *, #8187, .F. ) ;
#484 = VERTEX_POINT ( 'NONE', #213 ) ;
#485 = LINE ( 'NONE', #6003, #2089 ) ;
#486 = CARTESIAN_POINT ( 'NONE',  ( 0.02500000000000006384, 0.1199999999999999956, 0.7000000000000005107 ) ) ;
#487 = ORIENTED_EDGE ( 'NONE', *, *, #7344, .T. ) ;
#488 = EDGE_CURVE ( 'NONE', #6171, #6690, #3910, .T. ) ;
#489 = DIRECTION ( 'NONE',  ( 0.000000000000000000, 0.000000000000000000, 1.000000000000000000 ) ) ;
#490 = CARTESIAN_POINT ( 'NONE',  ( 0.4250000000000039302, 0.06999999999999975686, 0.6500000000000003553 ) ) ;
#491 = CYLINDRICAL_SURFACE ( 'NONE', #8570, 0.02000000000000005246 ) ;
#492 = CARTESIAN_POINT ( 'NONE',  ( 0.02500000000000006384, 0.1199999999999999956, 0.2500000000000004441 ) ) ;
#493 = ORIENTED_EDGE ( 'NONE', *, *, #2954, .F. ) ;
#494 = CARTESIAN_POINT ( 'NONE',  ( -0.2999999999999999334, 0.000000000000000000, -0.7750000000000000222 ) ) ;
#495 = DIRECTION ( 'NONE',  ( 0.000000000000000000, 0.000000000000000000, 1.000000000000000000 ) ) ;
#496 = ORIENTED_EDGE ( 'NONE', *, *, #6515, .F. ) ;
#497 = CARTESIAN_POINT ( 'NONE',  ( 0.9149999999999999245, 0.05000000000000012768, -0.5749999999999997335 ) ) ;
#498 = ORIENTED_EDGE ( 'NONE', *, *, #2424, .T. ) ;
#499 = EDGE_CURVE ( 'NONE', #175, #84, #1281, .T. ) ;
#500 = CARTESIAN_POINT ( 'NONE',  ( -0.9999999999999997780, 0.1199999999999999956, 0.2500000000000003331 ) ) ;
#501 = CARTESIAN_POINT ( 'NONE',  ( 0.02500000000000006384, 0.06999999999999985401, -0.6500000000000000222 ) ) ;
#502 = CARTESIAN_POINT ( 'NONE',  ( -0.3200000000000089995, 0.05000000000000012768, 0.9149999999999969269 ) ) ;
#503 = FACE_BOUND ( 'NONE', #3001, .T. ) ;
#504 = CIRCLE ( 'NONE', #993, 0.02000000000000005246 ) ;
#505 = CARTESIAN_POINT ( 'NONE',  ( -0.3750000000000037748, 0.06999999999999975686, -0.6500000000000000222 ) ) ;
#506 = LINE ( 'NONE', #3600, #6821 ) ;
#507 = VERTEX_POINT ( 'NONE', #312 ) ;
#508 = CARTESIAN_POINT ( 'NONE',  ( -0.3750000000000037748, 0.1199999999999999956, -0.6500000000000000222 ) ) ;
#509 = ORIENTED_EDGE ( 'NONE', *, *, #1785, .T. ) ;
#510 = ORIENTED_EDGE ( 'NONE', *, *, #1697, .F. ) ;
#511 = EDGE_CURVE ( 'NONE', #9528, #7144, #4378, .T. ) ;
#512 = AXIS2_PLACEMENT_3D ( 'NONE', #8056, #9411, #3448 ) ;
#513 = EDGE_CURVE ( 'NONE', #5007, #4405, #1013, .T. ) ;
#514 = VECTOR ( 'NONE', #1585, 1000.000000000000000 ) ;
#515 = CARTESIAN_POINT ( 'NONE',  ( 0.3200000000000005618, 0.000000000000000000, 0.9149999999999998135 ) ) ;
#516 = LINE ( 'NONE', #3609, #2076 ) ;
#517 = DIRECTION ( 'NONE',  ( 1.000000000000000000, 0.000000000000000000, -1.355252715606883304E-15 ) ) ;
#518 = ORIENTED_EDGE ( 'NONE', *, *, #327, .T. ) ;
#519 = CARTESIAN_POINT ( 'NONE',  ( 0.4250000000000039302, 0.06999999999999975686, -0.2500000000000000000 ) ) ;
#520 = VERTEX_POINT ( 'NONE', #486 ) ;
#521 = ORIENTED_EDGE ( 'NONE', *, *, #5891, .T. ) ;
#522 = AXIS2_PLACEMENT_3D ( 'NONE', #4754, #6369, #4858 ) ;
#524 =( GEOMETRIC_REPRESENTATION_CONTEXT ( 3 ) GLOBAL_UNCERTAINTY_ASSIGNED_CONTEXT ( ( #104 ) ) GLOBAL_UNIT_ASSIGNED_CONTEXT ( ( #9049, #2213, #6760 ) ) REPRESENTATION_CONTEXT ( 'NONE', 'WORKASPACE' ) );
#523 = LINE ( 'NONE', #2744, #7578 ) ;
#525 = ORIENTED_EDGE ( 'NONE', *, *, #734, .T. ) ;
#526 = EDGE_CURVE ( 'NONE', #8324, #1078, #7448, .T. ) ;
#527 = EDGE_CURVE ( 'NONE', #5848, #6871, #8607, .T. ) ;
#528 = ADVANCED_FACE ( 'NONE', ( #3295 ), #6371, .T. ) ;
#529 = VECTOR ( 'NONE', #5640, 1000.000000000000000 ) ;
#530 = CARTESIAN_POINT ( 'NONE',  ( -0.4800000000000080869, 0.05000000000000012768, 0.9349999999999983880 ) ) ;
#531 = CARTESIAN_POINT ( 'NONE',  ( -0.02500000000000006384, 0.06999999999999975686, 0.2500000000000004441 ) ) ;
#532 = ORIENTED_EDGE ( 'NONE', *, *, #2460, .F. ) ;
#533 = ORIENTED_EDGE ( 'NONE', *, *, #9773, .F. ) ;
#534 = PLANE ( 'NONE',  #7741 ) ;
#535 = FACE_OUTER_BOUND ( 'NONE', #6564, .T. ) ;
#536 = VERTEX_POINT ( 'NONE', #7564 ) ;
#537 = ORIENTED_EDGE ( 'NONE', *, *, #1103, .F. ) ;
#538 = DIRECTION ( 'NONE',  ( 0.000000000000000000, 0.000000000000000000, 1.000000000000000000 ) ) ;
#539 = CARTESIAN_POINT ( 'NONE',  ( -0.02500000000000006384, 0.1199999999999999956, -1.000000000000000222 ) ) ;
#540 = CARTESIAN_POINT ( 'NONE',  ( -0.9999999999999997780, 0.1199999999999999956, 0.2500000000000003331 ) ) ;
#541 = VERTEX_POINT ( 'NONE', #48 ) ;
#542 = CARTESIAN_POINT ( 'NONE',  ( -0.4250000000000039302, 0.06999999999999975686, -1.000000000000000222 ) ) ;
#543 = EDGE_CURVE ( 'NONE', #7512, #8824, #4874, .T. ) ;
#544 = CARTESIAN_POINT ( 'NONE',  ( 0.02500000000000006384, 0.06999999999999975686, 0.2000000000000003164 ) ) ;
#545 = EDGE_LOOP ( 'NONE', ( #2289, #8339, #1803, #8093 ) ) ;
#546 = LINE ( 'NONE', #2121, #130 ) ;
#547 = EDGE_CURVE ( 'NONE', #2036, #1038, #3837, .T. ) ;
#548 = VECTOR ( 'NONE', #8068, 1000.000000000000000 ) ;
#549 = ORIENTED_EDGE ( 'NONE', *, *, #8005, .F. ) ;
#550 = EDGE_LOOP ( 'NONE', ( #3800, #6670, #6456, #1398 ) ) ;
#551 = CARTESIAN_POINT ( 'NONE',  ( -0.9999999999999997780, 0.1199999999999999956, 0.2500000000000003331 ) ) ;
#552 = AXIS2_PLACEMENT_3D ( 'NONE', #8007, #8106, #8953 ) ;
#553 = CARTESIAN_POINT ( 'NONE',  ( -0.02500000000000006384, 0.06999999999999975686, 0.9999999999999997780 ) ) ;
#554 = DIRECTION ( 'NONE',  ( 0.000000000000000000, 0.000000000000000000, -1.000000000000000000 ) ) ;
#555 = DIRECTION ( 'NONE',  ( 1.000000000000000000, 0.000000000000000000, -0.000000000000000000 ) ) ;
#556 = ADVANCED_FACE ( 'NONE', ( #5351 ), #4532, .T. ) ;
#557 = CARTESIAN_POINT ( 'NONE',  ( 0.9149999999999950395, 0.000000000000000000, -0.3249999999999999001 ) ) ;
#558 = VERTEX_POINT ( 'NONE', #6109 ) ;
#559 = CARTESIAN_POINT ( 'NONE',  ( -0.9999999999999997780, 0.1199999999999999956, 0.6500000000000003553 ) ) ;
#560 = ORIENTED_EDGE ( 'NONE', *, *, #8914, .F. ) ;
#561 = ORIENTED_EDGE ( 'NONE', *, *, #2735, .F. ) ;
#562 = AXIS2_PLACEMENT_3D ( 'NONE', #9690, #2215, #3586 ) ;
#564 = VECTOR ( 'NONE', #8878, 1000.000000000000000 ) ;
#563 = CARTESIAN_POINT ( 'NONE',  ( -0.9999999999999997780, 0.1199999999999999956, -0.7000000000000000666 ) ) ;
#565 = CARTESIAN_POINT ( 'NONE',  ( -0.5000000000000000000, 0.05000000000000012768, -0.9149999999999997025 ) ) ;
#566 = CARTESIAN_POINT ( 'NONE',  ( -0.02500000000000006384, 0.1199999999999999956, -1.000000000000000222 ) ) ;
#568 = EDGE_LOOP ( 'NONE', ( #7524, #8366, #3591, #9822 ) ) ;
#567 = CARTESIAN_POINT ( 'NONE',  ( -0.4250000000000039302, 0.1199999999999999956, -1.000000000000000222 ) ) ;
#569 = EDGE_CURVE ( 'NONE', #8781, #5673, #2266, .T. ) ;
#570 = EDGE_LOOP ( 'NONE', ( #1911, #332, #910, #7803 ) ) ;
#571 = DIRECTION ( 'NONE',  ( -0.000000000000000000, 1.000000000000000000, -0.000000000000000000 ) ) ;
#572 = DIRECTION ( 'NONE',  ( 0.000000000000000000, 0.000000000000000000, -1.000000000000000000 ) ) ;
#573 = EDGE_LOOP ( 'NONE', ( #7054, #7143, #6336, #4873 ) ) ;
#574 = ORIENTED_EDGE ( 'NONE', *, *, #5353, .F. ) ;
#575 = CIRCLE ( 'NONE', #2520, 0.02000000000000005246 ) ;
#576 = ORIENTED_EDGE ( 'NONE', *, *, #6961, .F. ) ;
#577 = CYLINDRICAL_SURFACE ( 'NONE', #4287, 0.02000000000000005246 ) ;
#578 = CARTESIAN_POINT ( 'NONE',  ( -0.4250000000000039302, 0.06999999999999975686, -0.7000000000000000666 ) ) ;
#579 = CARTESIAN_POINT ( 'NONE',  ( 0.7750000000000001332, 0.000000000000000000, -0.5949999999999998623 ) ) ;
#580 = FACE_OUTER_BOUND ( 'NONE', #5030, .T. ) ;
#581 = VECTOR ( 'NONE', #6295, 1000.000000000000000 ) ;
#582 = DIRECTION ( 'NONE',  ( -0.000000000000000000, -1.000000000000000000, -0.000000000000000000 ) ) ;
#583 = ORIENTED_EDGE ( 'NONE', *, *, #4253, .T. ) ;
#584 = EDGE_CURVE ( 'NONE', #6648, #1535, #8442, .T. ) ;
#585 = ORIENTED_EDGE ( 'NONE', *, *, #5904, .T. ) ;
#586 = EDGE_CURVE ( 'NONE', #8505, #1243, #1495, .T. ) ;
#587 = ADVANCED_FACE ( 'NONE', ( #1445 ), #2208, .F. ) ;
#588 = LINE ( 'NONE', #7353, #9360 ) ;
#589 = DIRECTION ( 'NONE',  ( 1.000000000000000000, 0.000000000000000000, 0.000000000000000000 ) ) ;
#590 = ORIENTED_EDGE ( 'NONE', *, *, #1933, .F. ) ;
#591 = DIRECTION ( 'NONE',  ( -0.000000000000000000, -0.000000000000000000, 1.000000000000000000 ) ) ;
#592 = VECTOR ( 'NONE', #2969, 1000.000000000000000 ) ;
#593 = FACE_OUTER_BOUND ( 'NONE', #1919, .T. ) ;
#594 = CARTESIAN_POINT ( 'NONE',  ( 0.02500000000000006384, 0.1199999999999999956, -0.1999999999999998723 ) ) ;
#595 = LINE ( 'NONE', #540, #6185 ) ;
#596 = EDGE_CURVE ( 'NONE', #2102, #5756, #695, .T. ) ;
#597 = ORIENTED_EDGE ( 'NONE', *, *, #4915, .T. ) ;
#598 = CARTESIAN_POINT ( 'NONE',  ( 0.02500000000000006384, 0.06999999999999975686, 0.7000000000000005107 ) ) ;
#599 = DIRECTION ( 'NONE',  ( 0.000000000000000000, 0.000000000000000000, -1.000000000000000000 ) ) ;
#601 = ORIENTED_EDGE ( 'NONE', *, *, #4810, .F. ) ;
#600 = VECTOR ( 'NONE', #4791, 1000.000000000000000 ) ;
#602 = DIRECTION ( 'NONE',  ( -1.000000000000000000, 0.000000000000000000, 0.000000000000000000 ) ) ;
#603 = VERTEX_POINT ( 'NONE', #2310 ) ;
#604 = EDGE_LOOP ( 'NONE', ( #2553, #1781, #2638, #9937, #2828, #8728, #7128, #766 ) ) ;
#605 = ORIENTED_EDGE ( 'NONE', *, *, #4171, .F. ) ;
#606 = CARTESIAN_POINT ( 'NONE',  ( 1.000000000000000222, 0.06999999999999975686, 0.6500000000000003553 ) ) ;
#607 = EDGE_CURVE ( 'NONE', #2808, #3143, #4588, .T. ) ;
#608 = AXIS2_PLACEMENT_3D ( 'NONE', #6608, #1248, #8951 ) ;
#609 = CARTESIAN_POINT ( 'NONE',  ( 0.9350000000000000533, 0.000000000000000000, -0.7549999999999996714 ) ) ;
#610 = CARTESIAN_POINT ( 'NONE',  ( 0.02500000000000006384, 0.1199999999999999956, -1.000000000000000222 ) ) ;
#611 = DIRECTION ( 'NONE',  ( -1.000000000000000000, 0.000000000000000000, 0.000000000000000000 ) ) ;
#612 = LINE ( 'NONE', #2083, #6659 ) ;
#613 = EDGE_LOOP ( 'NONE', ( #2742, #6167, #1228, #9783 ) ) ;
#614 = FACE_OUTER_BOUND ( 'NONE', #4115, .T. ) ;
#615 = ORIENTED_EDGE ( 'NONE', *, *, #2072, .F. ) ;
#616 = ORIENTED_EDGE ( 'NONE', *, *, #3186, .T. ) ;
#617 = AXIS2_PLACEMENT_3D ( 'NONE', #4165, #374, #3409 ) ;
#618 = DIRECTION ( 'NONE',  ( 1.000000000000000000, 0.000000000000000000, 0.000000000000000000 ) ) ;
#619 = EDGE_CURVE ( 'NONE', #2941, #9089, #4548, .T. ) ;
#620 = AXIS2_PLACEMENT_3D ( 'NONE', #4507, #3655, #3599 ) ;
#621 = VECTOR ( 'NONE', #9858, 1000.000000000000000 ) ;
#622 = CARTESIAN_POINT ( 'NONE',  ( -0.9349999999999858424, 0.000000000000000000, 0.5950000000000000844 ) ) ;
#623 = CARTESIAN_POINT ( 'NONE',  ( -0.9999999999999997780, 0.06999999999999975686, 0.2000000000000002054 ) ) ;
#624 = ORIENTED_EDGE ( 'NONE', *, *, #8679, .F. ) ;
#625 = LINE ( 'NONE', #8321, #7452 ) ;
#627 = EDGE_LOOP ( 'NONE', ( #4476, #6145 ) ) ;
#626 = CARTESIAN_POINT ( 'NONE',  ( 0.3200000000000004508, 0.000000000000000000, 0.7549999999999997824 ) ) ;
#628 = EDGE_LOOP ( 'NONE', ( #866, #5504, #5970, #9960 ) ) ;
#629 = LINE ( 'NONE', #3671, #2616 ) ;
#630 = ORIENTED_EDGE ( 'NONE', *, *, #9369, .T. ) ;
#631 = FACE_OUTER_BOUND ( 'NONE', #6734, .T. ) ;
#632 = ORIENTED_EDGE ( 'NONE', *, *, #2916, .T. ) ;
#633 = CIRCLE ( 'NONE', #2410, 0.02000000000000005246 ) ;
#634 = VECTOR ( 'NONE', #5005, 1000.000000000000000 ) ;
#635 = ORIENTED_EDGE ( 'NONE', *, *, #3946, .F. ) ;
#636 = DIRECTION ( 'NONE',  ( -0.000000000000000000, 0.000000000000000000, -1.000000000000000000 ) ) ;
#637 = EDGE_CURVE ( 'NONE', #2967, #3791, #7511, .T. ) ;
#638 = DIRECTION ( 'NONE',  ( 0.000000000000000000, 0.000000000000000000, -1.000000000000000000 ) ) ;
#639 = CARTESIAN_POINT ( 'NONE',  ( -0.3750000000000037748, 0.1199999999999999956, 0.2500000000000003331 ) ) ;
#640 = AXIS2_PLACEMENT_3D ( 'NONE', #3074, #7766, #6159 ) ;
#641 = DIRECTION ( 'NONE',  ( 0.000000000000000000, 1.000000000000000000, -0.000000000000000000 ) ) ;
#642 = EDGE_LOOP ( 'NONE', ( #176, #900, #3803, #8003, #8727, #4720, #9236, #2582 ) ) ;
#643 = EDGE_LOOP ( 'NONE', ( #6238, #683, #8635, #1282 ) ) ;
#644 = DIRECTION ( 'NONE',  ( 1.000000000000000000, -0.000000000000000000, -0.000000000000000000 ) ) ;
#645 = DIRECTION ( 'NONE',  ( 0.000000000000000000, 0.000000000000000000, -1.000000000000000000 ) ) ;
#646 = CARTESIAN_POINT ( 'NONE',  ( -0.4800000000000080869, 0.05000000000000012768, -0.7549999999999948974 ) ) ;
#647 = VERTEX_POINT ( 'NONE', #9092 ) ;
#648 = LINE ( 'NONE', #5245, #4785 ) ;
#649 = EDGE_CURVE ( 'NONE', #8802, #507, #1546, .T. ) ;
#650 = EDGE_CURVE ( 'NONE', #9928, #7947, #9701, .T. ) ;
#651 = SURFACE_SIDE_STYLE ('',( #3742 ) ) ;
#652 = CARTESIAN_POINT ( 'NONE',  ( 0.02500000000000006384, 0.1199999999999999956, 0.6500000000000003553 ) ) ;
#653 = DIRECTION ( 'NONE',  ( 1.000000000000000000, 0.000000000000000000, -0.000000000000000000 ) ) ;
#654 = EDGE_LOOP ( 'NONE', ( #9025, #905, #8736, #3038 ) ) ;
#655 = LINE ( 'NONE', #2936, #6684 ) ;
#656 = CARTESIAN_POINT ( 'NONE',  ( -0.4799999999999999267, 0.000000000000000000, -0.9349999999999998312 ) ) ;
#657 = VERTEX_POINT ( 'NONE', #8292 ) ;
#658 = FACE_OUTER_BOUND ( 'NONE', #9798, .T. ) ;
#659 = ORIENTED_EDGE ( 'NONE', *, *, #8587, .T. ) ;
#660 = VERTEX_POINT ( 'NONE', #2925 ) ;
#661 = PRESENTATION_STYLE_ASSIGNMENT (( #1118 ) ) ;
#662 = EDGE_CURVE ( 'NONE', #2277, #7787, #2163, .T. ) ;
#663 = ADVANCED_FACE ( 'NONE', ( #4481 ), #9888, .F. ) ;
#664 = CLOSED_SHELL ( 'NONE', ( #9186, #8307, #2360, #5660, #1576, #3203, #172, #6820, #5680, #5838 ) ) ;
#665 = CARTESIAN_POINT ( 'NONE',  ( -0.5000000000000082157, 0.05000000000000012768, 0.7749999999999984679 ) ) ;
#666 = DIRECTION ( 'NONE',  ( -7.744301232039333445E-16, 0.000000000000000000, -1.000000000000000000 ) ) ;
#667 = CARTESIAN_POINT ( 'NONE',  ( 0.3750000000000037748, 0.1199999999999999956, 0.9999999999999997780 ) ) ;
#668 = CARTESIAN_POINT ( 'NONE',  ( -0.02500000000000006384, 0.06999999999999975686, -1.000000000000000222 ) ) ;
#669 = ORIENTED_EDGE ( 'NONE', *, *, #4048, .T. ) ;
#670 = CARTESIAN_POINT ( 'NONE',  ( 0.7749999999999904743, 0.05000000000000012768, 0.1250000000000001110 ) ) ;
#671 = EDGE_CURVE ( 'NONE', #3065, #7082, #504, .T. ) ;
#672 = VERTEX_POINT ( 'NONE', #6254 ) ;
#673 = CARTESIAN_POINT ( 'NONE',  ( 0.4799999999999999822, 0.05000000000000012768, -0.7549999999999997824 ) ) ;
#674 = CARTESIAN_POINT ( 'NONE',  ( -0.07999999999999993228, 0.05000000000000012768, -0.7549999999999997824 ) ) ;
#675 = VECTOR ( 'NONE', #4428, 1000.000000000000000 ) ;
#676 = DIRECTION ( 'NONE',  ( 1.000000000000000000, 0.000000000000000000, 0.000000000000000000 ) ) ;
#677 = DIRECTION ( 'NONE',  ( 1.000000000000000000, -0.000000000000000000, -0.000000000000000000 ) ) ;
#678 = LINE ( 'NONE', #1207, #4092 ) ;
#680 = ORIENTED_EDGE ( 'NONE', *, *, #4786, .T. ) ;
#679 = DIRECTION ( 'NONE',  ( 0.000000000000000000, 0.000000000000000000, -1.000000000000000000 ) ) ;
#681 = VERTEX_POINT ( 'NONE', #2412 ) ;
#682 = FACE_OUTER_BOUND ( 'NONE', #7293, .T. ) ;
#683 = ORIENTED_EDGE ( 'NONE', *, *, #8410, .F. ) ;
#684 = EDGE_CURVE ( 'NONE', #925, #6704, #4734, .T. ) ;
#685 = AXIS2_PLACEMENT_3D ( 'NONE', #8475, #3824, #6995 ) ;
#686 = VECTOR ( 'NONE', #5992, 1000.000000000000000 ) ;
#687 = VECTOR ( 'NONE', #3550, 1000.000000000000000 ) ;
#688 = DIRECTION ( 'NONE',  ( 1.000000000000000000, 0.000000000000000000, 0.000000000000000000 ) ) ;
#689 = AXIS2_PLACEMENT_3D ( 'NONE', #4832, #4782, #934 ) ;
#690 =( LENGTH_UNIT ( ) NAMED_UNIT ( * ) SI_UNIT ( .MILLI., .METRE. ) );
#691 = VERTEX_POINT ( 'NONE', #1701 ) ;
#692 = ORIENTED_EDGE ( 'NONE', *, *, #5783, .T. ) ;
#693 = CARTESIAN_POINT ( 'NONE',  ( 0.4250000000000039302, 0.06999999999999975686, 0.7000000000000005107 ) ) ;
#694 = DIRECTION ( 'NONE',  ( 1.000000000000000000, 0.000000000000000000, -0.000000000000000000 ) ) ;
#695 = LINE ( 'NONE', #1387, #8440 ) ;
#696 = ORIENTED_EDGE ( 'NONE', *, *, #1073, .F. ) ;
#697 = CARTESIAN_POINT ( 'NONE',  ( 0.02500000000000006384, 0.06999999999999975686, 0.2500000000000004441 ) ) ;
#698 = CARTESIAN_POINT ( 'NONE',  ( -0.3200000000000110534, 0.000000000000000000, -0.9149999999999983702 ) ) ;
#699 = FILL_AREA_STYLE ('',( #3745 ) ) ;
#700 = ORIENTED_EDGE ( 'NONE', *, *, #7794, .F. ) ;
#701 = CARTESIAN_POINT ( 'NONE',  ( -0.07999999999999929390, 0.05000000000000012768, 0.9350000000000000533 ) ) ;
#702 = VECTOR ( 'NONE', #2454, 1000.000000000000000 ) ;
#703 = DIRECTION ( 'NONE',  ( 0.000000000000000000, 1.000000000000000000, 0.000000000000000000 ) ) ;
#704 = VERTEX_POINT ( 'NONE', #8688 ) ;
#705 = EDGE_CURVE ( 'NONE', #4270, #6761, #7110, .T. ) ;
#706 = UNCERTAINTY_MEASURE_WITH_UNIT (LENGTH_MEASURE( 1.000000000000000082E-05 ), #6050, 'distance_accuracy_value', 'NONE');
#707 = ORIENTED_EDGE ( 'NONE', *, *, #7699, .T. ) ;
#708 = ORIENTED_EDGE ( 'NONE', *, *, #6326, .F. ) ;
#709 = ORIENTED_EDGE ( 'NONE', *, *, #8050, .T. ) ;
#710 = LINE ( 'NONE', #5369, #8358 ) ;
#711 = CARTESIAN_POINT ( 'NONE',  ( 0.7749999999999854783, 0.05000000000000012768, 0.7550000000000004485 ) ) ;
#712 = CARTESIAN_POINT ( 'NONE',  ( 0.4250000000000039302, 0.06999999999999975686, -0.7000000000000000666 ) ) ;
#713 = DIRECTION ( 'NONE',  ( 0.000000000000000000, 0.000000000000000000, -1.000000000000000000 ) ) ;
#714 = CARTESIAN_POINT ( 'NONE',  ( 0.3200000000000004508, 0.05000000000000012768, 0.7549999999999997824 ) ) ;
#715 = VERTEX_POINT ( 'NONE', #7818 ) ;
#717 = EDGE_CURVE ( 'NONE', #732, #5254, #7865, .T. ) ;
#716 = DIRECTION ( 'NONE',  ( 1.000000000000000000, 0.000000000000000000, 0.000000000000000000 ) ) ;
#718 = ADVANCED_FACE ( 'NONE', ( #4028 ), #4076, .F. ) ;
#719 = EDGE_LOOP ( 'NONE', ( #3412, #6669, #4522, #8470 ) ) ;
#720 = VECTOR ( 'NONE', #9087, 1000.000000000000000 ) ;
#721 = DIRECTION ( 'NONE',  ( 1.000000000000000000, 0.000000000000000000, -1.885568995626976366E-16 ) ) ;
#722 = CARTESIAN_POINT ( 'NONE',  ( 0.4250000000000039302, 0.1199999999999999956, -1.000000000000000222 ) ) ;
#723 = DIRECTION ( 'NONE',  ( -1.000000000000000000, 0.000000000000000000, 0.000000000000000000 ) ) ;
#724 = DIRECTION ( 'NONE',  ( -0.000000000000000000, 1.000000000000000000, -0.000000000000000000 ) ) ;
#727 = VERTEX_POINT ( 'NONE', #990 ) ;
#726 = CIRCLE ( 'NONE', #1354, 0.02000000000000005246 ) ;
#725 = LINE ( 'NONE', #9872, #6696 ) ;
#728 = ORIENTED_EDGE ( 'NONE', *, *, #7778, .F. ) ;
#729 = CARTESIAN_POINT ( 'NONE',  ( -0.09999999999999939493, 0.000000000000000000, 0.9149999999999999245 ) ) ;
#730 = ORIENTED_EDGE ( 'NONE', *, *, #6304, .F. ) ;
#731 = VERTEX_POINT ( 'NONE', #3322 ) ;
#732 = VERTEX_POINT ( 'NONE', #1752 ) ;
#733 = VECTOR ( 'NONE', #1711, 1000.000000000000000 ) ;
#734 = EDGE_CURVE ( 'NONE', #8586, #7385, #5593, .T. ) ;
#735 = CARTESIAN_POINT ( 'NONE',  ( 0.9149999999999853806, 0.000000000000000000, 0.7750000000000004663 ) ) ;
#736 =( NAMED_UNIT ( * ) SI_UNIT ( $, .STERADIAN. ) SOLID_ANGLE_UNIT ( ) );
#737 = ORIENTED_EDGE ( 'NONE', *, *, #8828, .F. ) ;
#738 = EDGE_LOOP ( 'NONE', ( #9213, #3725, #4285, #4223 ) ) ;
#739 = LINE ( 'NONE', #4685, #6139 ) ;
#740 = PLANE ( 'NONE',  #1972 ) ;
#741 = DIRECTION ( 'NONE',  ( 0.000000000000000000, 0.000000000000000000, 1.000000000000000000 ) ) ;
#742 = VERTEX_POINT ( 'NONE', #93 ) ;
#743 = LINE ( 'NONE', #6912, #4298 ) ;
#744 = EDGE_CURVE ( 'NONE', #7064, #1931, #8281, .T. ) ;
#745 = PRESENTATION_LAYER_ASSIGNMENT (  '', '', ( #9618 ) ) ;
#746 = ADVANCED_FACE ( 'NONE', ( #935 ), #7009, .F. ) ;
#747 = CARTESIAN_POINT ( 'NONE',  ( -0.9999999999999997780, 0.1199999999999999956, 0.6500000000000003553 ) ) ;
#748 = DIRECTION ( 'NONE',  ( 0.000000000000000000, 0.000000000000000000, 1.000000000000000000 ) ) ;
#749 = ORIENTED_EDGE ( 'NONE', *, *, #9979, .F. ) ;
#750 = LINE ( 'NONE', #2318, #5089 ) ;
#751 = CARTESIAN_POINT ( 'NONE',  ( 1.000000000000000222, 0.1199999999999999956, -0.7000000000000000666 ) ) ;
#752 = ORIENTED_EDGE ( 'NONE', *, *, #272, .F. ) ;
#753 = EDGE_LOOP ( 'NONE', ( #1764, #8102, #7078, #8010 ) ) ;
#754 = CIRCLE ( 'NONE', #9160, 0.01999999999999994491 ) ;
#755 = ORIENTED_EDGE ( 'NONE', *, *, #4317, .T. ) ;
#756 = EDGE_CURVE ( 'NONE', #7031, #1607, #7946, .T. ) ;
#757 = FACE_OUTER_BOUND ( 'NONE', #7830, .T. ) ;
#759 = VECTOR ( 'NONE', #7206, 1000.000000000000000 ) ;
#758 = CARTESIAN_POINT ( 'NONE',  ( 0.9150000000000000355, 0.05000000000000012768, -0.7549999999999997824 ) ) ;
#760 = CARTESIAN_POINT ( 'NONE',  ( -0.7749999999999859224, 0.000000000000000000, 0.7550000000000000044 ) ) ;
#761 = DIRECTION ( 'NONE',  ( 0.000000000000000000, 0.000000000000000000, -1.000000000000000000 ) ) ;
#762 = PLANE ( 'NONE',  #4727 ) ;
#763 = ORIENTED_EDGE ( 'NONE', *, *, #2614, .F. ) ;
#764 = FACE_OUTER_BOUND ( 'NONE', #1178, .T. ) ;
#765 = ORIENTED_EDGE ( 'NONE', *, *, #649, .T. ) ;
#766 = ORIENTED_EDGE ( 'NONE', *, *, #2199, .T. ) ;
#767 = AXIS2_PLACEMENT_3D ( 'NONE', #2583, #4909, #311 ) ;
#768 = FACE_OUTER_BOUND ( 'NONE', #7973, .T. ) ;
#769 = EDGE_CURVE ( 'NONE', #9928, #5227, #7057, .T. ) ;
#770 = ADVANCED_FACE ( 'NONE', ( #5646 ), #6302, .F. ) ;
#771 = EDGE_CURVE ( 'NONE', #3150, #5616, #7768, .T. ) ;
#772 = CARTESIAN_POINT ( 'NONE',  ( -0.4250000000000039302, 0.1199999999999999956, -1.000000000000000222 ) ) ;
#773 = DIRECTION ( 'NONE',  ( 1.000000000000000000, 0.000000000000000000, 0.000000000000000000 ) ) ;
#774 = PRESENTATION_LAYER_ASSIGNMENT (  '', '', ( #9490 ) ) ;
#775 = CIRCLE ( 'NONE', #3687, 0.02000000000000005246 ) ;
#776 = DIRECTION ( 'NONE',  ( 0.000000000000000000, 1.000000000000000000, -0.000000000000000000 ) ) ;
#778 = EDGE_LOOP ( 'NONE', ( #1362, #5378, #3734, #6266 ) ) ;
#777 = DIRECTION ( 'NONE',  ( -0.000000000000000000, 1.000000000000000000, -0.000000000000000000 ) ) ;
#779 = CARTESIAN_POINT ( 'NONE',  ( 0.4250000000000039302, 0.06999999999999975686, -0.7000000000000000666 ) ) ;
#780 = VERTEX_POINT ( 'NONE', #4783 ) ;
#781 = ORIENTED_EDGE ( 'NONE', *, *, #8061, .T. ) ;
#782 = ORIENTED_EDGE ( 'NONE', *, *, #4786, .F. ) ;
#783 = STYLED_ITEM ( 'NONE', ( #6687 ), #8334 ) ;
#784 = AXIS2_PLACEMENT_3D ( 'NONE', #7390, #2035, #4461 ) ;
#785 = EDGE_CURVE ( 'NONE', #1511, #9974, #3270, .T. ) ;
#786 = DIRECTION ( 'NONE',  ( 0.000000000000000000, 1.000000000000000000, 0.000000000000000000 ) ) ;
#787 = CARTESIAN_POINT ( 'NONE',  ( -0.9999999999999997780, 0.1199999999999999956, 0.2500000000000003331 ) ) ;
#788 = LINE ( 'NONE', #7556, #7661 ) ;
#789 = ORIENTED_EDGE ( 'NONE', *, *, #8587, .F. ) ;
#790 = ORIENTED_EDGE ( 'NONE', *, *, #543, .T. ) ;
#791 = LINE ( 'NONE', #9245, #6590 ) ;
#792 = VECTOR ( 'NONE', #2880, 1000.000000000000000 ) ;
#793 = CARTESIAN_POINT ( 'NONE',  ( -0.4800000000000080869, 0.000000000000000000, -0.7549999999999948974 ) ) ;
#794 = DIRECTION ( 'NONE',  ( 0.000000000000000000, 0.000000000000000000, 1.000000000000000000 ) ) ;
#795 = AXIS2_PLACEMENT_3D ( 'NONE', #1464, #5370, #3952 ) ;
#796 = ADVANCED_FACE ( 'NONE', ( #840 ), #9532, .F. ) ;
#797 = DIRECTION ( 'NONE',  ( 0.000000000000000000, 0.000000000000000000, -1.000000000000000000 ) ) ;
#798 = VECTOR ( 'NONE', #1953, 1000.000000000000000 ) ;
#799 = AXIS2_PLACEMENT_3D ( 'NONE', #4691, #3893, #8397 ) ;
#800 = CARTESIAN_POINT ( 'NONE',  ( -0.02500000000000006384, 0.1199999999999999956, 0.9999999999999997780 ) ) ;
#801 = ORIENTED_EDGE ( 'NONE', *, *, #6560, .T. ) ;
#802 = LINE ( 'NONE', #3798, #9294 ) ;
#803 = CARTESIAN_POINT ( 'NONE',  ( -0.02500000000000006384, 0.1199999999999999956, -1.000000000000000222 ) ) ;
#804 = VERTEX_POINT ( 'NONE', #4833 ) ;
#806 = VERTEX_POINT ( 'NONE', #8740 ) ;
#805 = VECTOR ( 'NONE', #9768, 1000.000000000000000 ) ;
#807 = EDGE_CURVE ( 'NONE', #1078, #2761, #1806, .T. ) ;
#808 = VERTEX_POINT ( 'NONE', #284 ) ;
#809 = LINE ( 'NONE', #4703, #108 ) ;
#810 = LINE ( 'NONE', #3901, #1886 ) ;
#811 = VECTOR ( 'NONE', #7656, 1000.000000000000000 ) ;
#812 = CARTESIAN_POINT ( 'NONE',  ( -0.5000000000000082157, 0.05000000000000012768, 0.9149999999999983702 ) ) ;
#813 = ORIENTED_EDGE ( 'NONE', *, *, #4211, .F. ) ;
#814 = FACE_OUTER_BOUND ( 'NONE', #604, .T. ) ;
#815 = PLANE ( 'NONE',  #4175 ) ;
#816 = CARTESIAN_POINT ( 'NONE',  ( 0.4250000000000039302, 0.06999999999999975686, 0.2000000000000003164 ) ) ;
#817 = ORIENTED_EDGE ( 'NONE', *, *, #7749, .F. ) ;
#818 = PLANE ( 'NONE',  #3250 ) ;
#819 = ORIENTED_EDGE ( 'NONE', *, *, #4039, .T. ) ;
#820 = EDGE_CURVE ( 'NONE', #704, #3234, #381, .T. ) ;
#821 = LINE ( 'NONE', #9228, #6902 ) ;
#822 = DIRECTION ( 'NONE',  ( -0.000000000000000000, -1.000000000000000000, -0.000000000000000000 ) ) ;
#823 = LINE ( 'NONE', #6609, #4598 ) ;
#824 = DIRECTION ( 'NONE',  ( -0.000000000000000000, 1.000000000000000000, -0.000000000000000000 ) ) ;
#826 = ORIENTED_EDGE ( 'NONE', *, *, #1450, .F. ) ;
#825 = DIRECTION ( 'NONE',  ( 0.000000000000000000, 0.000000000000000000, -1.000000000000000000 ) ) ;
#827 = CARTESIAN_POINT ( 'NONE',  ( 0.7750000000000002442, 0.05000000000000012768, -0.7749999999999999112 ) ) ;
#828 = ORIENTED_EDGE ( 'NONE', *, *, #6618, .F. ) ;
#829 = EDGE_CURVE ( 'NONE', #118, #7265, #9626, .T. ) ;
#830 = ORIENTED_EDGE ( 'NONE', *, *, #9185, .F. ) ;
#831 = AXIS2_PLACEMENT_3D ( 'NONE', #9731, #8001, #8986 ) ;
#832 = DIRECTION ( 'NONE',  ( 0.000000000000000000, 0.000000000000000000, -1.000000000000000000 ) ) ;
#833 = DIRECTION ( 'NONE',  ( 0.000000000000000000, -0.000000000000000000, -1.000000000000000000 ) ) ;
#834 = FILL_AREA_STYLE ('',( #1383 ) ) ;
#835 = ORIENTED_EDGE ( 'NONE', *, *, #8154, .T. ) ;
#836 = ORIENTED_EDGE ( 'NONE', *, *, #5356, .F. ) ;
#838 = VECTOR ( 'NONE', #7668, 1000.000000000000000 ) ;
#837 = LINE ( 'NONE', #2206, #2901 ) ;
#839 = LINE ( 'NONE', #7718, #4228 ) ;
#840 = FACE_OUTER_BOUND ( 'NONE', #6957, .T. ) ;
#841 = ADVANCED_FACE ( 'NONE', ( #8025 ), #7251, .T. ) ;
#842 = EDGE_CURVE ( 'NONE', #2544, #3640, #46, .T. ) ;
#843 = EDGE_CURVE ( 'NONE', #8140, #6640, #475, .T. ) ;
#844 = AXIS2_PLACEMENT_3D ( 'NONE', #7392, #9712, #2795 ) ;
#845 = VECTOR ( 'NONE', #4331, 1000.000000000000000 ) ;
#846 = FACE_OUTER_BOUND ( 'NONE', #6135, .T. ) ;
#847 = DIRECTION ( 'NONE',  ( 0.000000000000000000, -0.000000000000000000, 1.000000000000000000 ) ) ;
#848 = ORIENTED_EDGE ( 'NONE', *, *, #9918, .F. ) ;
#849 = CARTESIAN_POINT ( 'NONE',  ( 0.3750000000000037748, 0.06999999999999975686, 0.7000000000000005107 ) ) ;
#850 = DIRECTION ( 'NONE',  ( 0.000000000000000000, 0.000000000000000000, 1.000000000000000000 ) ) ;
#851 = ORIENTED_EDGE ( 'NONE', *, *, #5818, .F. ) ;
#852 = AXIS2_PLACEMENT_3D ( 'NONE', #8361, #1413, #6134 ) ;
#853 = AXIS2_PLACEMENT_3D ( 'NONE', #7360, #9499, #5096 ) ;
#854 = EDGE_LOOP ( 'NONE', ( #9659, #1191, #4404, #6018 ) ) ;
#855 = ORIENTED_EDGE ( 'NONE', *, *, #705, .T. ) ;
#856 = ADVANCED_FACE ( 'NONE', ( #3415 ), #6488, .F. ) ;
#857 = CIRCLE ( 'NONE', #5372, 0.02000000000000005246 ) ;
#858 = FACE_OUTER_BOUND ( 'NONE', #3394, .T. ) ;
#859 = ORIENTED_EDGE ( 'NONE', *, *, #6570, .T. ) ;
#860 = CARTESIAN_POINT ( 'NONE',  ( -0.3200000000000110534, 0.05000000000000012768, -0.9149999999999983702 ) ) ;
#861 = LINE ( 'NONE', #160, #8713 ) ;
#862 = DIRECTION ( 'NONE',  ( 0.000000000000000000, -0.000000000000000000, 1.000000000000000000 ) ) ;
#863 = ORIENTED_EDGE ( 'NONE', *, *, #2629, .T. ) ;
#864 = CARTESIAN_POINT ( 'NONE',  ( 0.9349999999999903944, 0.05000000000000012768, 0.1450000000000001565 ) ) ;
#865 = ORIENTED_EDGE ( 'NONE', *, *, #5295, .F. ) ;
#866 = ORIENTED_EDGE ( 'NONE', *, *, #5192, .T. ) ;
#867 = FACE_OUTER_BOUND ( 'NONE', #6040, .T. ) ;
#868 = EDGE_CURVE ( 'NONE', #7457, #4412, #6479, .T. ) ;
#869 = DIRECTION ( 'NONE',  ( 0.000000000000000000, 0.000000000000000000, -1.000000000000000000 ) ) ;
#870 = ADVANCED_FACE ( 'NONE', ( #8920 ), #4975, .F. ) ;
#871 = DIRECTION ( 'NONE',  ( 0.000000000000000000, 0.000000000000000000, -1.000000000000000000 ) ) ;
#872 = PLANE ( 'NONE',  #7131 ) ;
#873 = ORIENTED_EDGE ( 'NONE', *, *, #9305, .F. ) ;
#874 = CARTESIAN_POINT ( 'NONE',  ( -0.9999999999999997780, 0.1199999999999999956, 0.6500000000000003553 ) ) ;
#875 = ORIENTED_EDGE ( 'NONE', *, *, #4490, .F. ) ;
#876 = ORIENTED_EDGE ( 'NONE', *, *, #7329, .F. ) ;
#877 = AXIS2_PLACEMENT_3D ( 'NONE', #5384, #3610, #3057 ) ;
#878 = ORIENTED_EDGE ( 'NONE', *, *, #7499, .F. ) ;
#879 = DIRECTION ( 'NONE',  ( 1.000000000000000000, 0.000000000000000000, 0.000000000000000000 ) ) ;
#881 = VECTOR ( 'NONE', #1787, 1000.000000000000000 ) ;
#880 = CARTESIAN_POINT ( 'NONE',  ( -0.3750000000000037748, 0.1199999999999999956, 0.9999999999999997780 ) ) ;
#882 = ADVANCED_FACE ( 'NONE', ( #2801 ), #9579, .F. ) ;
#883 = CARTESIAN_POINT ( 'NONE',  ( 0.02500000000000006384, 0.1199999999999999956, -0.2500000000000000000 ) ) ;
#884 = EDGE_LOOP ( 'NONE', ( #259, #9439, #2636, #4534 ) ) ;
#885 = DIRECTION ( 'NONE',  ( 0.000000000000000000, 1.000000000000000000, -0.000000000000000000 ) ) ;
#886 = FACE_OUTER_BOUND ( 'NONE', #7624, .T. ) ;
#887 = CARTESIAN_POINT ( 'NONE',  ( 0.3750000000000037748, 0.06999999999999975686, 0.9999999999999997780 ) ) ;
#888 = VECTOR ( 'NONE', #2328, 1000.000000000000000 ) ;
#889 = DIRECTION ( 'NONE',  ( 0.000000000000000000, 1.000000000000000000, -0.000000000000000000 ) ) ;
#890 = EDGE_CURVE ( 'NONE', #6124, #4624, #9719, .T. ) ;
#891 = CARTESIAN_POINT ( 'NONE',  ( -0.9999999999999997780, 0.1199999999999999956, 0.2000000000000002054 ) ) ;
#892 = EDGE_CURVE ( 'NONE', #704, #2040, #8074, .T. ) ;
#893 = DIRECTION ( 'NONE',  ( 0.000000000000000000, 1.000000000000000000, 0.000000000000000000 ) ) ;
#894 = LINE ( 'NONE', #3984, #3067 ) ;
#895 = CIRCLE ( 'NONE', #7843, 0.02000000000000005246 ) ;
#896 = SURFACE_SIDE_STYLE ('',( #4740 ) ) ;
#897 = ORIENTED_EDGE ( 'NONE', *, *, #348, .T. ) ;
#898 = CARTESIAN_POINT ( 'NONE',  ( -0.9999999999999997780, 0.1199999999999999956, -0.7000000000000000666 ) ) ;
#899 = CARTESIAN_POINT ( 'NONE',  ( -0.9999999999999997780, 0.06999999999999975686, 0.6500000000000003553 ) ) ;
#900 = ORIENTED_EDGE ( 'NONE', *, *, #3618, .F. ) ;
#901 = ORIENTED_EDGE ( 'NONE', *, *, #5509, .F. ) ;
#902 = VECTOR ( 'NONE', #9629, 1000.000000000000000 ) ;
#903 = EDGE_CURVE ( 'NONE', #657, #7406, #2648, .T. ) ;
#904 = CARTESIAN_POINT ( 'NONE',  ( 1.000000000000000222, 0.06999999999999975686, -0.1999999999999998723 ) ) ;
#905 = ORIENTED_EDGE ( 'NONE', *, *, #511, .T. ) ;
#906 = CARTESIAN_POINT ( 'NONE',  ( -0.9999999999999997780, 0.1199999999999999956, -0.7000000000000000666 ) ) ;
#907 = LINE ( 'NONE', #3905, #4328 ) ;
#908 = DIRECTION ( 'NONE',  ( 1.000000000000000000, 0.000000000000000000, 0.000000000000000000 ) ) ;
#910 = ORIENTED_EDGE ( 'NONE', *, *, #527, .F. ) ;
#909 =( GEOMETRIC_REPRESENTATION_CONTEXT ( 3 ) GLOBAL_UNCERTAINTY_ASSIGNED_CONTEXT ( ( #3139 ) ) GLOBAL_UNIT_ASSIGNED_CONTEXT ( ( #8926, #9725, #2607 ) ) REPRESENTATION_CONTEXT ( 'NONE', 'WORKASPACE' ) );
#911 = CARTESIAN_POINT ( 'NONE',  ( 0.08000000000000048739, 0.000000000000000000, 0.9150000000000000355 ) ) ;
#912 = EDGE_LOOP ( 'NONE', ( #6501, #781, #352, #5872 ) ) ;
#913 = ORIENTED_EDGE ( 'NONE', *, *, #6406, .T. ) ;
#914 = EDGE_CURVE ( 'NONE', #5218, #4319, #6908, .T. ) ;
#915 = AXIS2_PLACEMENT_3D ( 'NONE', #6645, #9738, #1395 ) ;
#916 = FACE_OUTER_BOUND ( 'NONE', #9854, .T. ) ;
#917 = DIRECTION ( 'NONE',  ( 0.000000000000000000, 0.000000000000000000, -1.000000000000000000 ) ) ;
#918 = DIRECTION ( 'NONE',  ( -1.000000000000000000, 0.000000000000000000, 0.000000000000000000 ) ) ;
#919 = ORIENTED_EDGE ( 'NONE', *, *, #5064, .F. ) ;
#920 = ORIENTED_EDGE ( 'NONE', *, *, #7193, .F. ) ;
#921 = ORIENTED_EDGE ( 'NONE', *, *, #9148, .F. ) ;
#922 = EDGE_LOOP ( 'NONE', ( #6068, #7214, #9852, #2956 ) ) ;
#923 = AXIS2_PLACEMENT_3D ( 'NONE', #3757, #6826, #1512 ) ;
#924 = ORIENTED_EDGE ( 'NONE', *, *, #5079, .T. ) ;
#925 = VERTEX_POINT ( 'NONE', #5446 ) ;
#926 = EDGE_CURVE ( 'NONE', #1535, #5101, #2356, .T. ) ;
#927 = CARTESIAN_POINT ( 'NONE',  ( -0.4250000000000039302, 0.1199999999999999956, -1.000000000000000222 ) ) ;
#928 = CIRCLE ( 'NONE', #2698, 0.02000000000000005246 ) ;
#929 = LINE ( 'NONE', #8541, #9653 ) ;
#930 = DIRECTION ( 'NONE',  ( 0.000000000000000000, 0.000000000000000000, -1.000000000000000000 ) ) ;
#931 = FACE_OUTER_BOUND ( 'NONE', #7546, .T. ) ;
#932 = VERTEX_POINT ( 'NONE', #5496 ) ;
#933 = FACE_OUTER_BOUND ( 'NONE', #103, .T. ) ;
#934 = DIRECTION ( 'NONE',  ( 0.000000000000000000, -0.000000000000000000, 1.000000000000000000 ) ) ;
#935 = FACE_OUTER_BOUND ( 'NONE', #1839, .T. ) ;
#936 = VECTOR ( 'NONE', #8632, 1000.000000000000000 ) ;
#937 = VECTOR ( 'NONE', #6330, 1000.000000000000000 ) ;
#938 = EDGE_CURVE ( 'NONE', #4186, #5438, #8687, .T. ) ;
#939 = CARTESIAN_POINT ( 'NONE',  ( -0.9999999999999997780, 0.1199999999999999956, -0.2500000000000000000 ) ) ;
#940 = FACE_OUTER_BOUND ( 'NONE', #9611, .T. ) ;
#941 = DIRECTION ( 'NONE',  ( -0.000000000000000000, -0.000000000000000000, 1.000000000000000000 ) ) ;
#943 = VECTOR ( 'NONE', #3994, 1000.000000000000000 ) ;
#942 = CARTESIAN_POINT ( 'NONE',  ( 0.02500000000000006384, 0.06999999999999975686, 0.2500000000000004441 ) ) ;
#944 = PLANE ( 'NONE',  #9415 ) ;
#945 = VERTEX_POINT ( 'NONE', #9247 ) ;
#946 = DIRECTION ( 'NONE',  ( -0.000000000000000000, 1.000000000000000000, -0.000000000000000000 ) ) ;
#947 = CARTESIAN_POINT ( 'NONE',  ( -0.9999999999999997780, 0.06999999999999985401, -0.1999999999999998723 ) ) ;
#948 = ORIENTED_EDGE ( 'NONE', *, *, #6754, .T. ) ;
#949 = EDGE_LOOP ( 'NONE', ( #4948, #8987, #8, #5190, #2999, #8796, #4465, #9169 ) ) ;
#950 = ORIENTED_EDGE ( 'NONE', *, *, #2155, .F. ) ;
#951 = EDGE_CURVE ( 'NONE', #7894, #4491, #5545, .T. ) ;
#952 = EDGE_CURVE ( 'NONE', #7787, #3543, #47, .T. ) ;
#953 = EDGE_CURVE ( 'NONE', #5740, #5486, #3124, .T. ) ;
#954 = CYLINDRICAL_SURFACE ( 'NONE', #7856, 0.01999999999999999695 ) ;
#955 = VECTOR ( 'NONE', #3637, 1000.000000000000000 ) ;
#956 = CARTESIAN_POINT ( 'NONE',  ( -0.9999999999999997780, 0.1199999999999999956, 0.2000000000000002054 ) ) ;
#957 = CARTESIAN_POINT ( 'NONE',  ( 0.02500000000000006384, 0.1199999999999999956, 0.9999999999999997780 ) ) ;
#958 = CARTESIAN_POINT ( 'NONE',  ( -0.9150000000000000355, 0.000000000000000000, -0.5950000000000000844 ) ) ;
#960 = FACE_OUTER_BOUND ( 'NONE', #1123, .T. ) ;
#959 = VECTOR ( 'NONE', #571, 1000.000000000000000 ) ;
#961 = CARTESIAN_POINT ( 'NONE',  ( 0.7549999999999950084, 0.05000000000000012768, -0.1449999999999998512 ) ) ;
#962 = ORIENTED_EDGE ( 'NONE', *, *, #6529, .F. ) ;
#963 = CARTESIAN_POINT ( 'NONE',  ( 0.02500000000000006384, 0.06999999999999975686, 0.6500000000000003553 ) ) ;
#964 = ORIENTED_EDGE ( 'NONE', *, *, #8219, .F. ) ;
#965 = ORIENTED_EDGE ( 'NONE', *, *, #7415, .T. ) ;
#966 = ADVANCED_FACE ( 'NONE', ( #8546 ), #4686, .F. ) ;
#967 = EDGE_CURVE ( 'NONE', #3481, #9162, #839, .T. ) ;
#968 = DIRECTION ( 'NONE',  ( -1.000000000000000000, 0.000000000000000000, 0.000000000000000000 ) ) ;
#969 = CARTESIAN_POINT ( 'NONE',  ( 0.4800000000000004263, 0.05000000000000012768, 0.9349999999999998312 ) ) ;
#970 = CARTESIAN_POINT ( 'NONE',  ( 0.9149999999999903766, 0.05000000000000012768, 0.3250000000000003997 ) ) ;
#971 = EDGE_CURVE ( 'NONE', #9156, #4871, #1651, .T. ) ;
#972 = LINE ( 'NONE', #1838, #2794 ) ;
#973 = ORIENTED_EDGE ( 'NONE', *, *, #8521, .T. ) ;
#974 = PLANE ( 'NONE',  #7598 ) ;
#975 =( LENGTH_UNIT ( ) NAMED_UNIT ( * ) SI_UNIT ( .MILLI., .METRE. ) );
#976 = VERTEX_POINT ( 'NONE', #6301 ) ;
#977 = ORIENTED_EDGE ( 'NONE', *, *, #6836, .F. ) ;
#978 = ORIENTED_EDGE ( 'NONE', *, *, #7212, .T. ) ;
#979 = ORIENTED_EDGE ( 'NONE', *, *, #478, .T. ) ;
#980 = DIRECTION ( 'NONE',  ( 0.000000000000000000, 0.000000000000000000, -1.000000000000000000 ) ) ;
#981 = VECTOR ( 'NONE', #1200, 1000.000000000000000 ) ;
#982 = PLANE ( 'NONE',  #143 ) ;
#983 = EDGE_CURVE ( 'NONE', #8109, #4296, #7008, .T. ) ;
#984 = CARTESIAN_POINT ( 'NONE',  ( -0.02500000000000006384, 0.06999999999999986788, -1.000000000000000222 ) ) ;
#985 = ADVANCED_FACE ( 'NONE', ( #886 ), #8494, .T. ) ;
#986 = CARTESIAN_POINT ( 'NONE',  ( -0.9999999999999997780, 0.1199999999999999956, 0.2000000000000002054 ) ) ;
#987 = VERTEX_POINT ( 'NONE', #3979 ) ;
#988 = FACE_OUTER_BOUND ( 'NONE', #1014, .T. ) ;
#989 = LINE ( 'NONE', #7156, #4392 ) ;
#990 = CARTESIAN_POINT ( 'NONE',  ( -0.3750000000000037748, 0.1199999999999999956, 0.9999999999999997780 ) ) ;
#991 = ORIENTED_EDGE ( 'NONE', *, *, #2396, .F. ) ;
#992 = CARTESIAN_POINT ( 'NONE',  ( 1.000000000000000222, 0.1199999999999999956, 0.2500000000000003331 ) ) ;
#993 = AXIS2_PLACEMENT_3D ( 'NONE', #8391, #3790, #1652 ) ;
#994 = CARTESIAN_POINT ( 'NONE',  ( -0.9999999999999997780, 0.05000000000000012768, -1.000000000000000222 ) ) ;
#995 = LINE ( 'NONE', #9778, #6651 ) ;
#996 = ORIENTED_EDGE ( 'NONE', *, *, #2710, .T. ) ;
#997 = CARTESIAN_POINT ( 'NONE',  ( -0.3750000000000037748, 0.1199999999999999956, 0.7000000000000005107 ) ) ;
#998 = CARTESIAN_POINT ( 'NONE',  ( 0.5000000000000006661, 0.05000000000000012768, 0.7749999999999998002 ) ) ;
#999 = ORIENTED_EDGE ( 'NONE', *, *, #1113, .F. ) ;
#1000 = VERTEX_POINT ( 'NONE', #7056 ) ;
#1001 = ORIENTED_EDGE ( 'NONE', *, *, #607, .T. ) ;
#1002 = AXIS2_PLACEMENT_3D ( 'NONE', #519, #6675, #6037 ) ;
#1003 = VECTOR ( 'NONE', #6948, 1000.000000000000000 ) ;
#1004 = DIRECTION ( 'NONE',  ( 0.000000000000000000, 1.000000000000000000, 0.000000000000000000 ) ) ;
#1005 = EDGE_CURVE ( 'NONE', #2032, #9973, #138, .T. ) ;
#1006 = ORIENTED_EDGE ( 'NONE', *, *, #6689, .F. ) ;
#1008 = VECTOR ( 'NONE', #1358, 1000.000000000000000 ) ;
#1007 = LINE ( 'NONE', #8845, #1531 ) ;
#1009 = VECTOR ( 'NONE', #1776, 1000.000000000000000 ) ;
#1010 = LINE ( 'NONE', #8709, #9196 ) ;
#1011 = DIRECTION ( 'NONE',  ( 0.000000000000000000, 0.000000000000000000, -1.000000000000000000 ) ) ;
#1012 = ORIENTED_EDGE ( 'NONE', *, *, #8606, .T. ) ;
#1013 = LINE ( 'NONE', #3396, #1809 ) ;
#1014 = EDGE_LOOP ( 'NONE', ( #5518, #9519, #6952, #4482 ) ) ;
#1015 = ORIENTED_EDGE ( 'NONE', *, *, #9521, .F. ) ;
#1016 = LINE ( 'NONE', #4103, #4626 ) ;
#1017 = LINE ( 'NONE', #6422, #9344 ) ;
#1018 = EDGE_CURVE ( 'NONE', #8062, #2540, #3223, .T. ) ;
#1019 = EDGE_CURVE ( 'NONE', #7328, #5997, #8637, .T. ) ;
#1020 = LINE ( 'NONE', #9608, #6057 ) ;
#1021 = EDGE_CURVE ( 'NONE', #3749, #6839, #7918, .T. ) ;
#1022 = DIRECTION ( 'NONE',  ( -0.000000000000000000, -0.000000000000000000, 1.000000000000000000 ) ) ;
#1023 = ORIENTED_EDGE ( 'NONE', *, *, #6546, .T. ) ;
#1024 = CARTESIAN_POINT ( 'NONE',  ( -0.4250000000000039302, 0.1199999999999999956, 0.6500000000000003553 ) ) ;
#1025 = VECTOR ( 'NONE', #918, 1000.000000000000000 ) ;
#1026 = DIRECTION ( 'NONE',  ( -0.000000000000000000, 0.000000000000000000, 1.000000000000000000 ) ) ;
#1027 = ORIENTED_EDGE ( 'NONE', *, *, #4345, .T. ) ;
#1028 = ORIENTED_EDGE ( 'NONE', *, *, #951, .F. ) ;
#1029 = EDGE_LOOP ( 'NONE', ( #2500, #1047, #7394, #4710 ) ) ;
#1030 = PRESENTATION_STYLE_ASSIGNMENT (( #7047 ) ) ;
#1031 = FACE_OUTER_BOUND ( 'NONE', #3219, .T. ) ;
#1032 = CARTESIAN_POINT ( 'NONE',  ( 0.3750000000000037748, 0.06999999999999975686, 0.2500000000000004441 ) ) ;
#1033 = EDGE_CURVE ( 'NONE', #8508, #6552, #989, .T. ) ;
#1034 = DIRECTION ( 'NONE',  ( -0.000000000000000000, 0.000000000000000000, -1.000000000000000000 ) ) ;
#1035 = DIRECTION ( 'NONE',  ( 0.000000000000000000, 0.000000000000000000, -1.000000000000000000 ) ) ;
#1037 = ORIENTED_EDGE ( 'NONE', *, *, #9720, .F. ) ;
#1036 = AXIS2_PLACEMENT_3D ( 'NONE', #5881, #2691, #5016 ) ;
#1038 = VERTEX_POINT ( 'NONE', #8739 ) ;
#1039 = DIRECTION ( 'NONE',  ( -1.000000000000000000, 0.000000000000000000, -0.000000000000000000 ) ) ;
#1040 = CARTESIAN_POINT ( 'NONE',  ( -0.07999999999999958533, 0.05000000000000012768, 0.7550000000000000044 ) ) ;
#1041 = DIRECTION ( 'NONE',  ( 0.000000000000000000, 0.000000000000000000, -1.000000000000000000 ) ) ;
#1042 = ORIENTED_EDGE ( 'NONE', *, *, #7312, .F. ) ;
#1043 = ADVANCED_FACE ( 'NONE', ( #9625 ), #8873, .F. ) ;
#1044 = VECTOR ( 'NONE', #666, 1000.000000000000000 ) ;
#1045 = CARTESIAN_POINT ( 'NONE',  ( 0.08000000000000061229, 0.000000000000000000, 0.7750000000000001332 ) ) ;
#1046 = CARTESIAN_POINT ( 'NONE',  ( 0.4250000000000039302, 0.06999999999999975686, -0.1999999999999998723 ) ) ;
#1047 = ORIENTED_EDGE ( 'NONE', *, *, #4230, .F. ) ;
#1048 = DIRECTION ( 'NONE',  ( 0.000000000000000000, 0.000000000000000000, 1.000000000000000000 ) ) ;
#1049 = ORIENTED_EDGE ( 'NONE', *, *, #3039, .T. ) ;
#1050 = AXIS2_PLACEMENT_3D ( 'NONE', #860, #3955, #7028 ) ;
#1051 = EDGE_CURVE ( 'NONE', #3751, #7669, #331, .T. ) ;
#1052 = AXIS2_PLACEMENT_3D ( 'NONE', #2147, #9129, #679 ) ;
#1053 = DIRECTION ( 'NONE',  ( 0.000000000000000000, 0.000000000000000000, -1.000000000000000000 ) ) ;
#1054 = CYLINDRICAL_SURFACE ( 'NONE', #8065, 0.01999999999999999695 ) ;
#1055 = LINE ( 'NONE', #1918, #370 ) ;
#1056 = FACE_OUTER_BOUND ( 'NONE', #2183, .T. ) ;
#1057 = DIRECTION ( 'NONE',  ( 1.161645184805899918E-15, 0.000000000000000000, 1.000000000000000000 ) ) ;
#1058 = DIRECTION ( 'NONE',  ( 0.000000000000000000, 1.000000000000000000, 0.000000000000000000 ) ) ;
#1059 = ORIENTED_EDGE ( 'NONE', *, *, #9697, .F. ) ;
#1060 = DIRECTION ( 'NONE',  ( 0.000000000000000000, 0.000000000000000000, 1.000000000000000000 ) ) ;
#1061 = ADVANCED_FACE ( 'NONE', ( #4216 ), #6444, .F. ) ;
#1062 = DIRECTION ( 'NONE',  ( -0.000000000000000000, 1.000000000000000000, -0.000000000000000000 ) ) ;
#1063 = CARTESIAN_POINT ( 'NONE',  ( -0.4250000000000039302, 0.06999999999999975686, 0.6500000000000003553 ) ) ;
#1064 = CARTESIAN_POINT ( 'NONE',  ( -0.4250000000000039302, 0.06999999999999975686, 0.9999999999999997780 ) ) ;
#1065 = FACE_OUTER_BOUND ( 'NONE', #7885, .T. ) ;
#1066 = ORIENTED_EDGE ( 'NONE', *, *, #8522, .F. ) ;
#1067 = CARTESIAN_POINT ( 'NONE',  ( 0.02500000000000006384, 0.1199999999999999956, -1.000000000000000222 ) ) ;
#1068 = EDGE_LOOP ( 'NONE', ( #2851, #4533, #5198, #3787 ) ) ;
#1069 = ORIENTED_EDGE ( 'NONE', *, *, #141, .T. ) ;
#1070 = VERTEX_POINT ( 'NONE', #6393 ) ;
#1071 = AXIS2_PLACEMENT_3D ( 'NONE', #17, #7637, #9397 ) ;
#1072 = EDGE_CURVE ( 'NONE', #4684, #603, #8919, .T. ) ;
#1073 = EDGE_CURVE ( 'NONE', #9375, #2787, #2647, .T. ) ;
#1074 = EDGE_CURVE ( 'NONE', #6648, #8009, #1941, .T. ) ;
#1075 = FACE_OUTER_BOUND ( 'NONE', #4050, .T. ) ;
#1076 = AXIS2_PLACEMENT_3D ( 'NONE', #2818, #4384, #8190 ) ;
#1077 = CARTESIAN_POINT ( 'NONE',  ( 0.3750000000000037748, 0.06999999999999975686, -0.6500000000000000222 ) ) ;
#1078 = VERTEX_POINT ( 'NONE', #3370 ) ;
#1079 = DIRECTION ( 'NONE',  ( -0.000000000000000000, -1.000000000000000000, -0.000000000000000000 ) ) ;
#1080 = CARTESIAN_POINT ( 'NONE',  ( -0.9350000000000000533, 0.05000000000000012768, -0.5950000000000001954 ) ) ;
#1081 = EDGE_CURVE ( 'NONE', #6096, #9249, #2555, .T. ) ;
#1082 = VECTOR ( 'NONE', #2831, 1000.000000000000000 ) ;
#1083 = DIRECTION ( 'NONE',  ( 1.000000000000000000, 0.000000000000000000, 0.000000000000000000 ) ) ;
#1084 = LINE ( 'NONE', #291, #3500 ) ;
#1085 = CARTESIAN_POINT ( 'NONE',  ( 0.02500000000000006384, 0.1199999999999999956, 0.6500000000000003553 ) ) ;
#1086 = ORIENTED_EDGE ( 'NONE', *, *, #9654, .F. ) ;
#1087 = EDGE_CURVE ( 'NONE', #9769, #2167, #8783, .T. ) ;
#1088 = CARTESIAN_POINT ( 'NONE',  ( -0.4250000000000039302, 0.06999999999999975686, -0.1999999999999998723 ) ) ;
#1089 = VECTOR ( 'NONE', #6536, 1000.000000000000000 ) ;
#1091 = ORIENTED_EDGE ( 'NONE', *, *, #9920, .T. ) ;
#1090 = VECTOR ( 'NONE', #2663, 1000.000000000000000 ) ;
#1092 = AXIS2_PLACEMENT_3D ( 'NONE', #7029, #1466, #3998 ) ;
#1093 = CIRCLE ( 'NONE', #9981, 0.02000000000000005246 ) ;
#1094 = DIRECTION ( 'NONE',  ( 1.000000000000000000, 0.000000000000000000, 0.000000000000000000 ) ) ;
#1095 = PLANE ( 'NONE',  #1076 ) ;
#1096 = CARTESIAN_POINT ( 'NONE',  ( -0.4250000000000039302, 0.06999999999999975686, 0.2000000000000003164 ) ) ;
#1097 = LINE ( 'NONE', #1867, #6492 ) ;
#1098 = ORIENTED_EDGE ( 'NONE', *, *, #6993, .T. ) ;
#1099 = CARTESIAN_POINT ( 'NONE',  ( 0.09999999999999993616, 0.05000000000000012768, -0.9149999999999997025 ) ) ;
#1100 = LINE ( 'NONE', #7888, #8856 ) ;
#1101 = CARTESIAN_POINT ( 'NONE',  ( -0.3750000000000037748, 0.1199999999999999956, -1.000000000000000222 ) ) ;
#1102 = ORIENTED_EDGE ( 'NONE', *, *, #1944, .F. ) ;
#1103 = EDGE_CURVE ( 'NONE', #2154, #1750, #1167, .T. ) ;
#1105 = ORIENTED_EDGE ( 'NONE', *, *, #3298, .T. ) ;
#1104 = VECTOR ( 'NONE', #3642, 1000.000000000000000 ) ;
#1106 = ORIENTED_EDGE ( 'NONE', *, *, #2629, .F. ) ;
#1107 = VECTOR ( 'NONE', #3446, 1000.000000000000000 ) ;
#1108 = AXIS2_PLACEMENT_3D ( 'NONE', #1751, #6736, #4363 ) ;
#1109 = DIRECTION ( 'NONE',  ( -0.000000000000000000, -1.000000000000000000, -0.000000000000000000 ) ) ;
#1110 = CARTESIAN_POINT ( 'NONE',  ( -0.7549999999999905675, 0.000000000000000000, 0.3049999999999999378 ) ) ;
#1111 = CARTESIAN_POINT ( 'NONE',  ( 0.4250000000000039302, 0.06999999999999975686, 0.6500000000000003553 ) ) ;
#1112 = EDGE_LOOP ( 'NONE', ( #6846, #5607, #4546, #518 ) ) ;
#1113 = EDGE_CURVE ( 'NONE', #9821, #9453, #7975, .T. ) ;
#1114 = CARTESIAN_POINT ( 'NONE',  ( 0.02500000000000006384, 0.06999999999999986788, 0.6500000000000003553 ) ) ;
#1115 = DIRECTION ( 'NONE',  ( 0.000000000000000000, 1.000000000000000000, -0.000000000000000000 ) ) ;
#1116 = ORIENTED_EDGE ( 'NONE', *, *, #5716, .F. ) ;
#1117 = ORIENTED_EDGE ( 'NONE', *, *, #8386, .T. ) ;
#1118 = SURFACE_STYLE_USAGE ( .BOTH. , #3454 ) ;
#1119 = FACE_OUTER_BOUND ( 'NONE', #2224, .T. ) ;
#1120 = CARTESIAN_POINT ( 'NONE',  ( 0.7550000000000000044, 0.05000000000000012768, -0.7549999999999996714 ) ) ;
#1121 = DIRECTION ( 'NONE',  ( -0.000000000000000000, 1.000000000000000000, -0.000000000000000000 ) ) ;
#1122 = FACE_OUTER_BOUND ( 'NONE', #9912, .T. ) ;
#1123 = EDGE_LOOP ( 'NONE', ( #4150, #6949, #5543, #9503 ) ) ;
#1124 = ADVANCED_FACE ( 'NONE', ( #4262 ), #2604, .T. ) ;
#1125 = VERTEX_POINT ( 'NONE', #4932 ) ;
#1126 = DIRECTION ( 'NONE',  ( 0.000000000000000000, 0.000000000000000000, 1.000000000000000000 ) ) ;
#1127 = CARTESIAN_POINT ( 'NONE',  ( -0.9999999999999997780, 0.06999999999999975686, -0.6500000000000000222 ) ) ;
#1128 = CARTESIAN_POINT ( 'NONE',  ( 0.4250000000000039302, 0.1199999999999999956, 0.9999999999999997780 ) ) ;
#1129 = CARTESIAN_POINT ( 'NONE',  ( -0.9149999999999952616, 0.000000000000000000, -0.3050000000000000488 ) ) ;
#1130 = DIRECTION ( 'NONE',  ( 0.000000000000000000, 0.000000000000000000, -1.000000000000000000 ) ) ;
#1131 = LINE ( 'NONE', #5893, #5784 ) ;
#1132 = EDGE_CURVE ( 'NONE', #5719, #2040, #4169, .T. ) ;
#1133 = ORIENTED_EDGE ( 'NONE', *, *, #7944, .F. ) ;
#1134 = ADVANCED_FACE ( 'NONE', ( #1899 ), #4974, .F. ) ;
#1135 = EDGE_CURVE ( 'NONE', #8869, #3844, #9675, .T. ) ;
#1136 = DIRECTION ( 'NONE',  ( -0.000000000000000000, 0.000000000000000000, -1.000000000000000000 ) ) ;
#1137 = ORIENTED_EDGE ( 'NONE', *, *, #9253, .T. ) ;
#1138 = ORIENTED_EDGE ( 'NONE', *, *, #5008, .F. ) ;
#1139 = DIRECTION ( 'NONE',  ( 1.000000000000000000, -0.000000000000000000, -0.000000000000000000 ) ) ;
#1140 = DIRECTION ( 'NONE',  ( 0.000000000000000000, 1.000000000000000000, 0.000000000000000000 ) ) ;
#1141 = DIRECTION ( 'NONE',  ( 0.000000000000000000, 1.000000000000000000, 0.000000000000000000 ) ) ;
#1142 = DIRECTION ( 'NONE',  ( 0.000000000000000000, 0.000000000000000000, -1.000000000000000000 ) ) ;
#1143 = PLANE ( 'NONE',  #8808 ) ;
#1144 = DIRECTION ( 'NONE',  ( 0.000000000000000000, 0.000000000000000000, -1.000000000000000000 ) ) ;
#1145 = FACE_OUTER_BOUND ( 'NONE', #2161, .T. ) ;
#1146 = VECTOR ( 'NONE', #8341, 1000.000000000000000 ) ;
#1147 = ORIENTED_EDGE ( 'NONE', *, *, #3991, .F. ) ;
#1148 = VECTOR ( 'NONE', #1058, 1000.000000000000000 ) ;
#1149 = DIRECTION ( 'NONE',  ( 0.000000000000000000, 1.000000000000000000, -0.000000000000000000 ) ) ;
#1150 = AXIS2_PLACEMENT_3D ( 'NONE', #1127, #5835, #5645 ) ;
#1151 = LINE ( 'NONE', #969, #3530 ) ;
#1152 = CARTESIAN_POINT ( 'NONE',  ( -0.4250000000000039302, 0.1199999999999999956, -0.6500000000000000222 ) ) ;
#1153 = CARTESIAN_POINT ( 'NONE',  ( 0.7749999999999904743, 0.000000000000000000, 0.1250000000000001110 ) ) ;
#1154 = CARTESIAN_POINT ( 'NONE',  ( -0.4800000000000110290, 0.05000000000000012768, -0.9149999999999951505 ) ) ;
#1155 = VERTEX_POINT ( 'NONE', #3616 ) ;
#1156 = ORIENTED_EDGE ( 'NONE', *, *, #9254, .F. ) ;
#1157 = ORIENTED_EDGE ( 'NONE', *, *, #4416, .T. ) ;
#1158 = PRESENTATION_LAYER_ASSIGNMENT (  '', '', ( #1983 ) ) ;
#1159 = EDGE_CURVE ( 'NONE', #7796, #8098, #2042, .T. ) ;
#1160 = ADVANCED_FACE ( 'NONE', ( #7549 ), #6093, .T. ) ;
#1161 = CARTESIAN_POINT ( 'NONE',  ( 0.4250000000000039302, 0.06999999999999986788, -1.000000000000000222 ) ) ;
#1162 = DIRECTION ( 'NONE',  ( 1.000000000000000000, 0.000000000000000000, 1.151964808265786930E-14 ) ) ;
#1163 = FACE_BOUND ( 'NONE', #5444, .T. ) ;
#1165 = ORIENTED_EDGE ( 'NONE', *, *, #8764, .F. ) ;
#1164 = DIRECTION ( 'NONE',  ( 0.000000000000000000, 0.000000000000000000, 1.000000000000000000 ) ) ;
#1166 = CARTESIAN_POINT ( 'NONE',  ( -0.07999999999999929390, 0.000000000000000000, 0.9350000000000000533 ) ) ;
#1167 = LINE ( 'NONE', #1080, #51 ) ;
#1168 = EDGE_CURVE ( 'NONE', #558, #6124, #1431, .T. ) ;
#1169 = CARTESIAN_POINT ( 'NONE',  ( 0.7749999999999854783, 0.05000000000000012768, 0.5750000000000003997 ) ) ;
#1170 = SURFACE_SIDE_STYLE ('',( #1219 ) ) ;
#1171 = CARTESIAN_POINT ( 'NONE',  ( -0.7549999999999905675, 0.000000000000000000, 0.1449999999999999345 ) ) ;
#1172 = CARTESIAN_POINT ( 'NONE',  ( -0.9999999999999997780, 0.1199999999999999956, 0.2500000000000003331 ) ) ;
#1173 =( NAMED_UNIT ( * ) PLANE_ANGLE_UNIT ( ) SI_UNIT ( $, .RADIAN. ) );
#1174 = VERTEX_POINT ( 'NONE', #6627 ) ;
#1175 = ORIENTED_EDGE ( 'NONE', *, *, #6950, .T. ) ;
#1176 = PLANE ( 'NONE',  #6443 ) ;
#1177 = ORIENTED_EDGE ( 'NONE', *, *, #7921, .T. ) ;
#1178 = EDGE_LOOP ( 'NONE', ( #4063, #919, #1479, #4214 ) ) ;
#1179 = CIRCLE ( 'NONE', #1347, 0.02000000000000005246 ) ;
#1180 = EDGE_CURVE ( 'NONE', #727, #5486, #8278, .T. ) ;
#1181 = LINE ( 'NONE', #1915, #5938 ) ;
#1182 = CARTESIAN_POINT ( 'NONE',  ( 1.000000000000000222, 0.1199999999999999956, -0.6500000000000000222 ) ) ;
#1183 = FACE_OUTER_BOUND ( 'NONE', #7783, .T. ) ;
#1184 = VECTOR ( 'NONE', #3155, 1000.000000000000000 ) ;
#1185 = FACE_OUTER_BOUND ( 'NONE', #9924, .T. ) ;
#1186 = CARTESIAN_POINT ( 'NONE',  ( -0.4800000000000000933, 0.05000000000000012768, 0.5000000000000000000 ) ) ;
#1187 = LINE ( 'NONE', #5961, #3375 ) ;
#1188 = CARTESIAN_POINT ( 'NONE',  ( 0.4250000000000039302, 0.06999999999999975686, -1.000000000000000222 ) ) ;
#1189 = ORIENTED_EDGE ( 'NONE', *, *, #3151, .T. ) ;
#1190 = ORIENTED_EDGE ( 'NONE', *, *, #3950, .F. ) ;
#1191 = ORIENTED_EDGE ( 'NONE', *, *, #1132, .F. ) ;
#1192 = VECTOR ( 'NONE', #1290, 1000.000000000000000 ) ;
#1193 = EDGE_CURVE ( 'NONE', #22, #3700, #3727, .T. ) ;
#1194 = CARTESIAN_POINT ( 'NONE',  ( -0.8249999999999997335, 0.5799999999999998490, -0.8250000000000000666 ) ) ;
#1195 = DIRECTION ( 'NONE',  ( -0.000000000000000000, 1.000000000000000000, -0.000000000000000000 ) ) ;
#1196 = PLANE ( 'NONE',  #8389 ) ;
#1197 = PLANE ( 'NONE',  #4079 ) ;
#1199 = ORIENTED_EDGE ( 'NONE', *, *, #2772, .T. ) ;
#1198 = VECTOR ( 'NONE', #5025, 1000.000000000000000 ) ;
#1200 = DIRECTION ( 'NONE',  ( -0.000000000000000000, 1.000000000000000000, -0.000000000000000000 ) ) ;
#1201 = EDGE_CURVE ( 'NONE', #128, #3777, #9875, .T. ) ;
#1202 = VERTEX_POINT ( 'NONE', #2800 ) ;
#1203 = ORIENTED_EDGE ( 'NONE', *, *, #7237, .F. ) ;
#1204 = PRESENTATION_LAYER_ASSIGNMENT (  '', '', ( #3171 ) ) ;
#1205 = DIRECTION ( 'NONE',  ( -0.000000000000000000, -1.000000000000000000, -0.000000000000000000 ) ) ;
#1206 = DIRECTION ( 'NONE',  ( -0.000000000000000000, -0.000000000000000000, -1.000000000000000000 ) ) ;
#1207 = CARTESIAN_POINT ( 'NONE',  ( -0.9999999999999997780, 0.1199999999999999956, 0.7000000000000005107 ) ) ;
#1209 = EDGE_LOOP ( 'NONE', ( #3195, #3257, #1492, #3028 ) ) ;
#1208 = DIRECTION ( 'NONE',  ( -0.000000000000000000, 0.000000000000000000, 1.000000000000000000 ) ) ;
#1210 = CARTESIAN_POINT ( 'NONE',  ( -0.3750000000000002220, 0.000000000000000000, -0.5000000000000000000 ) ) ;
#1211 = CARTESIAN_POINT ( 'NONE',  ( -0.4250000000000039302, 0.1199999999999999956, 0.9999999999999997780 ) ) ;
#1212 = DIRECTION ( 'NONE',  ( 1.000000000000000000, -0.000000000000000000, -0.000000000000000000 ) ) ;
#1213 = VECTOR ( 'NONE', #5448, 1000.000000000000000 ) ;
#1214 = EDGE_CURVE ( 'NONE', #1784, #1564, #629, .T. ) ;
#1215 = ORIENTED_EDGE ( 'NONE', *, *, #1193, .T. ) ;
#1216 = CARTESIAN_POINT ( 'NONE',  ( -0.02500000000000006384, 0.1199999999999999956, 0.9999999999999997780 ) ) ;
#1217 = CIRCLE ( 'NONE', #3989, 0.02000000000000005246 ) ;
#1218 = DIRECTION ( 'NONE',  ( 0.000000000000000000, 1.000000000000000000, 0.000000000000000000 ) ) ;
#1219 = SURFACE_STYLE_FILL_AREA ( #5748 ) ;
#1220 = CARTESIAN_POINT ( 'NONE',  ( -0.9999999999999997780, 0.5999999999999999778, -1.000000000000000222 ) ) ;
#1221 = CARTESIAN_POINT ( 'NONE',  ( -0.1000000000000001305, 0.05000000000000012768, -0.7750000000000000222 ) ) ;
#1222 = ORIENTED_EDGE ( 'NONE', *, *, #7122, .T. ) ;
#1223 = VERTEX_POINT ( 'NONE', #5124 ) ;
#1224 = CARTESIAN_POINT ( 'NONE',  ( -0.3200000000000089995, 0.05000000000000012768, 0.9149999999999969269 ) ) ;
#1225 = DIRECTION ( 'NONE',  ( 0.000000000000000000, 0.000000000000000000, 1.000000000000000000 ) ) ;
#1226 = ORIENTED_EDGE ( 'NONE', *, *, #5257, .T. ) ;
#1227 = EDGE_CURVE ( 'NONE', #6656, #82, #1374, .T. ) ;
#1228 = ORIENTED_EDGE ( 'NONE', *, *, #2313, .F. ) ;
#1229 = VECTOR ( 'NONE', #6686, 1000.000000000000000 ) ;
#1230 = LINE ( 'NONE', #4383, #296 ) ;
#1231 = DIRECTION ( 'NONE',  ( 0.000000000000000000, 0.000000000000000000, -1.000000000000000000 ) ) ;
#1232 = AXIS2_PLACEMENT_3D ( 'NONE', #5450, #3744, #6914 ) ;
#1234 = AXIS2_PLACEMENT_3D ( 'NONE', #5821, #4344, #2779 ) ;
#1233 = DIRECTION ( 'NONE',  ( -0.000000000000000000, -1.000000000000000000, -0.000000000000000000 ) ) ;
#1235 = CARTESIAN_POINT ( 'NONE',  ( -0.9999999999999997780, 0.06999999999999975686, 0.7000000000000005107 ) ) ;
#1236 = CARTESIAN_POINT ( 'NONE',  ( -0.3750000000000037748, 0.06999999999999975686, -0.1999999999999998723 ) ) ;
#1237 = DIRECTION ( 'NONE',  ( 0.000000000000000000, 0.000000000000000000, -1.000000000000000000 ) ) ;
#1238 = CARTESIAN_POINT ( 'NONE',  ( -0.9999999999999997780, 0.1199999999999999956, 0.2500000000000003331 ) ) ;
#1239 = ORIENTED_EDGE ( 'NONE', *, *, #1074, .T. ) ;
#1240 = EDGE_CURVE ( 'NONE', #5555, #3881, #3112, .T. ) ;
#1241 = ADVANCED_FACE ( 'NONE', ( #6847 ), #6794, .T. ) ;
#1242 = ORIENTED_EDGE ( 'NONE', *, *, #2088, .T. ) ;
#1243 = VERTEX_POINT ( 'NONE', #6042 ) ;
#1244 = COLOUR_RGB ( '',0.7921568627450980005, 0.8196078431372548767, 0.9333333333333333481 ) ;
#1245 = VECTOR ( 'NONE', #4762, 1000.000000000000000 ) ;
#1246 = DIRECTION ( 'NONE',  ( 1.000000000000000000, -0.000000000000000000, -0.000000000000000000 ) ) ;
#1247 = LINE ( 'NONE', #6715, #8716 ) ;
#1248 = DIRECTION ( 'NONE',  ( -1.000000000000000000, 0.000000000000000000, 0.000000000000000000 ) ) ;
#1249 = FACE_BOUND ( 'NONE', #8161, .T. ) ;
#1251 = SURFACE_SIDE_STYLE ('',( #1412 ) ) ;
#1250 = VECTOR ( 'NONE', #8846, 1000.000000000000000 ) ;
#1252 = VECTOR ( 'NONE', #1109, 1000.000000000000000 ) ;
#1253 = DIRECTION ( 'NONE',  ( -0.000000000000000000, 1.000000000000000000, -0.000000000000000000 ) ) ;
#1254 = ORIENTED_EDGE ( 'NONE', *, *, #9827, .F. ) ;
#1255 = ADVANCED_FACE ( 'NONE', ( #682 ), #2250, .F. ) ;
#1256 = EDGE_CURVE ( 'NONE', #5132, #6250, #5341, .T. ) ;
#1257 = ORIENTED_EDGE ( 'NONE', *, *, #1087, .T. ) ;
#1258 = VERTEX_POINT ( 'NONE', #2347 ) ;
#1259 = CIRCLE ( 'NONE', #7087, 0.02000000000000005246 ) ;
#1260 = AXIS2_PLACEMENT_3D ( 'NONE', #3133, #97, #9298 ) ;
#1261 = EDGE_CURVE ( 'NONE', #5424, #9506, #7705, .T. ) ;
#1262 = CARTESIAN_POINT ( 'NONE',  ( 0.7550000000000000044, 0.05000000000000012768, -0.7549999999999996714 ) ) ;
#1263 = LINE ( 'NONE', #7243, #3953 ) ;
#1264 = ORIENTED_EDGE ( 'NONE', *, *, #9905, .T. ) ;
#1265 = DIRECTION ( 'NONE',  ( -0.000000000000000000, 0.000000000000000000, 1.000000000000000000 ) ) ;
#1267 = ORIENTED_EDGE ( 'NONE', *, *, #1541, .T. ) ;
#1266 = CARTESIAN_POINT ( 'NONE',  ( -0.02500000000000006384, 0.1199999999999999956, 0.2500000000000003331 ) ) ;
#1268 = LINE ( 'NONE', #7341, #1439 ) ;
#1269 = AXIS2_PLACEMENT_3D ( 'NONE', #6588, #9144, #6857 ) ;
#1270 = DIRECTION ( 'NONE',  ( 1.000000000000000000, 0.000000000000000000, 0.000000000000000000 ) ) ;
#1271 = CARTESIAN_POINT ( 'NONE',  ( 0.9149999999999950395, 0.000000000000000000, -0.1249999999999997918 ) ) ;
#1272 = VERTEX_POINT ( 'NONE', #2397 ) ;
#1273 = EDGE_CURVE ( 'NONE', #3182, #9766, #7851, .T. ) ;
#1274 = EDGE_CURVE ( 'NONE', #2423, #6969, #6290, .T. ) ;
#1275 = DIRECTION ( 'NONE',  ( 1.000000000000000000, 0.000000000000000000, 0.000000000000000000 ) ) ;
#1276 = DIRECTION ( 'NONE',  ( -0.000000000000000000, -0.000000000000000000, -1.000000000000000000 ) ) ;
#1277 = LINE ( 'NONE', #8086, #1089 ) ;
#1278 = ORIENTED_EDGE ( 'NONE', *, *, #5575, .F. ) ;
#1279 = ORIENTED_EDGE ( 'NONE', *, *, #6655, .F. ) ;
#1280 = DIRECTION ( 'NONE',  ( -1.000000000000000000, 0.000000000000000000, 0.000000000000000000 ) ) ;
#1281 = LINE ( 'NONE', #7226, #2130 ) ;
#1282 = ORIENTED_EDGE ( 'NONE', *, *, #8116, .T. ) ;
#1283 = EDGE_LOOP ( 'NONE', ( #1428, #9226, #590, #434, #340, #5100, #7932, #3613 ) ) ;
#1284 = ORIENTED_EDGE ( 'NONE', *, *, #3431, .T. ) ;
#1285 = DIRECTION ( 'NONE',  ( 0.000000000000000000, 0.000000000000000000, -1.000000000000000000 ) ) ;
#1286 = ADVANCED_FACE ( 'NONE', ( #5484 ), #7806, .F. ) ;
#1287 = CARTESIAN_POINT ( 'NONE',  ( 1.000000000000000222, 0.06999999999999975686, 0.2000000000000002054 ) ) ;
#1288 = CLOSED_SHELL ( 'NONE', ( #4916, #587, #2129, #6023, #841, #5520, #1124, #6008, #2473, #663 ) ) ;
#1289 = CARTESIAN_POINT ( 'NONE',  ( -0.4250000000000039302, 0.1199999999999999956, -1.000000000000000222 ) ) ;
#1290 = DIRECTION ( 'NONE',  ( -1.000000000000000000, 0.000000000000000000, 0.000000000000000000 ) ) ;
#1291 = CARTESIAN_POINT ( 'NONE',  ( -0.07999999999999958533, 0.05000000000000012768, 0.7750000000000001332 ) ) ;
#1292 = ORIENTED_EDGE ( 'NONE', *, *, #348, .F. ) ;
#1293 = LINE ( 'NONE', #2171, #8837 ) ;
#1294 = ORIENTED_EDGE ( 'NONE', *, *, #111, .T. ) ;
#1295 = EDGE_LOOP ( 'NONE', ( #7729, #1414, #3135, #6884 ) ) ;
#1296 = VECTOR ( 'NONE', #7181, 1000.000000000000000 ) ;
#1297 = DIRECTION ( 'NONE',  ( 1.000000000000000000, 0.000000000000000000, 0.000000000000000000 ) ) ;
#1298 = EDGE_CURVE ( 'NONE', #932, #41, #203, .T. ) ;
#1299 = LINE ( 'NONE', #8308, #3055 ) ;
#1300 = DIRECTION ( 'NONE',  ( -1.000000000000000000, 0.000000000000000000, -1.885568995626977845E-16 ) ) ;
#1301 = DIRECTION ( 'NONE',  ( -0.000000000000000000, -1.000000000000000000, -0.000000000000000000 ) ) ;
#1302 = AXIS2_PLACEMENT_3D ( 'NONE', #6694, #2867, #1060 ) ;
#1303 = CARTESIAN_POINT ( 'NONE',  ( 0.02500000000000006384, 0.06999999999999975686, 0.7000000000000005107 ) ) ;
#1304 = DIRECTION ( 'NONE',  ( 1.000000000000000000, 0.000000000000000000, 0.000000000000000000 ) ) ;
#1305 = EDGE_LOOP ( 'NONE', ( #3958, #7824, #3912, #7890 ) ) ;
#1306 = CARTESIAN_POINT ( 'NONE',  ( -0.9999999999999997780, 0.1199999999999999956, -0.2500000000000000000 ) ) ;
#1307 = ORIENTED_EDGE ( 'NONE', *, *, #7136, .F. ) ;
#1308 = EDGE_LOOP ( 'NONE', ( #659, #6563, #9001, #1199 ) ) ;
#1309 = VECTOR ( 'NONE', #2458, 1000.000000000000000 ) ;
#1310 = EDGE_CURVE ( 'NONE', #9406, #1155, #7142, .T. ) ;
#1311 = LINE ( 'NONE', #7387, #8367 ) ;
#1312 = EDGE_CURVE ( 'NONE', #4919, #7807, #368, .T. ) ;
#1313 = DIRECTION ( 'NONE',  ( 0.000000000000000000, 0.000000000000000000, -1.000000000000000000 ) ) ;
#1314 = DIRECTION ( 'NONE',  ( 1.000000000000000000, 0.000000000000000000, 0.000000000000000000 ) ) ;
#1315 = DIRECTION ( 'NONE',  ( -1.000000000000000000, 0.000000000000000000, 0.000000000000000000 ) ) ;
#1317 = ORIENTED_EDGE ( 'NONE', *, *, #4173, .T. ) ;
#1316 = DIRECTION ( 'NONE',  ( 0.000000000000000000, 0.000000000000000000, -1.000000000000000000 ) ) ;
#1318 = ORIENTED_EDGE ( 'NONE', *, *, #9696, .F. ) ;
#1319 = AXIS2_PLACEMENT_3D ( 'NONE', #5292, #8441, #4240 ) ;
#1321 = VECTOR ( 'NONE', #3435, 1000.000000000000000 ) ;
#1320 = DIRECTION ( 'NONE',  ( 0.000000000000000000, 0.000000000000000000, 1.000000000000000000 ) ) ;
#1322 = DIRECTION ( 'NONE',  ( 1.000000000000000000, 0.000000000000000000, 0.000000000000000000 ) ) ;
#1323 = ORIENTED_EDGE ( 'NONE', *, *, #526, .F. ) ;
#1324 = ORIENTED_EDGE ( 'NONE', *, *, #5008, .T. ) ;
#1325 = FACE_OUTER_BOUND ( 'NONE', #9014, .T. ) ;
#1326 = EDGE_CURVE ( 'NONE', #4186, #4491, #7330, .T. ) ;
#1327 = VECTOR ( 'NONE', #1905, 1000.000000000000000 ) ;
#1328 = FACE_OUTER_BOUND ( 'NONE', #1068, .T. ) ;
#1329 = FACE_BOUND ( 'NONE', #5361, .T. ) ;
#1330 = CARTESIAN_POINT ( 'NONE',  ( 0.9149999999999950395, 0.05000000000000012768, -0.1249999999999997918 ) ) ;
#1331 = ORIENTED_EDGE ( 'NONE', *, *, #744, .T. ) ;
#1332 = ORIENTED_EDGE ( 'NONE', *, *, #9450, .F. ) ;
#1333 = DIRECTION ( 'NONE',  ( -0.000000000000000000, 1.000000000000000000, -0.000000000000000000 ) ) ;
#1334 = CARTESIAN_POINT ( 'NONE',  ( 0.07999999999999977962, 0.05000000000000012768, -0.9349999999999998312 ) ) ;
#1335 = ORIENTED_EDGE ( 'NONE', *, *, #7084, .F. ) ;
#1336 = EDGE_CURVE ( 'NONE', #9884, #8945, #6522, .T. ) ;
#1337 = LINE ( 'NONE', #9046, #5779 ) ;
#1338 = FILL_AREA_STYLE_COLOUR ( '', #7950 ) ;
#1339 = CARTESIAN_POINT ( 'NONE',  ( -0.9999999999999997780, 0.1199999999999999956, 0.7000000000000005107 ) ) ;
#1340 = FACE_OUTER_BOUND ( 'NONE', #9565, .T. ) ;
#1341 = DIRECTION ( 'NONE',  ( -0.000000000000000000, 1.000000000000000000, -0.000000000000000000 ) ) ;
#1342 = EDGE_LOOP ( 'NONE', ( #6192, #1001, #9037, #5400 ) ) ;
#1343 = DIRECTION ( 'NONE',  ( -1.000000000000000000, 0.000000000000000000, 1.885568995626976366E-16 ) ) ;
#1344 = CARTESIAN_POINT ( 'NONE',  ( -0.9149999999999905986, 0.05000000000000012768, 0.3250000000000000111 ) ) ;
#1345 = ORIENTED_EDGE ( 'NONE', *, *, #5902, .T. ) ;
#1346 = PLANE ( 'NONE',  #7711 ) ;
#1347 = AXIS2_PLACEMENT_3D ( 'NONE', #7197, #3316, #277 ) ;
#1348 = EDGE_LOOP ( 'NONE', ( #6311, #3888, #4862, #1447 ) ) ;
#1349 = ORIENTED_EDGE ( 'NONE', *, *, #3990, .T. ) ;
#1350 = ADVANCED_FACE ( 'NONE', ( #3354 ), #5776, .F. ) ;
#1351 = VERTEX_POINT ( 'NONE', #6783 ) ;
#1352 = APPLICATION_CONTEXT ( 'automotive_design' ) ;
#1353 = LINE ( 'NONE', #3706, #2044 ) ;
#1354 = AXIS2_PLACEMENT_3D ( 'NONE', #8320, #2143, #7542 ) ;
#1355 = DIRECTION ( 'NONE',  ( -1.000000000000000000, 0.000000000000000000, 0.000000000000000000 ) ) ;
#1356 = LINE ( 'NONE', #9114, #4602 ) ;
#1357 = PRESENTATION_STYLE_ASSIGNMENT (( #2026 ) ) ;
#1358 = DIRECTION ( 'NONE',  ( 0.000000000000000000, -1.000000000000000000, 0.000000000000000000 ) ) ;
#1359 = ORIENTED_EDGE ( 'NONE', *, *, #1710, .F. ) ;
#1360 = CARTESIAN_POINT ( 'NONE',  ( 0.4800000000000004263, 0.05000000000000012768, 0.9149999999999998135 ) ) ;
#1361 = VERTEX_POINT ( 'NONE', #7483 ) ;
#1362 = ORIENTED_EDGE ( 'NONE', *, *, #3991, .T. ) ;
#1363 = VECTOR ( 'NONE', #9300, 1000.000000000000000 ) ;
#1364 = EDGE_CURVE ( 'NONE', #1468, #9838, #9686, .T. ) ;
#1366 = VECTOR ( 'NONE', #3927, 1000.000000000000000 ) ;
#1365 = DIRECTION ( 'NONE',  ( 0.000000000000000000, 1.000000000000000000, -0.000000000000000000 ) ) ;
#1367 = DIRECTION ( 'NONE',  ( 1.000000000000000000, -0.000000000000000000, 7.744301232039334431E-16 ) ) ;
#1368 = EDGE_LOOP ( 'NONE', ( #5934, #8254, #9090, #2394, #9131, #1729, #1783, #7485 ) ) ;
#1369 = DIRECTION ( 'NONE',  ( 0.000000000000000000, 0.000000000000000000, -1.000000000000000000 ) ) ;
#1371 = ORIENTED_EDGE ( 'NONE', *, *, #5477, .T. ) ;
#1370 = LINE ( 'NONE', #8476, #2351 ) ;
#1372 = ORIENTED_EDGE ( 'NONE', *, *, #2736, .F. ) ;
#1373 = DIRECTION ( 'NONE',  ( -0.000000000000000000, 1.000000000000000000, -0.000000000000000000 ) ) ;
#1374 = LINE ( 'NONE', #8225, #6329 ) ;
#1375 = ORIENTED_EDGE ( 'NONE', *, *, #6264, .T. ) ;
#1376 = EDGE_CURVE ( 'NONE', #3604, #5012, #1818, .T. ) ;
#1377 = EDGE_CURVE ( 'NONE', #8062, #118, #1916, .T. ) ;
#1378 = EDGE_CURVE ( 'NONE', #9628, #5132, #6594, .T. ) ;
#1379 = ORIENTED_EDGE ( 'NONE', *, *, #9124, .T. ) ;
#1380 = VECTOR ( 'NONE', #6989, 1000.000000000000000 ) ;
#1381 = PLANE ( 'NONE',  #4258 ) ;
#1382 = CARTESIAN_POINT ( 'NONE',  ( 0.4799999999999996492, 0.05000000000000012768, 0.5000000000000000000 ) ) ;
#1383 = FILL_AREA_STYLE_COLOUR ( '', #8704 ) ;
#1384 = ORIENTED_EDGE ( 'NONE', *, *, #4139, .T. ) ;
#1385 = ORIENTED_EDGE ( 'NONE', *, *, #9205, .F. ) ;
#1386 = DIRECTION ( 'NONE',  ( 0.000000000000000000, 1.000000000000000000, 0.000000000000000000 ) ) ;
#1387 = CARTESIAN_POINT ( 'NONE',  ( 0.3750000000000037748, 0.1199999999999999956, -0.6500000000000000222 ) ) ;
#1388 = ORIENTED_EDGE ( 'NONE', *, *, #6993, .F. ) ;
#1389 = EDGE_CURVE ( 'NONE', #2335, #8958, #9842, .T. ) ;
#1390 = MANIFOLD_SOLID_BREP ( 'Boss-Extrude3[7]', #5181 ) ;
#1391 = EDGE_CURVE ( 'NONE', #7947, #5395, #8449, .T. ) ;
#1392 = ORIENTED_EDGE ( 'NONE', *, *, #8706, .T. ) ;
#1393 = VECTOR ( 'NONE', #4840, 1000.000000000000000 ) ;
#1394 = ADVANCED_FACE ( 'NONE', ( #8993 ), #4788, .F. ) ;
#1395 = DIRECTION ( 'NONE',  ( 0.000000000000000000, 0.000000000000000000, 1.000000000000000000 ) ) ;
#1396 = DIRECTION ( 'NONE',  ( 1.000000000000000000, -0.000000000000000000, -0.000000000000000000 ) ) ;
#1397 = LINE ( 'NONE', #9943, #6021 ) ;
#1398 = ORIENTED_EDGE ( 'NONE', *, *, #3473, .F. ) ;
#1399 = DIRECTION ( 'NONE',  ( -0.000000000000000000, 0.000000000000000000, 1.000000000000000000 ) ) ;
#1400 = DIRECTION ( 'NONE',  ( 1.151964808265787403E-14, 0.000000000000000000, -1.000000000000000000 ) ) ;
#1402 = ORIENTED_EDGE ( 'NONE', *, *, #9544, .F. ) ;
#1401 = VECTOR ( 'NONE', #1297, 1000.000000000000000 ) ;
#1403 = LINE ( 'NONE', #4443, #9480 ) ;
#1404 = ORIENTED_EDGE ( 'NONE', *, *, #6909, .F. ) ;
#1405 = VERTEX_POINT ( 'NONE', #3464 ) ;
#1406 = CARTESIAN_POINT ( 'NONE',  ( 1.000000000000000222, 0.1199999999999999956, -0.7000000000000000666 ) ) ;
#1407 = DIRECTION ( 'NONE',  ( -1.000000000000000000, 0.000000000000000000, 0.000000000000000000 ) ) ;
#1408 = AXIS2_PLACEMENT_3D ( 'NONE', #9789, #5042, #3478 ) ;
#1409 = LINE ( 'NONE', #4504, #2563 ) ;
#1410 = EDGE_CURVE ( 'NONE', #4412, #4621, #8131, .T. ) ;
#1411 = CARTESIAN_POINT ( 'NONE',  ( 0.9149999999999903766, 0.05000000000000012768, 0.1250000000000001110 ) ) ;
#1412 = SURFACE_STYLE_FILL_AREA ( #4348 ) ;
#1413 = DIRECTION ( 'NONE',  ( 0.000000000000000000, 1.000000000000000000, 0.000000000000000000 ) ) ;
#1414 = ORIENTED_EDGE ( 'NONE', *, *, #9264, .F. ) ;
#1415 = CARTESIAN_POINT ( 'NONE',  ( -0.3199999999999996181, 0.05000000000000012768, 0.9350000000000002753 ) ) ;
#1417 = ORIENTED_EDGE ( 'NONE', *, *, #5912, .T. ) ;
#1416 = MECHANICAL_DESIGN_GEOMETRIC_PRESENTATION_REPRESENTATION (  '', ( #9980 ), #6268 ) ;
#1418 = ORIENTED_EDGE ( 'NONE', *, *, #4822, .F. ) ;
#1419 = VECTOR ( 'NONE', #6526, 1000.000000000000000 ) ;
#1420 = CARTESIAN_POINT ( 'NONE',  ( 0.02500000000000006384, 0.06999999999999975686, -0.1999999999999998723 ) ) ;
#1421 = VECTOR ( 'NONE', #9848, 1000.000000000000000 ) ;
#1422 = VECTOR ( 'NONE', #5761, 1000.000000000000000 ) ;
#1423 = CYLINDRICAL_SURFACE ( 'NONE', #3862, 0.02000000000000005246 ) ;
#1424 = EDGE_CURVE ( 'NONE', #5616, #727, #4177, .T. ) ;
#1425 = LINE ( 'NONE', #8272, #4750 ) ;
#1426 = CARTESIAN_POINT ( 'NONE',  ( 0.4250000000000039302, 0.06999999999999975686, -0.6500000000000000222 ) ) ;
#1428 = ORIENTED_EDGE ( 'NONE', *, *, #6374, .F. ) ;
#1427 = DIRECTION ( 'NONE',  ( 0.000000000000000000, 0.000000000000000000, 1.000000000000000000 ) ) ;
#1429 = VERTEX_POINT ( 'NONE', #1128 ) ;
#1430 = LINE ( 'NONE', #729, #2268 ) ;
#1431 = LINE ( 'NONE', #7497, #3770 ) ;
#1432 = ORIENTED_EDGE ( 'NONE', *, *, #4081, .T. ) ;
#1433 = AXIS2_PLACEMENT_3D ( 'NONE', #3279, #4795, #341 ) ;
#1434 = CIRCLE ( 'NONE', #3385, 0.02000000000000005246 ) ;
#1435 = ORIENTED_EDGE ( 'NONE', *, *, #6026, .T. ) ;
#1436 = SURFACE_STYLE_FILL_AREA ( #5489 ) ;
#1437 = ADVANCED_FACE ( 'NONE', ( #1758 ), #4838, .T. ) ;
#1438 = FACE_OUTER_BOUND ( 'NONE', #3738, .T. ) ;
#1439 = VECTOR ( 'NONE', #9026, 1000.000000000000000 ) ;
#1440 = DIRECTION ( 'NONE',  ( 0.000000000000000000, 0.000000000000000000, 1.000000000000000000 ) ) ;
#1441 = ORIENTED_EDGE ( 'NONE', *, *, #8777, .T. ) ;
#1442 = ORIENTED_EDGE ( 'NONE', *, *, #8706, .F. ) ;
#1443 = CARTESIAN_POINT ( 'NONE',  ( -0.09999999999999999167, 0.05000000000000012768, -0.9149999999999997025 ) ) ;
#1444 = CARTESIAN_POINT ( 'NONE',  ( 0.7549999999999903455, 0.05000000000000012768, 0.3049999999999999378 ) ) ;
#1445 = FACE_OUTER_BOUND ( 'NONE', #4904, .T. ) ;
#1446 = ORIENTED_EDGE ( 'NONE', *, *, #164, .T. ) ;
#1447 = ORIENTED_EDGE ( 'NONE', *, *, #262, .T. ) ;
#1448 =( GEOMETRIC_REPRESENTATION_CONTEXT ( 3 ) GLOBAL_UNCERTAINTY_ASSIGNED_CONTEXT ( ( #4646 ) ) GLOBAL_UNIT_ASSIGNED_CONTEXT ( ( #3921, #6896, #6998 ) ) REPRESENTATION_CONTEXT ( 'NONE', 'WORKASPACE' ) );
#1449 = EDGE_CURVE ( 'NONE', #8824, #7776, #6188, .T. ) ;
#1450 = EDGE_CURVE ( 'NONE', #3234, #8383, #7175, .T. ) ;
#1451 = EDGE_CURVE ( 'NONE', #1714, #8451, #4518, .T. ) ;
#1452 = PLANE ( 'NONE',  #5647 ) ;
#1453 =( NAMED_UNIT ( * ) PLANE_ANGLE_UNIT ( ) SI_UNIT ( $, .RADIAN. ) );
#1454 = ORIENTED_EDGE ( 'NONE', *, *, #1018, .T. ) ;
#1455 = FACE_OUTER_BOUND ( 'NONE', #9740, .T. ) ;
#1456 = DIRECTION ( 'NONE',  ( 1.000000000000000000, 0.000000000000000000, 0.000000000000000000 ) ) ;
#1457 = ORIENTED_EDGE ( 'NONE', *, *, #9510, .F. ) ;
#1458 = DIRECTION ( 'NONE',  ( 0.000000000000000000, 0.000000000000000000, 1.000000000000000000 ) ) ;
#1459 = ORIENTED_EDGE ( 'NONE', *, *, #4334, .T. ) ;
#1460 = ORIENTED_EDGE ( 'NONE', *, *, #8741, .F. ) ;
#1461 = ORIENTED_EDGE ( 'NONE', *, *, #6753, .T. ) ;
#1462 = FACE_OUTER_BOUND ( 'NONE', #5338, .T. ) ;
#1463 = AXIS2_PLACEMENT_3D ( 'NONE', #4351, #7432, #2898 ) ;
#1464 = CARTESIAN_POINT ( 'NONE',  ( 0.7749999999999951372, 0.05000000000000012768, -0.3049999999999998268 ) ) ;
#1465 = CARTESIAN_POINT ( 'NONE',  ( 0.3200000000000001177, 0.05000000000000012768, -0.9349999999999998312 ) ) ;
#1466 = DIRECTION ( 'NONE',  ( -0.000000000000000000, 0.000000000000000000, -1.000000000000000000 ) ) ;
#1467 = CARTESIAN_POINT ( 'NONE',  ( -0.4250000000000038192, 0.06999999999999975686, 0.9999999999999997780 ) ) ;
#1468 = VERTEX_POINT ( 'NONE', #5611 ) ;
#1469 = CARTESIAN_POINT ( 'NONE',  ( -0.02500000000000006384, 0.06999999999999986788, 0.7000000000000005107 ) ) ;
#1470 = ORIENTED_EDGE ( 'NONE', *, *, #7944, .T. ) ;
#1471 = ORIENTED_EDGE ( 'NONE', *, *, #8219, .T. ) ;
#1472 = EDGE_CURVE ( 'NONE', #4829, #1507, #4854, .T. ) ;
#1473 = CARTESIAN_POINT ( 'NONE',  ( -0.9149999999999858247, 0.05000000000000012768, 0.7750000000000001332 ) ) ;
#1474 = VECTOR ( 'NONE', #1597, 1000.000000000000000 ) ;
#1475 = PLANE ( 'NONE',  #302 ) ;
#1476 = LINE ( 'NONE', #7698, #397 ) ;
#1477 = DIRECTION ( 'NONE',  ( 0.000000000000000000, 0.000000000000000000, -1.000000000000000000 ) ) ;
#1479 = ORIENTED_EDGE ( 'NONE', *, *, #1830, .F. ) ;
#1478 = CYLINDRICAL_SURFACE ( 'NONE', #1052, 0.02000000000000113493 ) ;
#1480 = ORIENTED_EDGE ( 'NONE', *, *, #7931, .F. ) ;
#1481 = DIRECTION ( 'NONE',  ( 0.000000000000000000, 0.000000000000000000, -1.000000000000000000 ) ) ;
#1482 = ORIENTED_EDGE ( 'NONE', *, *, #8779, .F. ) ;
#1484 = VERTEX_POINT ( 'NONE', #255 ) ;
#1483 = AXIS2_PLACEMENT_3D ( 'NONE', #5010, #3497, #9660 ) ;
#1485 = ADVANCED_FACE ( 'NONE', ( #9126 ), #3772, .F. ) ;
#1486 = EDGE_CURVE ( 'NONE', #2787, #7180, #9596, .T. ) ;
#1487 = EDGE_LOOP ( 'NONE', ( #5327, #1518, #2209, #4414 ) ) ;
#1488 = VECTOR ( 'NONE', #5615, 1000.000000000000000 ) ;
#1489 = DIRECTION ( 'NONE',  ( 0.000000000000000000, 1.000000000000000000, -0.000000000000000000 ) ) ;
#1490 = VECTOR ( 'NONE', #1502, 1000.000000000000000 ) ;
#1491 = ORIENTED_EDGE ( 'NONE', *, *, #3131, .F. ) ;
#1492 = ORIENTED_EDGE ( 'NONE', *, *, #8005, .T. ) ;
#1493 = FACE_OUTER_BOUND ( 'NONE', #2923, .T. ) ;
#1494 = CARTESIAN_POINT ( 'NONE',  ( -0.3750000000000037748, 0.06999999999999975686, -1.000000000000000222 ) ) ;
#1495 = LINE ( 'NONE', #3125, #6973 ) ;
#1496 = VERTEX_POINT ( 'NONE', #2013 ) ;
#1497 = ORIENTED_EDGE ( 'NONE', *, *, #1616, .T. ) ;
#1498 = EDGE_CURVE ( 'NONE', #2184, #7655, #6339, .T. ) ;
#1499 = CARTESIAN_POINT ( 'NONE',  ( -0.9349999999999858424, 0.05000000000000012768, 0.7550000000000000044 ) ) ;
#1500 = CARTESIAN_POINT ( 'NONE',  ( -0.9149999999999858247, 0.000000000000000000, 0.7750000000000001332 ) ) ;
#1501 = FILL_AREA_STYLE_COLOUR ( '', #6133 ) ;
#1502 = DIRECTION ( 'NONE',  ( -0.000000000000000000, 0.000000000000000000, 1.000000000000000000 ) ) ;
#1503 = ORIENTED_EDGE ( 'NONE', *, *, #7499, .T. ) ;
#1504 = CARTESIAN_POINT ( 'NONE',  ( -0.9999999999999997780, 0.1199999999999999956, -0.2500000000000000000 ) ) ;
#1505 = VECTOR ( 'NONE', #2037, 1000.000000000000000 ) ;
#1506 = DIRECTION ( 'NONE',  ( -0.000000000000000000, 0.000000000000000000, -1.000000000000000000 ) ) ;
#1507 = VERTEX_POINT ( 'NONE', #4995 ) ;
#1508 = ORIENTED_EDGE ( 'NONE', *, *, #4623, .F. ) ;
#1509 = EDGE_CURVE ( 'NONE', #1496, #7006, #2471, .T. ) ;
#1510 = EDGE_CURVE ( 'NONE', #8745, #727, #1097, .T. ) ;
#1511 = VERTEX_POINT ( 'NONE', #1235 ) ;
#1512 = DIRECTION ( 'NONE',  ( 1.000000000000000000, 0.000000000000000000, -0.000000000000000000 ) ) ;
#1513 = DIRECTION ( 'NONE',  ( -0.000000000000000000, -1.000000000000000000, -0.000000000000000000 ) ) ;
#1514 = VECTOR ( 'NONE', #3165, 1000.000000000000000 ) ;
#1515 = DIRECTION ( 'NONE',  ( 0.000000000000000000, -0.000000000000000000, 1.000000000000000000 ) ) ;
#1516 = CARTESIAN_POINT ( 'NONE',  ( 0.02500000000000006384, 0.1199999999999999956, -1.000000000000000222 ) ) ;
#1517 = CARTESIAN_POINT ( 'NONE',  ( 1.000000000000000222, -2.828427124746189847, 0.9999999999999997780 ) ) ;
#1518 = ORIENTED_EDGE ( 'NONE', *, *, #9067, .T. ) ;
#1519 = CARTESIAN_POINT ( 'NONE',  ( -0.9149999999999952616, 0.05000000000000012768, -0.1250000000000000000 ) ) ;
#1520 = VERTEX_POINT ( 'NONE', #5709 ) ;
#1521 = ORIENTED_EDGE ( 'NONE', *, *, #6667, .T. ) ;
#1522 = ADVANCED_FACE ( 'NONE', ( #5046 ), #4281, .F. ) ;
#1523 = AXIS2_PLACEMENT_3D ( 'NONE', #5263, #9220, #5975 ) ;
#1524 = CARTESIAN_POINT ( 'NONE',  ( 0.4250000000000039302, 0.06999999999999975686, 0.2000000000000003164 ) ) ;
#1525 = LINE ( 'NONE', #722, #6726 ) ;
#1526 = CARTESIAN_POINT ( 'NONE',  ( 0.4999999999999997780, 0.05000000000000012768, 0.4799999999999998712 ) ) ;
#1527 = CARTESIAN_POINT ( 'NONE',  ( 0.02500000000000006384, 0.06999999999999986788, -1.000000000000000222 ) ) ;
#1528 = EDGE_CURVE ( 'NONE', #1766, #7631, #6506, .T. ) ;
#1529 = LINE ( 'NONE', #5335, #3611 ) ;
#1532 = ORIENTED_EDGE ( 'NONE', *, *, #8790, .F. ) ;
#1531 = VECTOR ( 'NONE', #399, 1000.000000000000000 ) ;
#1530 = CARTESIAN_POINT ( 'NONE',  ( -0.4800000000000000933, 0.000000000000000000, 0.5000000000000000000 ) ) ;
#1533 = DIRECTION ( 'NONE',  ( 0.000000000000000000, 0.000000000000000000, 1.000000000000000000 ) ) ;
#1534 = ORIENTED_EDGE ( 'NONE', *, *, #4478, .F. ) ;
#1535 = VERTEX_POINT ( 'NONE', #4903 ) ;
#1536 = VERTEX_POINT ( 'NONE', #306 ) ;
#1537 = AXIS2_PLACEMENT_3D ( 'NONE', #5883, #5831, #3561 ) ;
#1538 = CARTESIAN_POINT ( 'NONE',  ( -0.3200000000000000622, 0.05000000000000012768, -0.7549999999999950084 ) ) ;
#1539 = DIRECTION ( 'NONE',  ( 0.000000000000000000, -1.000000000000000000, 0.000000000000000000 ) ) ;
#1540 = DIRECTION ( 'NONE',  ( -1.000000000000000000, 0.000000000000000000, 7.744301232039334431E-16 ) ) ;
#1541 = EDGE_CURVE ( 'NONE', #1658, #3898, #7268, .T. ) ;
#1542 = VERTEX_POINT ( 'NONE', #2576 ) ;
#1543 = VERTEX_POINT ( 'NONE', #2668 ) ;
#1544 = CARTESIAN_POINT ( 'NONE',  ( 0.4250000000000039302, 0.1199999999999999956, 0.9999999999999997780 ) ) ;
#1545 = CARTESIAN_POINT ( 'NONE',  ( -0.4250000000000039302, 0.1199999999999999956, -1.000000000000000222 ) ) ;
#1546 = LINE ( 'NONE', #2358, #838 ) ;
#1547 = CIRCLE ( 'NONE', #5093, 0.02000000000000005246 ) ;
#1548 = VECTOR ( 'NONE', #7540, 1000.000000000000000 ) ;
#1549 = DIRECTION ( 'NONE',  ( -0.000000000000000000, -0.000000000000000000, 1.000000000000000000 ) ) ;
#1550 = LINE ( 'NONE', #4538, #5924 ) ;
#1551 = LINE ( 'NONE', #7774, #4676 ) ;
#1552 = EDGE_CURVE ( 'NONE', #9913, #3065, #8843, .T. ) ;
#1553 = FACE_OUTER_BOUND ( 'NONE', #200, .T. ) ;
#1554 = EDGE_LOOP ( 'NONE', ( #6347, #7942, #3923, #9722, #2743, #6737, #2613, #8312, #7146, #1610, #1793, #5840, #3889, #2407, #2467, #9476, #3948, #9258, #9250, #7236, #5169, #5713, #2989, #2797, #7547, #9460, #4456, #2659, #4959, #6318, #2732, #6417, #483, #3015, #1156, #7074, #7286, #7001, #5966, #2122, #5315, #8769, #2222, #3147, #7434, #7972, #261, #3253, #412, #5285, #2248, #4273 ) ) ;
#1555 = CARTESIAN_POINT ( 'NONE',  ( -0.9999999999999997780, 0.5999999999999999778, 0.9999999999999997780 ) ) ;
#1556 = LINE ( 'NONE', #3179, #2253 ) ;
#1557 = ORIENTED_EDGE ( 'NONE', *, *, #9230, .F. ) ;
#1558 = ORIENTED_EDGE ( 'NONE', *, *, #3950, .T. ) ;
#1559 = ORIENTED_EDGE ( 'NONE', *, *, #4490, .T. ) ;
#1560 = DIRECTION ( 'NONE',  ( -0.000000000000000000, -0.000000000000000000, 1.000000000000000000 ) ) ;
#1562 = VECTOR ( 'NONE', #9297, 1000.000000000000000 ) ;
#1561 = CARTESIAN_POINT ( 'NONE',  ( -0.4250000000000039302, 0.06999999999999986788, -0.1999999999999998723 ) ) ;
#1563 = EDGE_CURVE ( 'NONE', #5618, #3100, #8146, .T. ) ;
#1564 = VERTEX_POINT ( 'NONE', #492 ) ;
#1565 = CARTESIAN_POINT ( 'NONE',  ( 0.3750000000000037748, 0.1199999999999999956, -1.000000000000000222 ) ) ;
#1566 = LINE ( 'NONE', #2478, #8227 ) ;
#1567 = DIRECTION ( 'NONE',  ( 0.000000000000000000, 1.000000000000000000, 0.000000000000000000 ) ) ;
#1568 = VERTEX_POINT ( 'NONE', #8043 ) ;
#1569 = FACE_BOUND ( 'NONE', #4249, .T. ) ;
#1570 = ORIENTED_EDGE ( 'NONE', *, *, #3774, .T. ) ;
#1571 = ORIENTED_EDGE ( 'NONE', *, *, #3091, .F. ) ;
#1572 = VECTOR ( 'NONE', #4549, 1000.000000000000000 ) ;
#1573 = DIRECTION ( 'NONE',  ( 0.000000000000000000, 0.000000000000000000, -1.000000000000000000 ) ) ;
#1574 = CARTESIAN_POINT ( 'NONE',  ( 0.3750000000000037748, 0.1199999999999999956, -0.7000000000000000666 ) ) ;
#1575 = ADVANCED_FACE ( 'NONE', ( #1185 ), #6460, .F. ) ;
#1576 = ADVANCED_FACE ( 'NONE', ( #6413 ), #6598, .T. ) ;
#1577 = DIRECTION ( 'NONE',  ( 0.000000000000000000, 1.000000000000000000, -0.000000000000000000 ) ) ;
#1578 = EDGE_CURVE ( 'NONE', #9156, #9818, #4192, .T. ) ;
#1579 = VECTOR ( 'NONE', #2451, 1000.000000000000000 ) ;
#1580 = CARTESIAN_POINT ( 'NONE',  ( -0.4250000000000039302, 0.1199999999999999956, 0.7000000000000005107 ) ) ;
#1582 = VERTEX_POINT ( 'NONE', #7995 ) ;
#1581 = CYLINDRICAL_SURFACE ( 'NONE', #7683, 0.02000000000000005246 ) ;
#1583 = CARTESIAN_POINT ( 'NONE',  ( -0.9999999999999997780, 0.1199999999999999956, -0.6500000000000000222 ) ) ;
#1584 = DIRECTION ( 'NONE',  ( -0.000000000000000000, -0.000000000000000000, 1.000000000000000000 ) ) ;
#1585 = DIRECTION ( 'NONE',  ( 0.000000000000000000, 0.000000000000000000, -1.000000000000000000 ) ) ;
#1586 = ORIENTED_EDGE ( 'NONE', *, *, #650, .T. ) ;
#1587 = EDGE_LOOP ( 'NONE', ( #8044, #4512, #8432, #2398 ) ) ;
#1588 = VECTOR ( 'NONE', #6610, 1000.000000000000000 ) ;
#1589 = VECTOR ( 'NONE', #5332, 1000.000000000000000 ) ;
#1590 = DIRECTION ( 'NONE',  ( 0.000000000000000000, 0.000000000000000000, -1.000000000000000000 ) ) ;
#1591 = DIRECTION ( 'NONE',  ( -0.000000000000000000, 1.000000000000000000, -0.000000000000000000 ) ) ;
#1592 =( NAMED_UNIT ( * ) PLANE_ANGLE_UNIT ( ) SI_UNIT ( $, .RADIAN. ) );
#1593 = ORIENTED_EDGE ( 'NONE', *, *, #6219, .F. ) ;
#1594 = ORIENTED_EDGE ( 'NONE', *, *, #7084, .T. ) ;
#1595 = LINE ( 'NONE', #1443, #7413 ) ;
#1596 = VECTOR ( 'NONE', #2068, 1000.000000000000000 ) ;
#1597 = DIRECTION ( 'NONE',  ( 0.000000000000000000, -1.000000000000000000, 0.000000000000000000 ) ) ;
#1598 = CARTESIAN_POINT ( 'NONE',  ( 0.3200000000000007838, 0.05000000000000012768, 0.9349999999999998312 ) ) ;
#1599 = VECTOR ( 'NONE', #8667, 1000.000000000000000 ) ;
#1600 = EDGE_CURVE ( 'NONE', #6966, #4270, #1055, .T. ) ;
#1601 = DIRECTION ( 'NONE',  ( -0.000000000000000000, 1.000000000000000000, -0.000000000000000000 ) ) ;
#1602 = VECTOR ( 'NONE', #1333, 1000.000000000000000 ) ;
#1603 = MECHANICAL_DESIGN_GEOMETRIC_PRESENTATION_REPRESENTATION (  '', ( #9490 ), #6910 ) ;
#1604 = CARTESIAN_POINT ( 'NONE',  ( 0.9349999999999950573, 0.05000000000000012768, -0.3049999999999998268 ) ) ;
#1605 = CYLINDRICAL_SURFACE ( 'NONE', #799, 0.02000000000000005246 ) ;
#1606 = CARTESIAN_POINT ( 'NONE',  ( 0.3750000000000037748, 0.06999999999999986788, -1.000000000000000222 ) ) ;
#1607 = VERTEX_POINT ( 'NONE', #3480 ) ;
#1608 = LINE ( 'NONE', #9352, #1363 ) ;
#1609 = CARTESIAN_POINT ( 'NONE',  ( -0.9149999999999858247, 0.05000000000000012768, 0.5950000000000000844 ) ) ;
#1610 = ORIENTED_EDGE ( 'NONE', *, *, #4415, .F. ) ;
#1611 = UNCERTAINTY_MEASURE_WITH_UNIT (LENGTH_MEASURE( 1.000000000000000082E-05 ), #5246, 'distance_accuracy_value', 'NONE');
#1612 = VECTOR ( 'NONE', #7974, 1000.000000000000000 ) ;
#1613 = EDGE_LOOP ( 'NONE', ( #9588, #8836, #6147, #9553 ) ) ;
#1614 = EDGE_CURVE ( 'NONE', #201, #7385, #6547, .T. ) ;
#1615 = DIRECTION ( 'NONE',  ( -0.000000000000000000, -0.000000000000000000, 1.000000000000000000 ) ) ;
#1616 = EDGE_CURVE ( 'NONE', #5719, #3277, #1397, .T. ) ;
#1617 = DIRECTION ( 'NONE',  ( -1.000000000000000000, 0.000000000000000000, 0.000000000000000000 ) ) ;
#1618 = VECTOR ( 'NONE', #1373, 1000.000000000000000 ) ;
#1619 = LINE ( 'NONE', #4705, #5794 ) ;
#1620 = EDGE_LOOP ( 'NONE', ( #4241, #5084, #6405, #3177 ) ) ;
#1621 = MANIFOLD_SOLID_BREP ( 'Boss-Extrude3[9]', #4041 ) ;
#1622 = PLANE ( 'NONE',  #6527 ) ;
#1623 = FACE_OUTER_BOUND ( 'NONE', #8306, .T. ) ;
#1624 = DIRECTION ( 'NONE',  ( -0.000000000000000000, -1.000000000000000000, -0.000000000000000000 ) ) ;
#1625 = VERTEX_POINT ( 'NONE', #4386 ) ;
#1626 = DIRECTION ( 'NONE',  ( 0.000000000000000000, -1.000000000000000000, 0.000000000000000000 ) ) ;
#1627 = ORIENTED_EDGE ( 'NONE', *, *, #2690, .T. ) ;
#1628 = EDGE_CURVE ( 'NONE', #6855, #6575, #8995, .T. ) ;
#1629 = LINE ( 'NONE', #1524, #9940 ) ;
#1630 = DIRECTION ( 'NONE',  ( 0.000000000000000000, 1.000000000000000000, 0.000000000000000000 ) ) ;
#1631 = CARTESIAN_POINT ( 'NONE',  ( -0.9349999999999952793, 0.05000000000000012768, -0.3050000000000000488 ) ) ;
#1632 = DIRECTION ( 'NONE',  ( 1.000000000000000000, 0.000000000000000000, 0.000000000000000000 ) ) ;
#1633 = VERTEX_POINT ( 'NONE', #5147 ) ;
#1634 = CARTESIAN_POINT ( 'NONE',  ( -0.7549999999999905675, 0.05000000000000012768, 0.1449999999999999345 ) ) ;
#1635 = VERTEX_POINT ( 'NONE', #7623 ) ;
#1636 = ORIENTED_EDGE ( 'NONE', *, *, #64, .F. ) ;
#1637 = ORIENTED_EDGE ( 'NONE', *, *, #8588, .F. ) ;
#1638 = ADVANCED_FACE ( 'NONE', ( #2066 ), #4437, .F. ) ;
#1639 = CARTESIAN_POINT ( 'NONE',  ( -0.3750000000000037748, 0.1199999999999999956, -1.000000000000000222 ) ) ;
#1640 = EDGE_CURVE ( 'NONE', #5995, #1607, #2271, .T. ) ;
#1641 = EDGE_CURVE ( 'NONE', #1507, #5753, #595, .T. ) ;
#1642 =( NAMED_UNIT ( * ) SI_UNIT ( $, .STERADIAN. ) SOLID_ANGLE_UNIT ( ) );
#1643 = CYLINDRICAL_SURFACE ( 'NONE', #8549, 0.02000000000000005246 ) ;
#1644 = PLANE ( 'NONE',  #8483 ) ;
#1645 = CARTESIAN_POINT ( 'NONE',  ( -0.4250000000000039302, 0.06999999999999975686, 0.7000000000000005107 ) ) ;
#1646 = SURFACE_STYLE_FILL_AREA ( #3264 ) ;
#1647 = ORIENTED_EDGE ( 'NONE', *, *, #4049, .F. ) ;
#1648 = ORIENTED_EDGE ( 'NONE', *, *, #8534, .F. ) ;
#1650 = VECTOR ( 'NONE', #4217, 1000.000000000000000 ) ;
#1649 = CARTESIAN_POINT ( 'NONE',  ( -0.08000000000000009881, 0.05000000000000012768, -0.7749999999999999112 ) ) ;
#1651 = LINE ( 'NONE', #5592, #3925 ) ;
#1652 = DIRECTION ( 'NONE',  ( 0.000000000000000000, 0.000000000000000000, 1.000000000000000000 ) ) ;
#1653 = EDGE_CURVE ( 'NONE', #8110, #2808, #3696, .T. ) ;
#1654 = VECTOR ( 'NONE', #1304, 1000.000000000000000 ) ;
#1655 = VECTOR ( 'NONE', #8826, 1000.000000000000000 ) ;
#1656 = CARTESIAN_POINT ( 'NONE',  ( 0.9349999999999903944, 0.05000000000000012768, 0.1450000000000001565 ) ) ;
#1657 = FACE_OUTER_BOUND ( 'NONE', #5682, .T. ) ;
#1658 = VERTEX_POINT ( 'NONE', #4593 ) ;
#1659 = ADVANCED_FACE ( 'NONE', ( #7573 ), #6009, .F. ) ;
#1660 = DIRECTION ( 'NONE',  ( 0.000000000000000000, 0.000000000000000000, -1.000000000000000000 ) ) ;
#1661 = ORIENTED_EDGE ( 'NONE', *, *, #2785, .F. ) ;
#1662 = COLOUR_RGB ( '',0.7921568627450980005, 0.8196078431372548767, 0.9333333333333333481 ) ;
#1663 = VERTEX_POINT ( 'NONE', #6702 ) ;
#1664 = ORIENTED_EDGE ( 'NONE', *, *, #1813, .T. ) ;
#1665 = AXIS2_PLACEMENT_3D ( 'NONE', #4893, #4938, #4083 ) ;
#1666 = FACE_OUTER_BOUND ( 'NONE', #8059, .T. ) ;
#1667 = VERTEX_POINT ( 'NONE', #3639 ) ;
#1668 = MANIFOLD_SOLID_BREP ( 'Boss-Extrude3[6]', #2114 ) ;
#1669 = CARTESIAN_POINT ( 'NONE',  ( 0.9349999999999950573, 0.05000000000000012768, -0.3049999999999998268 ) ) ;
#1670 = DIRECTION ( 'NONE',  ( 1.000000000000000000, 0.000000000000000000, 0.000000000000000000 ) ) ;
#1671 = CARTESIAN_POINT ( 'NONE',  ( 0.9349999999999903944, 0.000000000000000000, 0.1450000000000001565 ) ) ;
#1672 = ORIENTED_EDGE ( 'NONE', *, *, #6950, .F. ) ;
#1673 = EDGE_CURVE ( 'NONE', #8289, #3777, #9793, .T. ) ;
#1674 = FACE_OUTER_BOUND ( 'NONE', #6123, .T. ) ;
#1675 = ORIENTED_EDGE ( 'NONE', *, *, #3774, .F. ) ;
#1676 = ORIENTED_EDGE ( 'NONE', *, *, #7171, .T. ) ;
#1677 = CARTESIAN_POINT ( 'NONE',  ( 0.4250000000000039302, 0.1199999999999999956, -0.6500000000000000222 ) ) ;
#1678 = LINE ( 'NONE', #3867, #5471 ) ;
#1679 = DIRECTION ( 'NONE',  ( 0.000000000000000000, 0.000000000000000000, 1.000000000000000000 ) ) ;
#1680 = DIRECTION ( 'NONE',  ( 1.000000000000000000, -0.000000000000000000, -0.000000000000000000 ) ) ;
#1681 = VERTEX_POINT ( 'NONE', #53 ) ;
#1682 = ADVANCED_FACE ( 'NONE', ( #1553 ), #3276, .F. ) ;
#1683 = ORIENTED_EDGE ( 'NONE', *, *, #2261, .F. ) ;
#1684 = SHAPE_DEFINITION_REPRESENTATION ( #7887, #8785 ) ;
#1685 = ORIENTED_EDGE ( 'NONE', *, *, #6229, .T. ) ;
#1686 = ORIENTED_EDGE ( 'NONE', *, *, #1312, .F. ) ;
#1687 = VECTOR ( 'NONE', #1121, 1000.000000000000000 ) ;
#1688 = ORIENTED_EDGE ( 'NONE', *, *, #7816, .F. ) ;
#1689 = ORIENTED_EDGE ( 'NONE', *, *, #7845, .F. ) ;
#1690 = PLANE ( 'NONE',  #2386 ) ;
#1692 = VECTOR ( 'NONE', #3868, 1000.000000000000000 ) ;
#1691 = CYLINDRICAL_SURFACE ( 'NONE', #9812, 0.02000000000000005246 ) ;
#1693 = CARTESIAN_POINT ( 'NONE',  ( 0.7749999999999951372, 0.000000000000000000, -0.3049999999999998268 ) ) ;
#1694 = CARTESIAN_POINT ( 'NONE',  ( 0.02500000000000006384, 0.06999999999999975686, -1.000000000000000222 ) ) ;
#1695 = FILL_AREA_STYLE_COLOUR ( '', #6840 ) ;
#1696 = ORIENTED_EDGE ( 'NONE', *, *, #4454, .F. ) ;
#1697 = EDGE_CURVE ( 'NONE', #8651, #7328, #5451, .T. ) ;
#1698 = EDGE_CURVE ( 'NONE', #1429, #8617, #2513, .T. ) ;
#1699 = DIRECTION ( 'NONE',  ( 5.808225924029499591E-16, 0.000000000000000000, -1.000000000000000000 ) ) ;
#1700 = CARTESIAN_POINT ( 'NONE',  ( 0.09999999999999993616, 0.000000000000000000, -0.9149999999999997025 ) ) ;
#1701 = CARTESIAN_POINT ( 'NONE',  ( -0.02500000000000006384, 0.06999999999999985401, -0.2500000000000000000 ) ) ;
#1702 = VECTOR ( 'NONE', #9550, 1000.000000000000000 ) ;
#1703 = CARTESIAN_POINT ( 'NONE',  ( -0.02500000000000006384, 0.06999999999999975686, 0.7000000000000005107 ) ) ;
#1704 = MANIFOLD_SOLID_BREP ( 'Boss-Extrude3[4]', #2597 ) ;
#1705 = CARTESIAN_POINT ( 'NONE',  ( -0.9149999999999905986, 0.05000000000000012768, 0.3250000000000000111 ) ) ;
#1706 = DIRECTION ( 'NONE',  ( -0.000000000000000000, -1.000000000000000000, -0.000000000000000000 ) ) ;
#1707 = VECTOR ( 'NONE', #7653, 1000.000000000000000 ) ;
#1708 = EDGE_CURVE ( 'NONE', #8385, #1125, #1986, .T. ) ;
#1709 = ORIENTED_EDGE ( 'NONE', *, *, #6606, .T. ) ;
#1710 = EDGE_CURVE ( 'NONE', #3051, #2184, #5599, .T. ) ;
#1711 = DIRECTION ( 'NONE',  ( -0.000000000000000000, -0.000000000000000000, 1.000000000000000000 ) ) ;
#1712 = EDGE_CURVE ( 'NONE', #2685, #5062, #6165, .T. ) ;
#1713 = DIRECTION ( 'NONE',  ( 0.000000000000000000, 0.000000000000000000, 1.000000000000000000 ) ) ;
#1714 = VERTEX_POINT ( 'NONE', #7775 ) ;
#1715 = UNCERTAINTY_MEASURE_WITH_UNIT (LENGTH_MEASURE( 1.000000000000000082E-05 ), #9190, 'distance_accuracy_value', 'NONE');
#1716 = ORIENTED_EDGE ( 'NONE', *, *, #9893, .T. ) ;
#1717 = AXIS2_PLACEMENT_3D ( 'NONE', #1420, #4515, #618 ) ;
#1718 = ADVANCED_FACE ( 'NONE', ( #1657 ), #944, .T. ) ;
#1719 = LINE ( 'NONE', #6975, #5115 ) ;
#1720 = DIRECTION ( 'NONE',  ( -0.000000000000000000, -1.000000000000000000, -0.000000000000000000 ) ) ;
#1721 = MANIFOLD_SOLID_BREP ( 'Boss-Extrude3[11]', #29 ) ;
#1722 = LINE ( 'NONE', #8610, #3324 ) ;
#1723 = DIRECTION ( 'NONE',  ( 0.000000000000000000, 1.000000000000000000, 0.000000000000000000 ) ) ;
#1724 = CARTESIAN_POINT ( 'NONE',  ( -0.8249999999999997335, 0.5799999999999998490, -0.8250000000000000666 ) ) ;
#1726 = EDGE_LOOP ( 'NONE', ( #2709, #4528, #9392, #5206 ) ) ;
#1725 = VECTOR ( 'NONE', #9296, 1000.000000000000000 ) ;
#1727 = LINE ( 'NONE', #5377, #6806 ) ;
#1728 = ORIENTED_EDGE ( 'NONE', *, *, #4553, .F. ) ;
#1729 = ORIENTED_EDGE ( 'NONE', *, *, #5674, .T. ) ;
#1730 = VECTOR ( 'NONE', #4652, 1000.000000000000000 ) ;
#1731 = EDGE_CURVE ( 'NONE', #7849, #5218, #3176, .T. ) ;
#1732 = DIRECTION ( 'NONE',  ( -1.000000000000000000, 0.000000000000000000, -1.885568995626977845E-16 ) ) ;
#1733 = DIRECTION ( 'NONE',  ( 0.000000000000000000, 1.000000000000000000, 0.000000000000000000 ) ) ;
#1734 = CARTESIAN_POINT ( 'NONE',  ( 0.7549999999999903455, 0.000000000000000000, 0.1450000000000001565 ) ) ;
#1735 = ORIENTED_EDGE ( 'NONE', *, *, #7651, .T. ) ;
#1736 = ORIENTED_EDGE ( 'NONE', *, *, #2710, .F. ) ;
#1737 = ORIENTED_EDGE ( 'NONE', *, *, #5462, .F. ) ;
#1738 = AXIS2_PLACEMENT_3D ( 'NONE', #579, #7347, #4314 ) ;
#1739 = ORIENTED_EDGE ( 'NONE', *, *, #9906, .T. ) ;
#1740 = EDGE_LOOP ( 'NONE', ( #1952, #6510, #6616, #8844 ) ) ;
#1741 = EDGE_CURVE ( 'NONE', #8869, #603, #4985, .T. ) ;
#1742 = FACE_OUTER_BOUND ( 'NONE', #9132, .T. ) ;
#1743 = DIRECTION ( 'NONE',  ( 1.000000000000000000, -0.000000000000000000, -0.000000000000000000 ) ) ;
#1744 = VECTOR ( 'NONE', #1300, 1000.000000000000000 ) ;
#1745 = CARTESIAN_POINT ( 'NONE',  ( -0.09999999999999999167, 0.05000000000000012768, -0.9149999999999997025 ) ) ;
#1746 = DIRECTION ( 'NONE',  ( 0.000000000000000000, 1.000000000000000000, 0.000000000000000000 ) ) ;
#1747 = DIRECTION ( 'NONE',  ( -1.000000000000000000, 0.000000000000000000, 0.000000000000000000 ) ) ;
#1748 = FACE_BOUND ( 'NONE', #9910, .T. ) ;
#1749 = ORIENTED_EDGE ( 'NONE', *, *, #8479, .F. ) ;
#1750 = VERTEX_POINT ( 'NONE', #8791 ) ;
#1751 = CARTESIAN_POINT ( 'NONE',  ( -0.9999999999999997780, 0.1199999999999999956, 0.7000000000000005107 ) ) ;
#1752 = CARTESIAN_POINT ( 'NONE',  ( 1.000000000000000222, 0.5999999999999999778, 0.9999999999999997780 ) ) ;
#1753 = ORIENTED_EDGE ( 'NONE', *, *, #7696, .T. ) ;
#1754 = AXIS2_PLACEMENT_3D ( 'NONE', #1330, #7305, #7507 ) ;
#1755 = AXIS2_PLACEMENT_3D ( 'NONE', #7334, #2598, #1162 ) ;
#1756 = CARTESIAN_POINT ( 'NONE',  ( -0.7749999999999906963, 0.05000000000000012768, 0.1249999999999998890 ) ) ;
#1757 = ADVANCED_FACE ( 'NONE', ( #1856 ), #9537, .F. ) ;
#1758 = FACE_OUTER_BOUND ( 'NONE', #3210, .T. ) ;
#1759 = CARTESIAN_POINT ( 'NONE',  ( -0.5000000000000002220, 0.000000000000000000, 0.4799999999999998712 ) ) ;
#1760 = VECTOR ( 'NONE', #3549, 1000.000000000000000 ) ;
#1762 = AXIS2_PLACEMENT_3D ( 'NONE', #5867, #1355, #8204 ) ;
#1761 = PLANE ( 'NONE',  #2545 ) ;
#1763 = DIRECTION ( 'NONE',  ( 0.000000000000000000, 1.000000000000000000, 0.000000000000000000 ) ) ;
#1764 = ORIENTED_EDGE ( 'NONE', *, *, #2678, .T. ) ;
#1765 = DIRECTION ( 'NONE',  ( -0.000000000000000000, 1.000000000000000000, -0.000000000000000000 ) ) ;
#1766 = VERTEX_POINT ( 'NONE', #433 ) ;
#1767 = EDGE_LOOP ( 'NONE', ( #8208, #8211, #549, #4297 ) ) ;
#1768 = ORIENTED_EDGE ( 'NONE', *, *, #5704, .T. ) ;
#1769 = VECTOR ( 'NONE', #5605, 1000.000000000000000 ) ;
#1770 = CARTESIAN_POINT ( 'NONE',  ( -0.7749999999999859224, 0.05000000000000012768, 0.7750000000000001332 ) ) ;
#1771 = VECTOR ( 'NONE', #2933, 1000.000000000000000 ) ;
#1772 = EDGE_CURVE ( 'NONE', #8689, #6704, #2971, .T. ) ;
#1773 = EDGE_CURVE ( 'NONE', #1542, #8002, #339, .T. ) ;
#1774 = EDGE_CURVE ( 'NONE', #6255, #1750, #3422, .T. ) ;
#1775 = CARTESIAN_POINT ( 'NONE',  ( -0.02500000000000006384, 0.1199999999999999956, -1.000000000000000222 ) ) ;
#1776 = DIRECTION ( 'NONE',  ( -0.000000000000000000, -1.000000000000000000, -0.000000000000000000 ) ) ;
#1777 = CARTESIAN_POINT ( 'NONE',  ( -0.8249999999999997335, 0.5799999999999998490, -0.9250000000000002665 ) ) ;
#1779 = CARTESIAN_POINT ( 'NONE',  ( -0.9999999999999997780, 0.1199999999999999956, 0.2000000000000002054 ) ) ;
#1778 = VECTOR ( 'NONE', #282, 1000.000000000000000 ) ;
#1780 = PLANE ( 'NONE',  #6490 ) ;
#1781 = ORIENTED_EDGE ( 'NONE', *, *, #7416, .T. ) ;
#1782 = LINE ( 'NONE', #5087, #1296 ) ;
#1783 = ORIENTED_EDGE ( 'NONE', *, *, #1509, .T. ) ;
#1784 = VERTEX_POINT ( 'NONE', #1085 ) ;
#1785 = EDGE_CURVE ( 'NONE', #8617, #4320, #7162, .T. ) ;
#1786 = DIRECTION ( 'NONE',  ( 0.000000000000000000, 1.000000000000000000, 0.000000000000000000 ) ) ;
#1787 = DIRECTION ( 'NONE',  ( -7.744301232039333445E-16, 0.000000000000000000, 1.000000000000000000 ) ) ;
#1788 = CARTESIAN_POINT ( 'NONE',  ( 0.4250000000000039302, 0.06999999999999986788, -1.000000000000000222 ) ) ;
#1789 = ORIENTED_EDGE ( 'NONE', *, *, #2586, .F. ) ;
#1790 = ADVANCED_FACE ( 'NONE', ( #9634 ), #8833, .F. ) ;
#1791 = DIRECTION ( 'NONE',  ( -0.000000000000000000, -1.000000000000000000, -0.000000000000000000 ) ) ;
#1792 = ORIENTED_EDGE ( 'NONE', *, *, #3631, .T. ) ;
#1793 = ORIENTED_EDGE ( 'NONE', *, *, #2128, .F. ) ;
#1794 = MANIFOLD_SOLID_BREP ( 'Boss-Extrude2', #6310 ) ;
#1795 = VERTEX_POINT ( 'NONE', #5847 ) ;
#1796 = ORIENTED_EDGE ( 'NONE', *, *, #7300, .F. ) ;
#1797 = CLOSED_SHELL ( 'NONE', ( #6960, #7003, #4535, #2201, #7461, #6514, #7685, #3053, #2560, #5634 ) ) ;
#1798 = DIRECTION ( 'NONE',  ( -1.885568995626976613E-16, 0.000000000000000000, -1.000000000000000000 ) ) ;
#1799 = DIRECTION ( 'NONE',  ( 0.000000000000000000, -0.000000000000000000, 1.000000000000000000 ) ) ;
#1800 = CARTESIAN_POINT ( 'NONE',  ( -0.9149999999999905986, 0.000000000000000000, 0.1249999999999998890 ) ) ;
#1801 = DIRECTION ( 'NONE',  ( 0.000000000000000000, -0.000000000000000000, 1.000000000000000000 ) ) ;
#1802 = ORIENTED_EDGE ( 'NONE', *, *, #4699, .T. ) ;
#1803 = ORIENTED_EDGE ( 'NONE', *, *, #432, .F. ) ;
#1804 = DIRECTION ( 'NONE',  ( 0.000000000000000000, 0.000000000000000000, 1.000000000000000000 ) ) ;
#1805 = DIRECTION ( 'NONE',  ( -0.000000000000000000, -1.000000000000000000, -0.000000000000000000 ) ) ;
#1806 = LINE ( 'NONE', #4886, #1960 ) ;
#1807 = VECTOR ( 'NONE', #6882, 1000.000000000000000 ) ;
#1808 = MANIFOLD_SOLID_BREP ( 'Cut-Extrude3', #6470 ) ;
#1809 = VECTOR ( 'NONE', #7409, 1000.000000000000000 ) ;
#1810 =( NAMED_UNIT ( * ) SI_UNIT ( $, .STERADIAN. ) SOLID_ANGLE_UNIT ( ) );
#1811 = PLANE ( 'NONE',  #8395 ) ;
#1812 = ORIENTED_EDGE ( 'NONE', *, *, #2216, .T. ) ;
#1813 = EDGE_CURVE ( 'NONE', #7067, #4496, #995, .T. ) ;
#1814 = ORIENTED_EDGE ( 'NONE', *, *, #1021, .F. ) ;
#1815 = AXIS2_PLACEMENT_3D ( 'NONE', #7754, #1632, #78 ) ;
#1816 = VECTOR ( 'NONE', #3564, 1000.000000000000000 ) ;
#1817 = CARTESIAN_POINT ( 'NONE',  ( 1.000000000000000222, 0.1199999999999999956, -0.2500000000000000000 ) ) ;
#1818 = LINE ( 'NONE', #7266, #2774 ) ;
#1819 = CARTESIAN_POINT ( 'NONE',  ( -0.7749999999999859224, 0.05000000000000012768, 0.5950000000000000844 ) ) ;
#1820 = DIRECTION ( 'NONE',  ( 0.000000000000000000, 0.000000000000000000, 1.000000000000000000 ) ) ;
#1821 = CARTESIAN_POINT ( 'NONE',  ( 0.4250000000000039302, 0.06999999999999975686, -0.6500000000000000222 ) ) ;
#1822 = MANIFOLD_SOLID_BREP ( 'Boss-Extrude4', #8747 ) ;
#1824 = CIRCLE ( 'NONE', #8611, 0.01999999999999885897 ) ;
#1823 = CARTESIAN_POINT ( 'NONE',  ( -0.9999999999999997780, 0.06999999999999985401, 0.7000000000000005107 ) ) ;
#1825 =( GEOMETRIC_REPRESENTATION_CONTEXT ( 3 ) GLOBAL_UNCERTAINTY_ASSIGNED_CONTEXT ( ( #1611 ) ) GLOBAL_UNIT_ASSIGNED_CONTEXT ( ( #5246, #8500, #5355 ) ) REPRESENTATION_CONTEXT ( 'NONE', 'WORKASPACE' ) );
#1826 = CARTESIAN_POINT ( 'NONE',  ( 0.09999999999999993616, 0.05000000000000012768, -0.9149999999999997025 ) ) ;
#1827 = DIRECTION ( 'NONE',  ( 1.885568995626976613E-16, 0.000000000000000000, 1.000000000000000000 ) ) ;
#1828 = VERTEX_POINT ( 'NONE', #2259 ) ;
#1830 = EDGE_CURVE ( 'NONE', #1507, #1070, #9036, .T. ) ;
#1829 = CARTESIAN_POINT ( 'NONE',  ( 0.02500000000000006384, 0.06999999999999975686, 0.2500000000000004441 ) ) ;
#1831 = EDGE_CURVE ( 'NONE', #9932, #2194, #8633, .T. ) ;
#1832 = EDGE_CURVE ( 'NONE', #9449, #2829, #5542, .T. ) ;
#1833 = ORIENTED_EDGE ( 'NONE', *, *, #547, .F. ) ;
#1834 = ORIENTED_EDGE ( 'NONE', *, *, #8763, .T. ) ;
#1835 = AXIS2_PLACEMENT_3D ( 'NONE', #5586, #3411, #1801 ) ;
#1836 = DIRECTION ( 'NONE',  ( 0.000000000000000000, 0.000000000000000000, 1.000000000000000000 ) ) ;
#1837 = DIRECTION ( 'NONE',  ( -0.000000000000000000, -1.000000000000000000, -0.000000000000000000 ) ) ;
#1838 = CARTESIAN_POINT ( 'NONE',  ( 0.4250000000000039302, 0.1199999999999999956, -1.000000000000000222 ) ) ;
#1839 = EDGE_LOOP ( 'NONE', ( #1417, #7679, #601, #3815 ) ) ;
#1840 = EDGE_CURVE ( 'NONE', #681, #3968, #4122, .T. ) ;
#1841 = VERTEX_POINT ( 'NONE', #5689 ) ;
#1842 = ORIENTED_EDGE ( 'NONE', *, *, #9787, .T. ) ;
#1843 = ADVANCED_FACE ( 'NONE', ( #1122 ), #8780, .F. ) ;
#1844 = DIRECTION ( 'NONE',  ( -0.000000000000000000, -0.000000000000000000, -1.000000000000000000 ) ) ;
#1845 = CARTESIAN_POINT ( 'NONE',  ( 0.9149999999999853806, 0.05000000000000012768, 0.7750000000000004663 ) ) ;
#1846 = CARTESIAN_POINT ( 'NONE',  ( -0.8249999999999997335, 0.5799999999999998490, -0.8250000000000000666 ) ) ;
#1848 = ORIENTED_EDGE ( 'NONE', *, *, #7632, .T. ) ;
#1847 = AXIS2_PLACEMENT_3D ( 'NONE', #9670, #517, #7597 ) ;
#1849 = PLANE ( 'NONE',  #7249 ) ;
#1850 = DIRECTION ( 'NONE',  ( -0.000000000000000000, -1.000000000000000000, -0.000000000000000000 ) ) ;
#1851 = AXIS2_PLACEMENT_3D ( 'NONE', #2679, #7280, #4200 ) ;
#1852 = ADVANCED_FACE ( 'NONE', ( #4828 ), #7292, .T. ) ;
#1853 = CARTESIAN_POINT ( 'NONE',  ( -0.7749999999999859224, 0.05000000000000012768, 0.5749999999999999556 ) ) ;
#1854 = DIRECTION ( 'NONE',  ( 0.000000000000000000, 0.000000000000000000, -1.000000000000000000 ) ) ;
#1855 = CARTESIAN_POINT ( 'NONE',  ( 0.4250000000000039302, 0.06999999999999975686, -0.7000000000000000666 ) ) ;
#1856 = FACE_OUTER_BOUND ( 'NONE', #1342, .T. ) ;
#1857 = ORIENTED_EDGE ( 'NONE', *, *, #1180, .F. ) ;
#1858 = DIRECTION ( 'NONE',  ( -1.000000000000000000, 0.000000000000000000, 0.000000000000000000 ) ) ;
#1859 = ORIENTED_EDGE ( 'NONE', *, *, #7355, .T. ) ;
#1860 = VECTOR ( 'NONE', #353, 1000.000000000000000 ) ;
#1861 = VERTEX_POINT ( 'NONE', #8021 ) ;
#1862 = VERTEX_POINT ( 'NONE', #3457 ) ;
#1863 = LINE ( 'NONE', #1770, #7357 ) ;
#1864 = VECTOR ( 'NONE', #1316, 1000.000000000000000 ) ;
#1865 = DIRECTION ( 'NONE',  ( 0.000000000000000000, 0.000000000000000000, -1.000000000000000000 ) ) ;
#1866 = DIRECTION ( 'NONE',  ( 0.000000000000000000, 1.000000000000000000, -0.000000000000000000 ) ) ;
#1867 = CARTESIAN_POINT ( 'NONE',  ( -0.3750000000000037748, 0.1199999999999999956, 0.9999999999999997780 ) ) ;
#1868 = DIRECTION ( 'NONE',  ( 0.000000000000000000, 1.000000000000000000, 0.000000000000000000 ) ) ;
#1869 = DIRECTION ( 'NONE',  ( 1.000000000000000000, 0.000000000000000000, 0.000000000000000000 ) ) ;
#1870 = CARTESIAN_POINT ( 'NONE',  ( -0.4800000000000075318, 0.05000000000000012768, 0.7549999999999965627 ) ) ;
#1871 = ORIENTED_EDGE ( 'NONE', *, *, #1051, .F. ) ;
#1872 = DIRECTION ( 'NONE',  ( 0.000000000000000000, 1.000000000000000000, 0.000000000000000000 ) ) ;
#1873 = VERTEX_POINT ( 'NONE', #1077 ) ;
#1874 = ORIENTED_EDGE ( 'NONE', *, *, #6535, .T. ) ;
#1875 = VECTOR ( 'NONE', #968, 1000.000000000000000 ) ;
#1876 = EDGE_CURVE ( 'NONE', #5187, #3002, #9265, .T. ) ;
#1878 = STYLED_ITEM ( 'NONE', ( #5856 ), #5209 ) ;
#1877 = LINE ( 'NONE', #2484, #3707 ) ;
#1879 = DIRECTION ( 'NONE',  ( 1.000000000000000000, -0.000000000000000000, -0.000000000000000000 ) ) ;
#1880 = PLANE ( 'NONE',  #5842 ) ;
#1881 = ORIENTED_EDGE ( 'NONE', *, *, #7158, .T. ) ;
#1882 = DIRECTION ( 'NONE',  ( -1.000000000000000000, 0.000000000000000000, 0.000000000000000000 ) ) ;
#1883 = ORIENTED_EDGE ( 'NONE', *, *, #1578, .F. ) ;
#1884 = ORIENTED_EDGE ( 'NONE', *, *, #7881, .F. ) ;
#1885 = ORIENTED_EDGE ( 'NONE', *, *, #1876, .T. ) ;
#1886 = VECTOR ( 'NONE', #9546, 1000.000000000000000 ) ;
#1887 = FACE_OUTER_BOUND ( 'NONE', #5519, .T. ) ;
#1888 = ADVANCED_FACE ( 'NONE', ( #2551 ), #4166, .T. ) ;
#1889 = ADVANCED_FACE ( 'NONE', ( #8118, #4256, #7244, #2499, #1895, #8069, #6530 ), #328, .T. ) ;
#1890 = CARTESIAN_POINT ( 'NONE',  ( 0.02500000000000006384, 0.06999999999999975686, 0.9999999999999997780 ) ) ;
#1891 = EDGE_CURVE ( 'NONE', #186, #6935, #4880, .T. ) ;
#1892 = DIRECTION ( 'NONE',  ( 0.000000000000000000, 0.000000000000000000, 1.000000000000000000 ) ) ;
#1893 = DIRECTION ( 'NONE',  ( -0.000000000000000000, -1.000000000000000000, -0.000000000000000000 ) ) ;
#1894 = VECTOR ( 'NONE', #9775, 1000.000000000000000 ) ;
#1895 = FACE_BOUND ( 'NONE', #8481, .T. ) ;
#1896 = ORIENTED_EDGE ( 'NONE', *, *, #333, .T. ) ;
#1897 = ORIENTED_EDGE ( 'NONE', *, *, #938, .T. ) ;
#1898 = CARTESIAN_POINT ( 'NONE',  ( 0.3750000000000037748, 0.06999999999999985401, -0.7000000000000000666 ) ) ;
#1899 = FACE_OUTER_BOUND ( 'NONE', #2721, .T. ) ;
#1900 = CARTESIAN_POINT ( 'NONE',  ( -0.7749999999999953593, 0.000000000000000000, -0.1450000000000000455 ) ) ;
#1901 = CIRCLE ( 'NONE', #3362, 0.1000000000000001582 ) ;
#1902 = LINE ( 'NONE', #2861, #8665 ) ;
#1903 = CARTESIAN_POINT ( 'NONE',  ( 0.9149999999999903766, 0.000000000000000000, 0.1450000000000001565 ) ) ;
#1904 = DIRECTION ( 'NONE',  ( 0.000000000000000000, -1.000000000000000000, 0.000000000000000000 ) ) ;
#1905 = DIRECTION ( 'NONE',  ( -0.000000000000000000, -0.000000000000000000, 1.000000000000000000 ) ) ;
#1906 = ORIENTED_EDGE ( 'NONE', *, *, #4879, .F. ) ;
#1907 = CARTESIAN_POINT ( 'NONE',  ( 1.000000000000000222, 0.06999999999999975686, 0.2000000000000002054 ) ) ;
#1908 = VECTOR ( 'NONE', #3317, 1000.000000000000000 ) ;
#1909 = ORIENTED_EDGE ( 'NONE', *, *, #3557, .F. ) ;
#1910 = EDGE_CURVE ( 'NONE', #5218, #5012, #7199, .T. ) ;
#1911 = ORIENTED_EDGE ( 'NONE', *, *, #334, .T. ) ;
#1912 = DIRECTION ( 'NONE',  ( 0.000000000000000000, 1.000000000000000000, -0.000000000000000000 ) ) ;
#1913 = AXIS2_PLACEMENT_3D ( 'NONE', #4950, #4906, #4097 ) ;
#1914 = AXIS2_PLACEMENT_3D ( 'NONE', #758, #4653, #6271 ) ;
#1915 = CARTESIAN_POINT ( 'NONE',  ( -0.02500000000000006384, 0.06999999999999986788, -1.000000000000000222 ) ) ;
#1916 = LINE ( 'NONE', #5810, #8448 ) ;
#1917 = FACE_OUTER_BOUND ( 'NONE', #568, .T. ) ;
#1918 = CARTESIAN_POINT ( 'NONE',  ( -0.3750000000000037748, 0.06999999999999975686, 0.7000000000000005107 ) ) ;
#1919 = EDGE_LOOP ( 'NONE', ( #7165, #2568, #7985, #9314 ) ) ;
#1920 = CARTESIAN_POINT ( 'NONE',  ( -0.9999999999999997780, 0.06999999999999985401, -0.7000000000000000666 ) ) ;
#1921 = CARTESIAN_POINT ( 'NONE',  ( -0.3750000000000037748, 0.06999999999999985401, -0.1999999999999998723 ) ) ;
#1922 = CARTESIAN_POINT ( 'NONE',  ( 0.02500000000000006384, 0.1199999999999999956, 0.7000000000000005107 ) ) ;
#1923 = VERTEX_POINT ( 'NONE', #7971 ) ;
#1924 = FACE_OUTER_BOUND ( 'NONE', #3786, .T. ) ;
#1925 = VECTOR ( 'NONE', #8302, 1000.000000000000000 ) ;
#1926 = EDGE_CURVE ( 'NONE', #3714, #925, #857, .T. ) ;
#1927 = VECTOR ( 'NONE', #5944, 1000.000000000000000 ) ;
#1928 = CARTESIAN_POINT ( 'NONE',  ( 0.3000000000000005440, 0.05000000000000012768, 0.9149999999999997025 ) ) ;
#1929 = DIRECTION ( 'NONE',  ( 0.000000000000000000, 1.000000000000000000, -0.000000000000000000 ) ) ;
#1930 = FACE_OUTER_BOUND ( 'NONE', #9876, .T. ) ;
#1931 = VERTEX_POINT ( 'NONE', #9474 ) ;
#1932 = ORIENTED_EDGE ( 'NONE', *, *, #6558, .T. ) ;
#1933 = EDGE_CURVE ( 'NONE', #5997, #1038, #8937, .T. ) ;
#1934 = COLOUR_RGB ( '',0.7921568627450980005, 0.8196078431372548767, 0.9333333333333333481 ) ;
#1935 = DIRECTION ( 'NONE',  ( 0.000000000000000000, 1.000000000000000000, 0.000000000000000000 ) ) ;
#1936 = LINE ( 'NONE', #9572, #3622 ) ;
#1937 = CARTESIAN_POINT ( 'NONE',  ( 0.000000000000000000, 0.06999999999999975686, 0.000000000000000000 ) ) ;
#1938 = ORIENTED_EDGE ( 'NONE', *, *, #2116, .T. ) ;
#1939 = ORIENTED_EDGE ( 'NONE', *, *, #2981, .F. ) ;
#1940 = DIRECTION ( 'NONE',  ( 0.000000000000000000, 1.000000000000000000, -0.000000000000000000 ) ) ;
#1941 = LINE ( 'NONE', #4075, #1970 ) ;
#1942 = CARTESIAN_POINT ( 'NONE',  ( -0.9999999999999997780, 0.06999999999999985401, 0.6500000000000003553 ) ) ;
#1943 = ADVANCED_FACE ( 'NONE', ( #1163, #9424, #9527, #8867, #2693, #1748, #5788 ), #4070, .F. ) ;
#1944 = EDGE_CURVE ( 'NONE', #5531, #8385, #420, .T. ) ;
#1945 = EDGE_CURVE ( 'NONE', #5865, #2184, #9022, .T. ) ;
#1946 = VECTOR ( 'NONE', #3305, 1000.000000000000000 ) ;
#1947 = CARTESIAN_POINT ( 'NONE',  ( -0.5000000000000002220, 0.000000000000000000, -0.3750000000000000000 ) ) ;
#1948 = CARTESIAN_POINT ( 'NONE',  ( 0.7549999999999950084, 0.000000000000000000, -0.3049999999999998268 ) ) ;
#1949 = DIRECTION ( 'NONE',  ( -0.000000000000000000, -1.000000000000000000, -0.000000000000000000 ) ) ;
#1950 = CARTESIAN_POINT ( 'NONE',  ( -0.4250000000000039302, 0.1199999999999999956, 0.7000000000000005107 ) ) ;
#1951 = VERTEX_POINT ( 'NONE', #9671 ) ;
#1952 = ORIENTED_EDGE ( 'NONE', *, *, #3544, .T. ) ;
#1954 = VECTOR ( 'NONE', #7891, 1000.000000000000000 ) ;
#1953 = DIRECTION ( 'NONE',  ( 0.000000000000000000, 0.000000000000000000, 1.000000000000000000 ) ) ;
#1955 = ORIENTED_EDGE ( 'NONE', *, *, #6026, .F. ) ;
#1956 = ADVANCED_FACE ( 'NONE', ( #5225 ), #9076, .F. ) ;
#1957 = ORIENTED_EDGE ( 'NONE', *, *, #1312, .T. ) ;
#1958 = ORIENTED_EDGE ( 'NONE', *, *, #9369, .F. ) ;
#1959 = DIRECTION ( 'NONE',  ( 0.000000000000000000, 1.000000000000000000, -0.000000000000000000 ) ) ;
#1960 = VECTOR ( 'NONE', #7202, 1000.000000000000000 ) ;
#1961 = DIRECTION ( 'NONE',  ( -0.000000000000000000, 1.000000000000000000, -0.000000000000000000 ) ) ;
#1962 = ADVANCED_FACE ( 'NONE', ( #2096 ), #9128, .T. ) ;
#1963 = CARTESIAN_POINT ( 'NONE',  ( -0.4250000000000039302, 0.1199999999999999956, -1.000000000000000222 ) ) ;
#1964 = DIRECTION ( 'NONE',  ( -0.000000000000000000, 1.000000000000000000, -0.000000000000000000 ) ) ;
#1965 = LINE ( 'NONE', #2718, #7833 ) ;
#1966 = CARTESIAN_POINT ( 'NONE',  ( -0.4800000000000075318, 0.05000000000000012768, 0.7549999999999965627 ) ) ;
#1967 = CARTESIAN_POINT ( 'NONE',  ( -0.9999999999999997780, 0.1199999999999999956, -0.7000000000000000666 ) ) ;
#1968 = VERTEX_POINT ( 'NONE', #5882 ) ;
#1969 = VECTOR ( 'NONE', #824, 1000.000000000000000 ) ;
#1970 = VECTOR ( 'NONE', #8124, 1000.000000000000000 ) ;
#1971 = VERTEX_POINT ( 'NONE', #566 ) ;
#1972 = AXIS2_PLACEMENT_3D ( 'NONE', #450, #2017, #2720 ) ;
#1973 = AXIS2_PLACEMENT_3D ( 'NONE', #2716, #398, #1142 ) ;
#1974 = FACE_OUTER_BOUND ( 'NONE', #3766, .T. ) ;
#1975 = ADVANCED_FACE ( 'NONE', ( #4463 ), #9764, .F. ) ;
#1976 = DIRECTION ( 'NONE',  ( 1.000000000000000000, -0.000000000000000000, -0.000000000000000000 ) ) ;
#1977 = CARTESIAN_POINT ( 'NONE',  ( 1.000000000000000222, 0.1199999999999999956, 0.2000000000000002054 ) ) ;
#1978 = DIRECTION ( 'NONE',  ( 0.000000000000000000, 0.000000000000000000, -1.000000000000000000 ) ) ;
#1979 = ORIENTED_EDGE ( 'NONE', *, *, #2370, .T. ) ;
#1980 = DIRECTION ( 'NONE',  ( 0.000000000000000000, 0.000000000000000000, -1.000000000000000000 ) ) ;
#1981 = ORIENTED_EDGE ( 'NONE', *, *, #7026, .T. ) ;
#1982 = ORIENTED_EDGE ( 'NONE', *, *, #3892, .T. ) ;
#1983 = STYLED_ITEM ( 'NONE', ( #4034 ), #1704 ) ;
#1984 = CARTESIAN_POINT ( 'NONE',  ( -0.9999999999999997780, 0.06999999999999985401, -0.6500000000000000222 ) ) ;
#1985 = CARTESIAN_POINT ( 'NONE',  ( 0.5000000000000001110, 0.000000000000000000, -0.7750000000000000222 ) ) ;
#1986 = CIRCLE ( 'NONE', #7150, 0.1250000000000000000 ) ;
#1987 = CARTESIAN_POINT ( 'NONE',  ( 0.9350000000000000533, 0.05000000000000012768, -0.5949999999999998623 ) ) ;
#1989 = ORIENTED_EDGE ( 'NONE', *, *, #4276, .T. ) ;
#1988 = DIRECTION ( 'NONE',  ( 1.000000000000000000, 0.000000000000000000, 0.000000000000000000 ) ) ;
#1990 = ORIENTED_EDGE ( 'NONE', *, *, #1377, .F. ) ;
#1991 = LINE ( 'NONE', #3615, #4342 ) ;
#1992 = DIRECTION ( 'NONE',  ( 0.000000000000000000, -0.000000000000000000, 1.000000000000000000 ) ) ;
#1993 = LINE ( 'NONE', #5511, #7365 ) ;
#1994 = CARTESIAN_POINT ( 'NONE',  ( 0.5000000000000000000, 0.000000000000000000, -0.9149999999999997025 ) ) ;
#1995 = EDGE_CURVE ( 'NONE', #3453, #7140, #6572, .T. ) ;
#1996 = EDGE_CURVE ( 'NONE', #7372, #3640, #2849, .T. ) ;
#1997 = DIRECTION ( 'NONE',  ( 0.000000000000000000, 0.000000000000000000, 1.000000000000000000 ) ) ;
#1998 = DIRECTION ( 'NONE',  ( 0.000000000000000000, 1.000000000000000000, 0.000000000000000000 ) ) ;
#1999 = CARTESIAN_POINT ( 'NONE',  ( 0.4250000000000039302, 0.1199999999999999956, -0.2500000000000000000 ) ) ;
#2000 = DIRECTION ( 'NONE',  ( 0.000000000000000000, 0.000000000000000000, -1.000000000000000000 ) ) ;
#2001 = EDGE_LOOP ( 'NONE', ( #3258, #1006, #4809, #8438 ) ) ;
#2002 = ORIENTED_EDGE ( 'NONE', *, *, #3151, .F. ) ;
#2003 = LINE ( 'NONE', #5804, #7568 ) ;
#2004 = DIRECTION ( 'NONE',  ( -1.000000000000000000, 0.000000000000000000, 0.000000000000000000 ) ) ;
#2005 = VERTEX_POINT ( 'NONE', #4360 ) ;
#2006 = VECTOR ( 'NONE', #5235, 1000.000000000000000 ) ;
#2007 = EDGE_CURVE ( 'NONE', #3579, #3244, #625, .T. ) ;
#2008 = EDGE_CURVE ( 'NONE', #7525, #2685, #4304, .T. ) ;
#2009 = CARTESIAN_POINT ( 'NONE',  ( -0.7550000000000000044, 0.05000000000000012768, -0.7549999999999998934 ) ) ;
#2010 = EDGE_CURVE ( 'NONE', #1607, #6202, #469, .T. ) ;
#2011 = LINE ( 'NONE', #9100, #5967 ) ;
#2012 = VECTOR ( 'NONE', #1837, 1000.000000000000000 ) ;
#2013 = CARTESIAN_POINT ( 'NONE',  ( -0.5000000000000102141, 0.05000000000000012768, 0.9149999999999983702 ) ) ;
#2014 = ORIENTED_EDGE ( 'NONE', *, *, #9867, .T. ) ;
#2015 = CARTESIAN_POINT ( 'NONE',  ( -0.9149999999999858247, 0.05000000000000012768, 0.5749999999999999556 ) ) ;
#2016 = CARTESIAN_POINT ( 'NONE',  ( -0.2999999999999995448, 0.05000000000000012768, 0.9150000000000001465 ) ) ;
#2017 = DIRECTION ( 'NONE',  ( 1.000000000000000000, 0.000000000000000000, 0.000000000000000000 ) ) ;
#2018 = ORIENTED_EDGE ( 'NONE', *, *, #5923, .T. ) ;
#2019 = FACE_OUTER_BOUND ( 'NONE', #9644, .T. ) ;
#2020 = VERTEX_POINT ( 'NONE', #9871 ) ;
#2021 = VECTOR ( 'NONE', #7777, 1000.000000000000000 ) ;
#2022 = DIRECTION ( 'NONE',  ( 0.000000000000000000, 0.000000000000000000, -1.000000000000000000 ) ) ;
#2023 = FACE_OUTER_BOUND ( 'NONE', #6292, .T. ) ;
#2024 = LINE ( 'NONE', #9749, #8842 ) ;
#2025 = CARTESIAN_POINT ( 'NONE',  ( -0.9999999999999997780, 0.1199999999999999956, -0.2500000000000000000 ) ) ;
#2026 = SURFACE_STYLE_USAGE ( .BOTH. , #1251 ) ;
#2027 = LINE ( 'NONE', #5109, #5532 ) ;
#2029 = ORIENTED_EDGE ( 'NONE', *, *, #1310, .T. ) ;
#2028 = MECHANICAL_DESIGN_GEOMETRIC_PRESENTATION_REPRESENTATION (  '', ( #7035 ), #7203 ) ;
#2030 = DIRECTION ( 'NONE',  ( 1.000000000000000000, 0.000000000000000000, 0.000000000000000000 ) ) ;
#2031 = VERTEX_POINT ( 'NONE', #7599 ) ;
#2032 = VERTEX_POINT ( 'NONE', #2146 ) ;
#2033 = EDGE_CURVE ( 'NONE', #657, #808, #5830, .T. ) ;
#2034 = EDGE_CURVE ( 'NONE', #9015, #9515, #3427, .T. ) ;
#2035 = DIRECTION ( 'NONE',  ( -1.000000000000000000, 0.000000000000000000, -1.161645184805899918E-15 ) ) ;
#2036 = VERTEX_POINT ( 'NONE', #8970 ) ;
#2037 = DIRECTION ( 'NONE',  ( -0.000000000000000000, -1.000000000000000000, -0.000000000000000000 ) ) ;
#2039 = ORIENTED_EDGE ( 'NONE', *, *, #3284, .T. ) ;
#2038 = PLANE ( 'NONE',  #4128 ) ;
#2040 = VERTEX_POINT ( 'NONE', #6622 ) ;
#2041 = LINE ( 'NONE', #7446, #8406 ) ;
#2042 = LINE ( 'NONE', #2196, #8123 ) ;
#2043 = CARTESIAN_POINT ( 'NONE',  ( -0.7750000000000001332, 0.05000000000000012768, -0.5950000000000000844 ) ) ;
#2044 = VECTOR ( 'NONE', #3758, 1000.000000000000000 ) ;
#2045 = ADVANCED_FACE ( 'NONE', ( #7443 ), #2962, .F. ) ;
#2046 = EDGE_CURVE ( 'NONE', #1681, #987, #2740, .T. ) ;
#2047 = ORIENTED_EDGE ( 'NONE', *, *, #4290, .T. ) ;
#2048 = FACE_OUTER_BOUND ( 'NONE', #7579, .T. ) ;
#2049 = VECTOR ( 'NONE', #9099, 1000.000000000000000 ) ;
#2050 = LINE ( 'NONE', #1169, #7513 ) ;
#2051 = DIRECTION ( 'NONE',  ( 0.000000000000000000, -1.000000000000000000, -0.000000000000000000 ) ) ;
#2052 = LINE ( 'NONE', #1999, #4163 ) ;
#2053 = EDGE_LOOP ( 'NONE', ( #314, #1242, #3033, #6357 ) ) ;
#2054 = VERTEX_POINT ( 'NONE', #8911 ) ;
#2055 = CARTESIAN_POINT ( 'NONE',  ( 0.4250000000000039302, 0.06999999999999975686, 0.7000000000000005107 ) ) ;
#2056 = CARTESIAN_POINT ( 'NONE',  ( -0.02500000000000006384, 0.1199999999999999956, 0.7000000000000005107 ) ) ;
#2057 = ORIENTED_EDGE ( 'NONE', *, *, #2448, .F. ) ;
#2058 = ORIENTED_EDGE ( 'NONE', *, *, #6186, .F. ) ;
#2059 = VECTOR ( 'NONE', #5685, 1000.000000000000000 ) ;
#2060 = ADVANCED_FACE ( 'NONE', ( #2192 ), #5276, .T. ) ;
#2061 = LINE ( 'NONE', #2713, #132 ) ;
#2062 = CARTESIAN_POINT ( 'NONE',  ( -0.7549999999999857936, 0.05000000000000012768, 0.5950000000000000844 ) ) ;
#2063 = AXIS2_PLACEMENT_3D ( 'NONE', #956, #350, #6411 ) ;
#2065 = AXIS2_PLACEMENT_3D ( 'NONE', #9825, #3566, #5994 ) ;
#2064 = CARTESIAN_POINT ( 'NONE',  ( -0.9999999999999997780, 0.1199999999999999956, 0.2500000000000003331 ) ) ;
#2066 = FACE_OUTER_BOUND ( 'NONE', #6905, .T. ) ;
#2067 = DIRECTION ( 'NONE',  ( 0.000000000000000000, 0.000000000000000000, 1.000000000000000000 ) ) ;
#2068 = DIRECTION ( 'NONE',  ( 1.000000000000000000, 0.000000000000000000, 1.885568995626977845E-16 ) ) ;
#2069 = ORIENTED_EDGE ( 'NONE', *, *, #5718, .T. ) ;
#2070 = ORIENTED_EDGE ( 'NONE', *, *, #1389, .F. ) ;
#2071 = EDGE_CURVE ( 'NONE', #5616, #471, #678, .T. ) ;
#2072 = EDGE_CURVE ( 'NONE', #1484, #8518, #9971, .T. ) ;
#2073 = EDGE_LOOP ( 'NONE', ( #5922, #1254, #1165, #2047 ) ) ;
#2074 = EDGE_CURVE ( 'NONE', #344, #1174, #3206, .T. ) ;
#2075 = LINE ( 'NONE', #6658, #1572 ) ;
#2076 = VECTOR ( 'NONE', #2960, 1000.000000000000000 ) ;
#2077 = DIRECTION ( 'NONE',  ( 0.000000000000000000, 0.000000000000000000, 1.000000000000000000 ) ) ;
#2078 = LINE ( 'NONE', #3597, #3199 ) ;
#2079 = FACE_OUTER_BOUND ( 'NONE', #8931, .T. ) ;
#2081 = DIRECTION ( 'NONE',  ( 0.000000000000000000, -1.000000000000000000, 0.000000000000000000 ) ) ;
#2080 = AXIS2_PLACEMENT_3D ( 'NONE', #9221, #2283, #5374 ) ;
#2082 = VECTOR ( 'NONE', #8006, 1000.000000000000000 ) ;
#2083 = CARTESIAN_POINT ( 'NONE',  ( 0.7549999999999903455, 0.05000000000000012768, 0.1450000000000001565 ) ) ;
#2084 = ORIENTED_EDGE ( 'NONE', *, *, #4415, .T. ) ;
#2085 = CARTESIAN_POINT ( 'NONE',  ( -0.3000000000000050959, 0.000000000000000000, 0.7750000000000003553 ) ) ;
#2086 = ORIENTED_EDGE ( 'NONE', *, *, #3557, .T. ) ;
#2087 = VERTEX_POINT ( 'NONE', #3775 ) ;
#2088 = EDGE_CURVE ( 'NONE', #9714, #9756, #7848, .T. ) ;
#2089 = VECTOR ( 'NONE', #5896, 1000.000000000000000 ) ;
#2090 = VECTOR ( 'NONE', #5598, 1000.000000000000000 ) ;
#2091 = LINE ( 'NONE', #4390, #8202 ) ;
#2092 = DIRECTION ( 'NONE',  ( 0.000000000000000000, 0.000000000000000000, 1.000000000000000000 ) ) ;
#2093 = LINE ( 'NONE', #1527, #7820 ) ;
#2094 = ORIENTED_EDGE ( 'NONE', *, *, #2940, .F. ) ;
#2095 = ADVANCED_FACE ( 'NONE', ( #6892 ), #3010, .F. ) ;
#2096 = FACE_OUTER_BOUND ( 'NONE', #4547, .T. ) ;
#2097 = ORIENTED_EDGE ( 'NONE', *, *, #3380, .T. ) ;
#2098 = EDGE_LOOP ( 'NONE', ( #7906, #5501, #3308, #8896 ) ) ;
#2099 = CARTESIAN_POINT ( 'NONE',  ( -0.9999999999999997780, 0.06999999999999975686, -0.1999999999999998723 ) ) ;
#2100 = CARTESIAN_POINT ( 'NONE',  ( -0.3750000000000037748, 0.1199999999999999956, 0.2500000000000004441 ) ) ;
#2101 = ORIENTED_EDGE ( 'NONE', *, *, #3140, .T. ) ;
#2102 = VERTEX_POINT ( 'NONE', #3058 ) ;
#2103 = DIRECTION ( 'NONE',  ( 0.000000000000000000, -1.000000000000000000, 0.000000000000000000 ) ) ;
#2104 = LINE ( 'NONE', #5940, #7867 ) ;
#2105 = DIRECTION ( 'NONE',  ( 0.000000000000000000, 0.000000000000000000, 1.000000000000000000 ) ) ;
#2106 = ADVANCED_FACE ( 'NONE', ( #9372 ), #872, .F. ) ;
#2107 = VERTEX_POINT ( 'NONE', #3106 ) ;
#2108 = ORIENTED_EDGE ( 'NONE', *, *, #6850, .F. ) ;
#2109 = DIRECTION ( 'NONE',  ( -1.000000000000000000, 0.000000000000000000, 0.000000000000000000 ) ) ;
#2110 = LINE ( 'NONE', #2530, #7934 ) ;
#2111 = ORIENTED_EDGE ( 'NONE', *, *, #5271, .F. ) ;
#2112 = DIRECTION ( 'NONE',  ( 0.000000000000000000, 1.000000000000000000, 0.000000000000000000 ) ) ;
#2113 = DIRECTION ( 'NONE',  ( 0.000000000000000000, 0.000000000000000000, 1.000000000000000000 ) ) ;
#2114 = CLOSED_SHELL ( 'NONE', ( #1852, #139, #8018, #287, #6796, #6289, #7991, #8800, #9737, #870 ) ) ;
#2115 = PLANE ( 'NONE',  #6584 ) ;
#2116 = EDGE_CURVE ( 'NONE', #9568, #4320, #2393, .T. ) ;
#2117 = SURFACE_STYLE_USAGE ( .BOTH. , #2878 ) ;
#2118 = ORIENTED_EDGE ( 'NONE', *, *, #5716, .T. ) ;
#2119 = LINE ( 'NONE', #9103, #6379 ) ;
#2120 = DIRECTION ( 'NONE',  ( -7.744301232039333445E-16, 0.000000000000000000, 1.000000000000000000 ) ) ;
#2121 = CARTESIAN_POINT ( 'NONE',  ( 0.9349999999999853983, 0.05000000000000012768, 0.5950000000000005285 ) ) ;
#2122 = ORIENTED_EDGE ( 'NONE', *, *, #5971, .F. ) ;
#2123 = ORIENTED_EDGE ( 'NONE', *, *, #6592, .T. ) ;
#2124 = AXIS2_PLACEMENT_3D ( 'NONE', #3099, #4609, #9272 ) ;
#2125 = LINE ( 'NONE', #606, #6566 ) ;
#2126 = CARTESIAN_POINT ( 'NONE',  ( -0.9999999999999997780, 0.1199999999999999956, -0.2500000000000000000 ) ) ;
#2127 = CARTESIAN_POINT ( 'NONE',  ( 0.02500000000000006384, 0.1199999999999999956, -0.1999999999999998723 ) ) ;
#2128 = EDGE_CURVE ( 'NONE', #439, #5629, #2294, .T. ) ;
#2129 = ADVANCED_FACE ( 'NONE', ( #6143 ), #6943, .T. ) ;
#2130 = VECTOR ( 'NONE', #9782, 1000.000000000000000 ) ;
#2131 = CARTESIAN_POINT ( 'NONE',  ( -0.9999999999999997780, 0.1199999999999999956, 0.6500000000000003553 ) ) ;
#2132 = LINE ( 'NONE', #4401, #1654 ) ;
#2133 = ORIENTED_EDGE ( 'NONE', *, *, #3343, .F. ) ;
#2134 = CARTESIAN_POINT ( 'NONE',  ( 0.02500000000000006384, 0.06999999999999975686, -0.6500000000000000222 ) ) ;
#2135 = ORIENTED_EDGE ( 'NONE', *, *, #7880, .F. ) ;
#2136 = ORIENTED_EDGE ( 'NONE', *, *, #2448, .T. ) ;
#2137 = LINE ( 'NONE', #4513, #2226 ) ;
#2138 = AXIS2_PLACEMENT_3D ( 'NONE', #8622, #9234, #3917 ) ;
#2139 = AXIS2_PLACEMENT_3D ( 'NONE', #2966, #1270, #4364 ) ;
#2140 = LINE ( 'NONE', #2790, #1548 ) ;
#2141 = DIRECTION ( 'NONE',  ( 0.000000000000000000, 0.000000000000000000, -1.000000000000000000 ) ) ;
#2142 = EDGE_CURVE ( 'NONE', #5101, #4038, #2299, .T. ) ;
#2143 = DIRECTION ( 'NONE',  ( 0.000000000000000000, 1.000000000000000000, 0.000000000000000000 ) ) ;
#2144 = EDGE_LOOP ( 'NONE', ( #7633, #3489, #1012, #7044 ) ) ;
#2145 = EDGE_CURVE ( 'NONE', #177, #2788, #5866, .T. ) ;
#2146 = CARTESIAN_POINT ( 'NONE',  ( 0.9149999999999853806, 0.05000000000000012768, 0.5750000000000003997 ) ) ;
#2148 = ORIENTED_EDGE ( 'NONE', *, *, #9543, .T. ) ;
#2147 = CARTESIAN_POINT ( 'NONE',  ( -0.4800000000000090306, 0.05000000000000012768, 0.9149999999999953726 ) ) ;
#2149 = VERTEX_POINT ( 'NONE', #8581 ) ;
#2150 = AXIS2_PLACEMENT_3D ( 'NONE', #668, #3763, #6076 ) ;
#2151 = DIRECTION ( 'NONE',  ( 1.000000000000000000, 0.000000000000000000, 0.000000000000000000 ) ) ;
#2152 = CARTESIAN_POINT ( 'NONE',  ( -0.3200000000000075562, 0.05000000000000012768, 0.7749999999999970246 ) ) ;
#2153 = EDGE_LOOP ( 'NONE', ( #1331, #2173, #2907, #1069 ) ) ;
#2154 = VERTEX_POINT ( 'NONE', #2440 ) ;
#2155 = EDGE_CURVE ( 'NONE', #3522, #2644, #6088, .T. ) ;
#2156 = ORIENTED_EDGE ( 'NONE', *, *, #1376, .F. ) ;
#2157 = CARTESIAN_POINT ( 'NONE',  ( 1.000000000000000222, 0.1199999999999999956, 0.6500000000000003553 ) ) ;
#2158 = CARTESIAN_POINT ( 'NONE',  ( -0.3750000000000037748, 0.1199999999999999956, -0.2500000000000000000 ) ) ;
#2159 = LINE ( 'NONE', #8543, #6738 ) ;
#2160 = ORIENTED_EDGE ( 'NONE', *, *, #5746, .F. ) ;
#2161 = EDGE_LOOP ( 'NONE', ( #9084, #2482, #6028, #5217 ) ) ;
#2162 = DIRECTION ( 'NONE',  ( -0.000000000000000000, 0.000000000000000000, -1.000000000000000000 ) ) ;
#2163 = LINE ( 'NONE', #5241, #1146 ) ;
#2164 = ORIENTED_EDGE ( 'NONE', *, *, #9371, .F. ) ;
#2165 = EDGE_CURVE ( 'NONE', #5187, #1635, #1529, .T. ) ;
#2166 = CARTESIAN_POINT ( 'NONE',  ( -0.9349999999999906164, 0.05000000000000012768, 0.1449999999999999345 ) ) ;
#2167 = VERTEX_POINT ( 'NONE', #7700 ) ;
#2168 = CARTESIAN_POINT ( 'NONE',  ( -0.3750000000000037748, 0.06999999999999975686, -1.000000000000000222 ) ) ;
#2169 = DIRECTION ( 'NONE',  ( 0.000000000000000000, 0.000000000000000000, -1.000000000000000000 ) ) ;
#2170 = ORIENTED_EDGE ( 'NONE', *, *, #5168, .T. ) ;
#2171 = CARTESIAN_POINT ( 'NONE',  ( -0.02500000000000006384, 0.1199999999999999956, 0.7000000000000005107 ) ) ;
#2172 = VECTOR ( 'NONE', #677, 1000.000000000000000 ) ;
#2173 = ORIENTED_EDGE ( 'NONE', *, *, #2889, .F. ) ;
#2174 = VERTEX_POINT ( 'NONE', #9178 ) ;
#2175 = VERTEX_POINT ( 'NONE', #6236 ) ;
#2176 = VECTOR ( 'NONE', #9957, 1000.000000000000000 ) ;
#2177 = DIRECTION ( 'NONE',  ( -1.000000000000000000, -0.000000000000000000, -0.000000000000000000 ) ) ;
#2178 = PLANE ( 'NONE',  #1523 ) ;
#2179 = DIRECTION ( 'NONE',  ( 0.000000000000000000, 0.000000000000000000, -1.000000000000000000 ) ) ;
#2180 = DIRECTION ( 'NONE',  ( -0.000000000000000000, 0.000000000000000000, -1.000000000000000000 ) ) ;
#2181 = ORIENTED_EDGE ( 'NONE', *, *, #5295, .T. ) ;
#2182 = DIRECTION ( 'NONE',  ( -1.000000000000000000, 0.000000000000000000, 0.000000000000000000 ) ) ;
#2183 = EDGE_LOOP ( 'NONE', ( #6340, #8057, #6683, #9351 ) ) ;
#2184 = VERTEX_POINT ( 'NONE', #7802 ) ;
#2185 = VECTOR ( 'NONE', #9645, 1000.000000000000000 ) ;
#2186 = EDGE_CURVE ( 'NONE', #82, #9193, #3266, .T. ) ;
#2187 = FACE_OUTER_BOUND ( 'NONE', #7034, .T. ) ;
#2188 = FILL_AREA_STYLE ('',( #9470 ) ) ;
#2190 = CIRCLE ( 'NONE', #2512, 0.02000000000000005246 ) ;
#2189 = CARTESIAN_POINT ( 'NONE',  ( 0.9149999999999950395, 0.05000000000000012768, -0.3249999999999999001 ) ) ;
#2191 = DIRECTION ( 'NONE',  ( 1.000000000000000000, 0.000000000000000000, 0.000000000000000000 ) ) ;
#2192 = FACE_OUTER_BOUND ( 'NONE', #4394, .T. ) ;
#2194 = VERTEX_POINT ( 'NONE', #6190 ) ;
#2193 = DIRECTION ( 'NONE',  ( 1.000000000000000000, -0.000000000000000000, -0.000000000000000000 ) ) ;
#2195 = ORIENTED_EDGE ( 'NONE', *, *, #2033, .F. ) ;
#2196 = CARTESIAN_POINT ( 'NONE',  ( -0.4250000000000039302, 0.06999999999999975686, 0.2000000000000003164 ) ) ;
#2197 = ORIENTED_EDGE ( 'NONE', *, *, #4761, .T. ) ;
#2198 = VECTOR ( 'NONE', #5382, 1000.000000000000000 ) ;
#2199 = EDGE_CURVE ( 'NONE', #8498, #742, #9278, .T. ) ;
#2200 = EDGE_CURVE ( 'NONE', #9119, #1923, #4668, .T. ) ;
#2201 = ADVANCED_FACE ( 'NONE', ( #7040 ), #124, .F. ) ;
#2202 = LINE ( 'NONE', #3884, #2802 ) ;
#2203 = AXIS2_PLACEMENT_3D ( 'NONE', #6827, #1407, #9110 ) ;
#2204 = EDGE_LOOP ( 'NONE', ( #7627, #5392, #6263, #9529, #8532, #9365, #1676, #9330, #6554, #4540, #4087, #3265, #1571, #1796, #1559, #1594, #191, #4127, #3022, #7814, #2594, #826, #2585, #1497, #6338, #8673, #2369, #498, #9465, #9944, #7095, #7189, #5053, #1648, #7828, #897, #5978, #6428, #8759, #5367, #9435, #8376, #5768, #4990, #26, #6933, #9338, #4818, #8585, #4817, #1672, #477 ) ) ;
#2205 = ORIENTED_EDGE ( 'NONE', *, *, #6861, .F. ) ;
#2206 = CARTESIAN_POINT ( 'NONE',  ( 0.02500000000000006384, 0.1199999999999999956, -0.7000000000000000666 ) ) ;
#2207 = CARTESIAN_POINT ( 'NONE',  ( -0.7549999999999857936, 0.000000000000000000, 0.7550000000000000044 ) ) ;
#2208 = PLANE ( 'NONE',  #8900 ) ;
#2209 = ORIENTED_EDGE ( 'NONE', *, *, #8447, .T. ) ;
#2210 = CARTESIAN_POINT ( 'NONE',  ( 0.3750000000000037748, 0.1199999999999999956, -1.000000000000000222 ) ) ;
#2211 = VECTOR ( 'NONE', #5549, 1000.000000000000000 ) ;
#2212 = LINE ( 'NONE', #3175, #7743 ) ;
#2213 =( NAMED_UNIT ( * ) PLANE_ANGLE_UNIT ( ) SI_UNIT ( $, .RADIAN. ) );
#2214 = ORIENTED_EDGE ( 'NONE', *, *, #637, .F. ) ;
#2215 = DIRECTION ( 'NONE',  ( 0.000000000000000000, 0.000000000000000000, 1.000000000000000000 ) ) ;
#2216 = EDGE_CURVE ( 'NONE', #4529, #9628, #4201, .T. ) ;
#2217 = DIRECTION ( 'NONE',  ( 1.000000000000000000, -0.000000000000000000, -0.000000000000000000 ) ) ;
#2219 = EDGE_LOOP ( 'NONE', ( #4113, #5921, #7708, #3872 ) ) ;
#2218 = AXIS2_PLACEMENT_3D ( 'NONE', #5473, #8578, #5273 ) ;
#2220 = DIRECTION ( 'NONE',  ( 0.000000000000000000, 0.000000000000000000, 1.000000000000000000 ) ) ;
#2221 = UNCERTAINTY_MEASURE_WITH_UNIT (LENGTH_MEASURE( 1.000000000000000082E-05 ), #7672, 'distance_accuracy_value', 'NONE');
#2222 = ORIENTED_EDGE ( 'NONE', *, *, #5405, .F. ) ;
#2223 = VERTEX_POINT ( 'NONE', #3350 ) ;
#2224 = EDGE_LOOP ( 'NONE', ( #5148, #5658, #5919, #6267, #1675, #5932, #6031, #1388 ) ) ;
#2225 = CARTESIAN_POINT ( 'NONE',  ( 0.3750000000000037748, 0.06999999999999986788, -1.000000000000000222 ) ) ;
#2226 = VECTOR ( 'NONE', #9759, 1000.000000000000000 ) ;
#2227 = DIRECTION ( 'NONE',  ( 0.000000000000000000, -0.000000000000000000, 1.000000000000000000 ) ) ;
#2228 = CARTESIAN_POINT ( 'NONE',  ( -0.9999999999999997780, 0.1199999999999999956, -0.6500000000000000222 ) ) ;
#2229 = PLANE ( 'NONE',  #4502 ) ;
#2230 = FACE_OUTER_BOUND ( 'NONE', #9056, .T. ) ;
#2231 = CARTESIAN_POINT ( 'NONE',  ( 0.09999999999999993616, 0.05000000000000012768, -0.9149999999999997025 ) ) ;
#2232 = EDGE_CURVE ( 'NONE', #4320, #2644, #6427, .T. ) ;
#2233 = CARTESIAN_POINT ( 'NONE',  ( -0.07999999999999929390, 0.05000000000000012768, 0.9350000000000000533 ) ) ;
#2234 = ORIENTED_EDGE ( 'NONE', *, *, #2216, .F. ) ;
#2235 = PLANE ( 'NONE',  #3900 ) ;
#2237 = ORIENTED_EDGE ( 'NONE', *, *, #4219, .T. ) ;
#2236 = VECTOR ( 'NONE', #8734, 1000.000000000000000 ) ;
#2238 = ORIENTED_EDGE ( 'NONE', *, *, #807, .T. ) ;
#2239 = VECTOR ( 'NONE', #2092, 1000.000000000000000 ) ;
#2240 = AXIS2_PLACEMENT_3D ( 'NONE', #3339, #7940, #1144 ) ;
#2241 = VECTOR ( 'NONE', #5419, 1000.000000000000000 ) ;
#2242 = DIRECTION ( 'NONE',  ( -1.000000000000000000, 0.000000000000000000, 0.000000000000000000 ) ) ;
#2243 = CARTESIAN_POINT ( 'NONE',  ( 0.9149999999999999245, 0.000000000000000000, -0.5749999999999997335 ) ) ;
#2244 = CARTESIAN_POINT ( 'NONE',  ( -0.7749999999999906963, 0.05000000000000012768, 0.1449999999999999345 ) ) ;
#2246 = ORIENTED_EDGE ( 'NONE', *, *, #2785, .T. ) ;
#2245 = FACE_OUTER_BOUND ( 'NONE', #9926, .T. ) ;
#2247 = ADVANCED_FACE ( 'NONE', ( #9609 ), #1880, .F. ) ;
#2248 = ORIENTED_EDGE ( 'NONE', *, *, #4116, .F. ) ;
#2249 = LINE ( 'NONE', #9925, #7103 ) ;
#2250 = PLANE ( 'NONE',  #5373 ) ;
#2251 = ORIENTED_EDGE ( 'NONE', *, *, #1389, .T. ) ;
#2252 = ORIENTED_EDGE ( 'NONE', *, *, #8741, .T. ) ;
#2253 = VECTOR ( 'NONE', #2217, 1000.000000000000000 ) ;
#2254 = AXIS2_PLACEMENT_3D ( 'NONE', #3031, #2364, #9257 ) ;
#2255 = ORIENTED_EDGE ( 'NONE', *, *, #3934, .T. ) ;
#2256 = CARTESIAN_POINT ( 'NONE',  ( -0.7750000000000001332, 0.05000000000000012768, -0.7550000000000000044 ) ) ;
#2257 = VECTOR ( 'NONE', #5179, 1000.000000000000000 ) ;
#2258 = PLANE ( 'NONE',  #5135 ) ;
#2259 = CARTESIAN_POINT ( 'NONE',  ( -0.9999999999999997780, 0.1199999999999999956, 0.7000000000000005107 ) ) ;
#2260 = ORIENTED_EDGE ( 'NONE', *, *, #1310, .F. ) ;
#2261 = EDGE_CURVE ( 'NONE', #225, #2300, #169, .T. ) ;
#2262 = EDGE_LOOP ( 'NONE', ( #5792, #3403, #1534, #8536 ) ) ;
#2263 = EDGE_CURVE ( 'NONE', #2300, #8697, #9734, .T. ) ;
#2264 = CARTESIAN_POINT ( 'NONE',  ( 0.3200000000000000622, 0.05000000000000012768, -0.7549999999999997824 ) ) ;
#2265 = FACE_OUTER_BOUND ( 'NONE', #7339, .T. ) ;
#2266 = LINE ( 'NONE', #6160, #675 ) ;
#2267 = EDGE_LOOP ( 'NONE', ( #2704, #8929, #422, #1932 ) ) ;
#2268 = VECTOR ( 'NONE', #3110, 1000.000000000000000 ) ;
#2269 = CARTESIAN_POINT ( 'NONE',  ( 0.9150000000000000355, 0.000000000000000000, -0.7549999999999997824 ) ) ;
#2270 = SURFACE_STYLE_FILL_AREA ( #6059 ) ;
#2271 = LINE ( 'NONE', #5308, #7301 ) ;
#2272 = EDGE_CURVE ( 'NONE', #691, #7780, #4958, .T. ) ;
#2273 = EDGE_LOOP ( 'NONE', ( #2493, #4859, #8762, #8355 ) ) ;
#2274 = CARTESIAN_POINT ( 'NONE',  ( 1.000000000000000222, 0.06999999999999975686, -0.6500000000000000222 ) ) ;
#2275 = CARTESIAN_POINT ( 'NONE',  ( -0.3750000000000002220, 0.000000000000000000, -0.5000000000000000000 ) ) ;
#2276 = ORIENTED_EDGE ( 'NONE', *, *, #6327, .T. ) ;
#2277 = VERTEX_POINT ( 'NONE', #6332 ) ;
#2278 = ORIENTED_EDGE ( 'NONE', *, *, #9696, .T. ) ;
#2279 = ADVANCED_FACE ( 'NONE', ( #4868 ), #3303, .T. ) ;
#2280 = CARTESIAN_POINT ( 'NONE',  ( 0.4799999999999998157, 0.05000000000000012768, -0.9349999999999998312 ) ) ;
#2281 = FACE_OUTER_BOUND ( 'NONE', #178, .T. ) ;
#2282 = DIRECTION ( 'NONE',  ( 0.000000000000000000, 0.000000000000000000, 1.000000000000000000 ) ) ;
#2283 = DIRECTION ( 'NONE',  ( 0.000000000000000000, 1.000000000000000000, 0.000000000000000000 ) ) ;
#2284 = DIRECTION ( 'NONE',  ( 1.000000000000000000, 0.000000000000000000, 0.000000000000000000 ) ) ;
#2285 = ORIENTED_EDGE ( 'NONE', *, *, #5509, .T. ) ;
#2286 = DIRECTION ( 'NONE',  ( 7.744301232039333445E-16, -0.000000000000000000, 1.000000000000000000 ) ) ;
#2287 = AXIS2_PLACEMENT_3D ( 'NONE', #6418, #9040, #8935 ) ;
#2288 = EDGE_LOOP ( 'NONE', ( #5051, #632, #9743, #6531 ) ) ;
#2289 = ORIENTED_EDGE ( 'NONE', *, *, #8331, .T. ) ;
#2290 = ADVANCED_FACE ( 'NONE', ( #1930 ), #7092, .F. ) ;
#2291 = VECTOR ( 'NONE', #7976, 1000.000000000000000 ) ;
#2292 = CARTESIAN_POINT ( 'NONE',  ( -0.3750000000000037748, 0.1199999999999999956, -1.000000000000000222 ) ) ;
#2293 = DIRECTION ( 'NONE',  ( -0.000000000000000000, 0.000000000000000000, -1.000000000000000000 ) ) ;
#2294 = LINE ( 'NONE', #1580, #2773 ) ;
#2296 = VERTEX_POINT ( 'NONE', #8670 ) ;
#2295 = DIRECTION ( 'NONE',  ( 1.000000000000000000, 0.000000000000000000, 0.000000000000000000 ) ) ;
#2297 = CARTESIAN_POINT ( 'NONE',  ( -0.7749999999999906963, 0.05000000000000012768, 0.3049999999999999378 ) ) ;
#2298 = CARTESIAN_POINT ( 'NONE',  ( 0.9149999999999903766, 0.05000000000000012768, 0.3250000000000003997 ) ) ;
#2299 = CIRCLE ( 'NONE', #3924, 0.02000000000000341435 ) ;
#2300 = VERTEX_POINT ( 'NONE', #5678 ) ;
#2301 = ORIENTED_EDGE ( 'NONE', *, *, #9148, .T. ) ;
#2302 = ADVANCED_FACE ( 'NONE', ( #4056 ), #6378, .F. ) ;
#2303 = DIRECTION ( 'NONE',  ( -1.000000000000000000, 0.000000000000000000, -0.000000000000000000 ) ) ;
#2304 = VECTOR ( 'NONE', #6833, 1000.000000000000000 ) ;
#2305 = DIRECTION ( 'NONE',  ( 0.000000000000000000, 0.000000000000000000, -1.000000000000000000 ) ) ;
#2306 = CARTESIAN_POINT ( 'NONE',  ( -0.9999999999999997780, 0.06999999999999975686, -0.2500000000000000000 ) ) ;
#2307 = ORIENTED_EDGE ( 'NONE', *, *, #4466, .F. ) ;
#2308 = CARTESIAN_POINT ( 'NONE',  ( 0.3750000000000037748, 0.06999999999999975686, 0.7000000000000005107 ) ) ;
#2309 = DIRECTION ( 'NONE',  ( -0.000000000000000000, -0.000000000000000000, -1.000000000000000000 ) ) ;
#2310 = CARTESIAN_POINT ( 'NONE',  ( -0.02500000000000006384, 0.06999999999999986788, -0.1999999999999998723 ) ) ;
#2311 = VERTEX_POINT ( 'NONE', #1734 ) ;
#2312 = AXIS2_PLACEMENT_3D ( 'NONE', #2564, #5029, #2656 ) ;
#2313 = EDGE_CURVE ( 'NONE', #7759, #8022, #8768, .T. ) ;
#2314 = EDGE_CURVE ( 'NONE', #2335, #8283, #4816, .T. ) ;
#2315 = FACE_OUTER_BOUND ( 'NONE', #7552, .T. ) ;
#2316 =( LENGTH_UNIT ( ) NAMED_UNIT ( * ) SI_UNIT ( .MILLI., .METRE. ) );
#2317 = ORIENTED_EDGE ( 'NONE', *, *, #7617, .F. ) ;
#2318 = CARTESIAN_POINT ( 'NONE',  ( 0.9349999999999950573, 0.000000000000000000, -0.3049999999999998268 ) ) ;
#2319 = CARTESIAN_POINT ( 'NONE',  ( -0.7750000000000001332, 0.05000000000000012768, -0.5950000000000000844 ) ) ;
#2320 = EDGE_LOOP ( 'NONE', ( #8000, #5122, #9188, #7384 ) ) ;
#2321 = ORIENTED_EDGE ( 'NONE', *, *, #4172, .T. ) ;
#2322 = FACE_OUTER_BOUND ( 'NONE', #5581, .T. ) ;
#2323 = EDGE_CURVE ( 'NONE', #2311, #8689, #5773, .T. ) ;
#2324 = EDGE_CURVE ( 'NONE', #5003, #8456, #7282, .T. ) ;
#2325 = DIRECTION ( 'NONE',  ( -0.000000000000000000, -1.000000000000000000, -0.000000000000000000 ) ) ;
#2326 = CARTESIAN_POINT ( 'NONE',  ( 1.000000000000000222, 0.06999999999999975686, 0.2000000000000002054 ) ) ;
#2327 = VECTOR ( 'NONE', #8381, 1000.000000000000000 ) ;
#2328 = DIRECTION ( 'NONE',  ( -0.000000000000000000, 1.000000000000000000, -0.000000000000000000 ) ) ;
#2329 = CYLINDRICAL_SURFACE ( 'NONE', #9347, 0.02000000000000005246 ) ;
#2330 = CARTESIAN_POINT ( 'NONE',  ( 0.3750000000000037748, 0.1199999999999999956, 0.6500000000000003553 ) ) ;
#2331 = ORIENTED_EDGE ( 'NONE', *, *, #7193, .T. ) ;
#2332 = FACE_BOUND ( 'NONE', #1209, .T. ) ;
#2333 = EDGE_CURVE ( 'NONE', #780, #9570, #972, .T. ) ;
#2334 = ORIENTED_EDGE ( 'NONE', *, *, #2396, .T. ) ;
#2335 = VERTEX_POINT ( 'NONE', #4918 ) ;
#2336 = AXIS2_PLACEMENT_3D ( 'NONE', #3654, #2892, #7479 ) ;
#2337 = DIRECTION ( 'NONE',  ( -0.000000000000000000, -0.000000000000000000, 1.000000000000000000 ) ) ;
#2338 = LINE ( 'NONE', #8620, #2402 ) ;
#2339 = DIRECTION ( 'NONE',  ( -7.744301232039333445E-16, 0.000000000000000000, 1.000000000000000000 ) ) ;
#2340 = CARTESIAN_POINT ( 'NONE',  ( 0.3200000000000007838, 0.05000000000000012768, 0.9349999999999998312 ) ) ;
#2343 = EDGE_LOOP ( 'NONE', ( #5279, #6710, #9729, #1049 ) ) ;
#2342 = VECTOR ( 'NONE', #8249, 1000.000000000000000 ) ;
#2341 = CARTESIAN_POINT ( 'NONE',  ( -0.5000000000000002220, 0.05000000000000012768, 0.4799999999999998712 ) ) ;
#2344 = CARTESIAN_POINT ( 'NONE',  ( -0.9999999999999997780, 0.06999999999999975686, 0.2000000000000002054 ) ) ;
#2345 = EDGE_CURVE ( 'NONE', #4022, #5007, #9459, .T. ) ;
#2346 = DIRECTION ( 'NONE',  ( -0.000000000000000000, 0.000000000000000000, 1.000000000000000000 ) ) ;
#2347 = CARTESIAN_POINT ( 'NONE',  ( -0.3750000000000037748, 0.1199999999999999956, -1.000000000000000222 ) ) ;
#2348 = EDGE_LOOP ( 'NONE', ( #509, #3211, #8538, #9682 ) ) ;
#2349 = ADVANCED_FACE ( 'NONE', ( #1065 ), #4155, .T. ) ;
#2350 = CARTESIAN_POINT ( 'NONE',  ( -0.02500000000000006384, 0.06999999999999975686, 0.7000000000000005107 ) ) ;
#2351 = VECTOR ( 'NONE', #8426, 1000.000000000000000 ) ;
#2352 = CARTESIAN_POINT ( 'NONE',  ( 0.3750000000000037748, 0.1199999999999999956, 0.7000000000000005107 ) ) ;
#2353 = CARTESIAN_POINT ( 'NONE',  ( -0.7749999999999953593, 0.05000000000000012768, -0.1450000000000000455 ) ) ;
#2354 = ORIENTED_EDGE ( 'NONE', *, *, #9580, .F. ) ;
#2355 = CARTESIAN_POINT ( 'NONE',  ( -0.8249999999999997335, 0.5999999999999999778, -0.9250000000000002665 ) ) ;
#2356 = LINE ( 'NONE', #793, #7127 ) ;
#2357 = EDGE_CURVE ( 'NONE', #7793, #2311, #612, .T. ) ;
#2358 = CARTESIAN_POINT ( 'NONE',  ( -0.3750000000000037748, 0.06999999999999975686, 0.6500000000000003553 ) ) ;
#2359 =( GEOMETRIC_REPRESENTATION_CONTEXT ( 3 ) GLOBAL_UNCERTAINTY_ASSIGNED_CONTEXT ( ( #6067 ) ) GLOBAL_UNIT_ASSIGNED_CONTEXT ( ( #3200, #9229, #6517 ) ) REPRESENTATION_CONTEXT ( 'NONE', 'WORKASPACE' ) );
#2360 = ADVANCED_FACE ( 'NONE', ( #8207 ), #6779, .T. ) ;
#2361 = DIRECTION ( 'NONE',  ( 0.000000000000000000, 0.000000000000000000, -1.000000000000000000 ) ) ;
#2362 = MECHANICAL_DESIGN_GEOMETRIC_PRESENTATION_REPRESENTATION (  '', ( #1878 ), #4459 ) ;
#2363 = LINE ( 'NONE', #6450, #8829 ) ;
#2364 = DIRECTION ( 'NONE',  ( -1.000000000000000000, 0.000000000000000000, 0.000000000000000000 ) ) ;
#2365 = CARTESIAN_POINT ( 'NONE',  ( 0.4999999999999997780, 0.05000000000000012768, -0.4799999999999998712 ) ) ;
#2366 = VERTEX_POINT ( 'NONE', #6611 ) ;
#2367 = DIRECTION ( 'NONE',  ( 0.000000000000000000, 0.000000000000000000, 1.000000000000000000 ) ) ;
#2368 = CARTESIAN_POINT ( 'NONE',  ( 0.08000000000000048739, 0.05000000000000012768, 0.9150000000000000355 ) ) ;
#2369 = ORIENTED_EDGE ( 'NONE', *, *, #1830, .T. ) ;
#2370 = EDGE_CURVE ( 'NONE', #8125, #2911, #8108, .T. ) ;
#2371 = VERTEX_POINT ( 'NONE', #8160 ) ;
#2372 = VECTOR ( 'NONE', #4190, 1000.000000000000000 ) ;
#2373 = DIRECTION ( 'NONE',  ( 0.000000000000000000, 1.000000000000000000, -0.000000000000000000 ) ) ;
#2375 = VECTOR ( 'NONE', #482, 1000.000000000000000 ) ;
#2374 = DIRECTION ( 'NONE',  ( 0.000000000000000000, 0.000000000000000000, -1.000000000000000000 ) ) ;
#2376 = FACE_OUTER_BOUND ( 'NONE', #8012, .T. ) ;
#2377 = DIRECTION ( 'NONE',  ( 0.000000000000000000, -1.000000000000000000, 0.000000000000000000 ) ) ;
#2378 = CARTESIAN_POINT ( 'NONE',  ( -0.02500000000000006384, 0.1199999999999999956, 0.6500000000000003553 ) ) ;
#2379 = ORIENTED_EDGE ( 'NONE', *, *, #3004, .F. ) ;
#2381 = EDGE_CURVE ( 'NONE', #4445, #3601, #2132, .T. ) ;
#2380 = DIRECTION ( 'NONE',  ( -0.000000000000000000, 1.000000000000000000, -0.000000000000000000 ) ) ;
#2382 = EDGE_CURVE ( 'NONE', #1568, #8959, #8902, .T. ) ;
#2383 = ADVANCED_FACE ( 'NONE', ( #2950 ), #1197, .F. ) ;
#2384 = ORIENTED_EDGE ( 'NONE', *, *, #8639, .F. ) ;
#2385 = ORIENTED_EDGE ( 'NONE', *, *, #8639, .T. ) ;
#2386 = AXIS2_PLACEMENT_3D ( 'NONE', #4208, #2449, #5537 ) ;
#2387 = LINE ( 'NONE', #8575, #8517 ) ;
#2388 = FACE_OUTER_BOUND ( 'NONE', #8556, .T. ) ;
#2389 = CARTESIAN_POINT ( 'NONE',  ( 0.4250000000000039302, 0.06999999999999975686, 0.9999999999999997780 ) ) ;
#2390 = LINE ( 'NONE', #7801, #5568 ) ;
#2391 = AXIS2_PLACEMENT_3D ( 'NONE', #3263, #9473, #135 ) ;
#2392 = VECTOR ( 'NONE', #2817, 1000.000000000000000 ) ;
#2393 = LINE ( 'NONE', #7652, #1969 ) ;
#2394 = ORIENTED_EDGE ( 'NONE', *, *, #4623, .T. ) ;
#2396 = EDGE_CURVE ( 'NONE', #8456, #7715, #4294, .T. ) ;
#2395 = LINE ( 'NONE', #5527, #8264 ) ;
#2397 = CARTESIAN_POINT ( 'NONE',  ( -0.02500000000000006384, 0.1199999999999999956, -0.6500000000000000222 ) ) ;
#2398 = ORIENTED_EDGE ( 'NONE', *, *, #1081, .F. ) ;
#2399 = ORIENTED_EDGE ( 'NONE', *, *, #3432, .F. ) ;
#2400 = ORIENTED_EDGE ( 'NONE', *, *, #1019, .T. ) ;
#2401 = VECTOR ( 'NONE', #1869, 1000.000000000000000 ) ;
#2402 = VECTOR ( 'NONE', #723, 1000.000000000000000 ) ;
#2403 = ADVANCED_FACE ( 'NONE', ( #3656 ), #9010, .F. ) ;
#2404 = CARTESIAN_POINT ( 'NONE',  ( -0.9349999999999906164, 0.05000000000000012768, 0.1449999999999999345 ) ) ;
#2405 = CARTESIAN_POINT ( 'NONE',  ( 0.4999999999999997780, 0.05000000000000012768, -0.4799999999999998712 ) ) ;
#2406 = PLANE ( 'NONE',  #142 ) ;
#2407 = ORIENTED_EDGE ( 'NONE', *, *, #705, .F. ) ;
#2408 = ORIENTED_EDGE ( 'NONE', *, *, #3406, .T. ) ;
#2409 = CARTESIAN_POINT ( 'NONE',  ( 0.3200000000000004508, 0.05000000000000012768, 0.7749999999999999112 ) ) ;
#2410 = AXIS2_PLACEMENT_3D ( 'NONE', #1609, #7779, #8650 ) ;
#2411 = DIRECTION ( 'NONE',  ( -0.000000000000000000, -0.000000000000000000, 1.000000000000000000 ) ) ;
#2412 = CARTESIAN_POINT ( 'NONE',  ( -0.02500000000000006384, 0.1199999999999999956, 0.6500000000000003553 ) ) ;
#2413 = ORIENTED_EDGE ( 'NONE', *, *, #8539, .T. ) ;
#2414 = CIRCLE ( 'NONE', #1269, 0.02000000000000005246 ) ;
#2415 = EDGE_CURVE ( 'NONE', #4375, #5012, #506, .T. ) ;
#2416 = CARTESIAN_POINT ( 'NONE',  ( 0.5000000000000000000, 0.000000000000000000, -0.9149999999999997025 ) ) ;
#2417 = CARTESIAN_POINT ( 'NONE',  ( -0.9149999999999999245, 0.05000000000000012768, -0.7750000000000001332 ) ) ;
#2418 = SURFACE_STYLE_USAGE ( .BOTH. , #3134 ) ;
#2419 = ORIENTED_EDGE ( 'NONE', *, *, #6782, .T. ) ;
#2420 = CARTESIAN_POINT ( 'NONE',  ( -0.4800000000000110290, 0.05000000000000012768, -0.9149999999999951505 ) ) ;
#2421 = ORIENTED_EDGE ( 'NONE', *, *, #2088, .F. ) ;
#2422 = VERTEX_POINT ( 'NONE', #8261 ) ;
#2423 = VERTEX_POINT ( 'NONE', #9658 ) ;
#2424 = EDGE_CURVE ( 'NONE', #1070, #8627, #9116, .T. ) ;
#2425 = DIRECTION ( 'NONE',  ( 0.000000000000000000, -0.000000000000000000, 1.000000000000000000 ) ) ;
#2426 = CARTESIAN_POINT ( 'NONE',  ( -0.9999999999999997780, 0.06999999999999985401, -0.6500000000000000222 ) ) ;
#2427 = CARTESIAN_POINT ( 'NONE',  ( -0.3750000000000037748, 0.06999999999999986788, 0.9999999999999997780 ) ) ;
#2428 = DIRECTION ( 'NONE',  ( 0.000000000000000000, 1.000000000000000000, 0.000000000000000000 ) ) ;
#2429 = VERTEX_POINT ( 'NONE', #6665 ) ;
#2430 = DIRECTION ( 'NONE',  ( 0.000000000000000000, -1.000000000000000000, 0.000000000000000000 ) ) ;
#2431 = ORIENTED_EDGE ( 'NONE', *, *, #8187, .T. ) ;
#2432 = DIRECTION ( 'NONE',  ( 0.000000000000000000, -0.000000000000000000, 1.000000000000000000 ) ) ;
#2433 = CLOSED_SHELL ( 'NONE', ( #2349, #3229, #9420, #3740, #7015, #3842, #3810, #9318, #4987, #110 ) ) ;
#2434 = EDGE_CURVE ( 'NONE', #1038, #5487, #9703, .T. ) ;
#2435 = ADVANCED_FACE ( 'NONE', ( #5216 ), #2783, .F. ) ;
#2436 = EDGE_CURVE ( 'NONE', #4496, #2300, #8955, .T. ) ;
#2437 = LINE ( 'NONE', #7695, #7234 ) ;
#2438 = FACE_OUTER_BOUND ( 'NONE', #6923, .T. ) ;
#2439 = VECTOR ( 'NONE', #2286, 1000.000000000000000 ) ;
#2440 = CARTESIAN_POINT ( 'NONE',  ( -0.9350000000000000533, 0.05000000000000012768, -0.5950000000000001954 ) ) ;
#2441 = ORIENTED_EDGE ( 'NONE', *, *, #1772, .F. ) ;
#2442 = EDGE_LOOP ( 'NONE', ( #6122, #1683, #1955, #1664 ) ) ;
#2443 = DIRECTION ( 'NONE',  ( 0.000000000000000000, 0.000000000000000000, 1.000000000000000000 ) ) ;
#2444 = ORIENTED_EDGE ( 'NONE', *, *, #5480, .T. ) ;
#2445 = ORIENTED_EDGE ( 'NONE', *, *, #2505, .T. ) ;
#2446 = EDGE_LOOP ( 'NONE', ( #3355, #7604, #4523, #5790, #1586, #3944, #2490, #6797 ) ) ;
#2447 = FILL_AREA_STYLE ('',( #7964 ) ) ;
#2448 = EDGE_CURVE ( 'NONE', #7589, #9083, #2027, .T. ) ;
#2449 = DIRECTION ( 'NONE',  ( 0.000000000000000000, 1.000000000000000000, 0.000000000000000000 ) ) ;
#2450 = EDGE_CURVE ( 'NONE', #2569, #8745, #5918, .T. ) ;
#2451 = DIRECTION ( 'NONE',  ( -0.000000000000000000, -0.000000000000000000, 1.000000000000000000 ) ) ;
#2452 = CARTESIAN_POINT ( 'NONE',  ( -0.3750000000000037748, 0.1199999999999999956, -0.6500000000000000222 ) ) ;
#2453 = LINE ( 'NONE', #4729, #3361 ) ;
#2454 = DIRECTION ( 'NONE',  ( 1.000000000000000000, 0.000000000000000000, 0.000000000000000000 ) ) ;
#2455 = ORIENTED_EDGE ( 'NONE', *, *, #2074, .F. ) ;
#2457 = AXIS2_PLACEMENT_3D ( 'NONE', #9198, #9988, #9248 ) ;
#2456 = DIRECTION ( 'NONE',  ( -0.000000000000000000, 0.000000000000000000, 1.000000000000000000 ) ) ;
#2458 = DIRECTION ( 'NONE',  ( 1.000000000000000000, -0.000000000000000000, -0.000000000000000000 ) ) ;
#2459 = DIRECTION ( 'NONE',  ( -1.000000000000000000, 0.000000000000000000, -0.000000000000000000 ) ) ;
#2460 = EDGE_CURVE ( 'NONE', #3580, #2685, #9064, .T. ) ;
#2461 = DIRECTION ( 'NONE',  ( -0.000000000000000000, -1.000000000000000000, -0.000000000000000000 ) ) ;
#2462 = VECTOR ( 'NONE', #4145, 1000.000000000000000 ) ;
#2463 = VECTOR ( 'NONE', #3321, 1000.000000000000000 ) ;
#2464 = LINE ( 'NONE', #1705, #600 ) ;
#2465 = CARTESIAN_POINT ( 'NONE',  ( 0.4250000000000039302, 0.1199999999999999956, -0.1999999999999998723 ) ) ;
#2466 =( NAMED_UNIT ( * ) PLANE_ANGLE_UNIT ( ) SI_UNIT ( $, .RADIAN. ) );
#2467 = ORIENTED_EDGE ( 'NONE', *, *, #6166, .F. ) ;
#2468 = LINE ( 'NONE', #3231, #8168 ) ;
#2469 = LINE ( 'NONE', #6453, #8064 ) ;
#2470 = VERTEX_POINT ( 'NONE', #5375 ) ;
#2471 = CIRCLE ( 'NONE', #6829, 0.02000000000000113493 ) ;
#2472 = VERTEX_POINT ( 'NONE', #816 ) ;
#2473 = ADVANCED_FACE ( 'NONE', ( #6879 ), #3906, .T. ) ;
#2474 = MECHANICAL_DESIGN_GEOMETRIC_PRESENTATION_REPRESENTATION (  '', ( #8461 ), #8301 ) ;
#2475 = DIRECTION ( 'NONE',  ( -1.885568995626977845E-16, 0.000000000000000000, 1.000000000000000000 ) ) ;
#2476 = PLANE ( 'NONE',  #2063 ) ;
#2477 = FACE_OUTER_BOUND ( 'NONE', #5294, .T. ) ;
#2478 = CARTESIAN_POINT ( 'NONE',  ( -0.9999999999999997780, 0.1199999999999999956, 0.6500000000000003553 ) ) ;
#2479 = PLANE ( 'NONE',  #59 ) ;
#2480 = ORIENTED_EDGE ( 'NONE', *, *, #1910, .F. ) ;
#2481 = LINE ( 'NONE', #5565, #1954 ) ;
#2482 = ORIENTED_EDGE ( 'NONE', *, *, #820, .T. ) ;
#2483 = EDGE_CURVE ( 'NONE', #3060, #6293, #3957, .T. ) ;
#2484 = CARTESIAN_POINT ( 'NONE',  ( 0.3750000000000037748, 0.06999999999999975686, 0.2500000000000004441 ) ) ;
#2485 = FACE_OUTER_BOUND ( 'NONE', #6809, .T. ) ;
#2486 = DIRECTION ( 'NONE',  ( 0.000000000000000000, 0.000000000000000000, -1.000000000000000000 ) ) ;
#2487 = ORIENTED_EDGE ( 'NONE', *, *, #7606, .F. ) ;
#2488 = CARTESIAN_POINT ( 'NONE',  ( -0.9349999999999952793, 0.05000000000000012768, -0.1450000000000000455 ) ) ;
#2489 = VERTEX_POINT ( 'NONE', #9959 ) ;
#2490 = ORIENTED_EDGE ( 'NONE', *, *, #4525, .T. ) ;
#2491 = VECTOR ( 'NONE', #4777, 1000.000000000000000 ) ;
#2492 = EDGE_CURVE ( 'NONE', #7947, #9492, #6983, .T. ) ;
#2493 = ORIENTED_EDGE ( 'NONE', *, *, #6901, .T. ) ;
#2494 = ORIENTED_EDGE ( 'NONE', *, *, #8551, .T. ) ;
#2496 = AXIS2_PLACEMENT_3D ( 'NONE', #5571, #8580, #6377 ) ;
#2495 = CARTESIAN_POINT ( 'NONE',  ( 0.5000000000000006661, 0.05000000000000012768, 0.9149999999999994804 ) ) ;
#2497 = DIRECTION ( 'NONE',  ( 0.000000000000000000, 0.000000000000000000, -1.000000000000000000 ) ) ;
#2498 = CARTESIAN_POINT ( 'NONE',  ( 0.7549999999999853495, 0.05000000000000012768, 0.7550000000000000044 ) ) ;
#2499 = FACE_BOUND ( 'NONE', #5911, .T. ) ;
#2500 = ORIENTED_EDGE ( 'NONE', *, *, #44, .T. ) ;
#2501 = VERTEX_POINT ( 'NONE', #9222 ) ;
#2502 = DIRECTION ( 'NONE',  ( 0.000000000000000000, 0.000000000000000000, -1.000000000000000000 ) ) ;
#2503 = DIRECTION ( 'NONE',  ( 1.000000000000000000, 0.000000000000000000, 0.000000000000000000 ) ) ;
#2504 = DIRECTION ( 'NONE',  ( 0.000000000000000000, 0.000000000000000000, 1.000000000000000000 ) ) ;
#2505 = EDGE_CURVE ( 'NONE', #7631, #4471, #7586, .T. ) ;
#2506 = EDGE_CURVE ( 'NONE', #2808, #732, #9270, .T. ) ;
#2507 = EDGE_CURVE ( 'NONE', #7589, #8485, #7641, .T. ) ;
#2508 = VECTOR ( 'NONE', #8506, 1000.000000000000000 ) ;
#2509 = LINE ( 'NONE', #1756, #592 ) ;
#2510 = DIRECTION ( 'NONE',  ( 0.000000000000000000, 0.000000000000000000, -1.000000000000000000 ) ) ;
#2511 = LINE ( 'NONE', #4181, #2090 ) ;
#2512 = AXIS2_PLACEMENT_3D ( 'NONE', #5277, #3825, #1427 ) ;
#2513 = LINE ( 'NONE', #6916, #5540 ) ;
#2514 = ORIENTED_EDGE ( 'NONE', *, *, #3768, .T. ) ;
#2515 = DIRECTION ( 'NONE',  ( -0.000000000000000000, -1.000000000000000000, -0.000000000000000000 ) ) ;
#2516 = CARTESIAN_POINT ( 'NONE',  ( -0.02500000000000006384, 0.1199999999999999956, -0.7000000000000000666 ) ) ;
#2517 = EDGE_LOOP ( 'NONE', ( #9948, #813, #9605, #6970 ) ) ;
#2518 = ORIENTED_EDGE ( 'NONE', *, *, #6166, .T. ) ;
#2519 = CARTESIAN_POINT ( 'NONE',  ( 1.000000000000000222, 0.1199999999999999956, 0.2500000000000003331 ) ) ;
#2520 = AXIS2_PLACEMENT_3D ( 'NONE', #8256, #1149, #2022 ) ;
#2521 = ADVANCED_FACE ( 'NONE', ( #9909 ), #4607, .F. ) ;
#2522 = DIRECTION ( 'NONE',  ( -0.000000000000000000, 0.000000000000000000, 1.000000000000000000 ) ) ;
#2523 = LINE ( 'NONE', #5558, #8392 ) ;
#2524 = ORIENTED_EDGE ( 'NONE', *, *, #5283, .F. ) ;
#2525 = LINE ( 'NONE', #7177, #4120 ) ;
#2526 = FACE_OUTER_BOUND ( 'NONE', #120, .T. ) ;
#2527 = LINE ( 'NONE', #8660, #1488 ) ;
#2529 = ORIENTED_EDGE ( 'NONE', *, *, #334, .F. ) ;
#2528 = PRESENTATION_LAYER_ASSIGNMENT (  '', '', ( #5272 ) ) ;
#2530 = CARTESIAN_POINT ( 'NONE',  ( 0.3750000000000037748, 0.1199999999999999956, -1.000000000000000222 ) ) ;
#2531 = EDGE_LOOP ( 'NONE', ( #1147, #7574, #5670, #3960, #269, #6477, #4920, #9416 ) ) ;
#2532 = ORIENTED_EDGE ( 'NONE', *, *, #5343, .T. ) ;
#2533 = PLANE ( 'NONE',  #7038 ) ;
#2534 = AXIS2_PLACEMENT_3D ( 'NONE', #3636, #6596, #1231 ) ;
#2535 = EDGE_CURVE ( 'NONE', #660, #4205, #7689, .T. ) ;
#2536 = CARTESIAN_POINT ( 'NONE',  ( 0.3200000000000007838, 0.05000000000000012768, 0.9349999999999998312 ) ) ;
#2537 = ADVANCED_FACE ( 'NONE', ( #6932 ), #762, .T. ) ;
#2538 = LINE ( 'NONE', #4867, #5414 ) ;
#2539 = DIRECTION ( 'NONE',  ( 1.000000000000000000, 0.000000000000000000, 0.000000000000000000 ) ) ;
#2540 = VERTEX_POINT ( 'NONE', #2330 ) ;
#2541 = VERTEX_POINT ( 'NONE', #3192 ) ;
#2542 = VERTEX_POINT ( 'NONE', #5423 ) ;
#2543 = AXIS2_PLACEMENT_3D ( 'NONE', #7195, #7857, #275 ) ;
#2544 = VERTEX_POINT ( 'NONE', #8516 ) ;
#2545 = AXIS2_PLACEMENT_3D ( 'NONE', #7983, #4739, #7924 ) ;
#2546 = VECTOR ( 'NONE', #3116, 1000.000000000000000 ) ;
#2547 = CARTESIAN_POINT ( 'NONE',  ( 0.1000000000000005329, 0.05000000000000012768, 0.9149999999999999245 ) ) ;
#2548 = EDGE_CURVE ( 'NONE', #8299, #5995, #3118, .T. ) ;
#2549 = CARTESIAN_POINT ( 'NONE',  ( 0.7750000000000002442, 0.05000000000000012768, -0.5749999999999997335 ) ) ;
#2550 = LINE ( 'NONE', #4121, #2236 ) ;
#2551 = FACE_OUTER_BOUND ( 'NONE', #8240, .T. ) ;
#2552 = ORIENTED_EDGE ( 'NONE', *, *, #8420, .F. ) ;
#2553 = ORIENTED_EDGE ( 'NONE', *, *, #7329, .T. ) ;
#2554 = LINE ( 'NONE', #7108, #3070 ) ;
#2555 = LINE ( 'NONE', #8024, #6981 ) ;
#2556 = CARTESIAN_POINT ( 'NONE',  ( 0.9149999999999903766, 0.05000000000000012768, 0.3250000000000003997 ) ) ;
#2557 = VECTOR ( 'NONE', #6955, 1000.000000000000000 ) ;
#2558 = VECTOR ( 'NONE', #4568, 1000.000000000000000 ) ;
#2559 = ADVANCED_FACE ( 'NONE', ( #21 ), #4656, .F. ) ;
#2560 = ADVANCED_FACE ( 'NONE', ( #9362 ), #7744, .T. ) ;
#2561 = ADVANCED_FACE ( 'NONE', ( #4508 ), #3097, .F. ) ;
#2563 = VECTOR ( 'NONE', #7583, 1000.000000000000000 ) ;
#2562 = CARTESIAN_POINT ( 'NONE',  ( -0.3750000000000037748, 0.06999999999999975686, -0.1999999999999998723 ) ) ;
#2564 = CARTESIAN_POINT ( 'NONE',  ( 0.000000000000000000, 0.05000000000000000278, 0.000000000000000000 ) ) ;
#2565 = ORIENTED_EDGE ( 'NONE', *, *, #7880, .T. ) ;
#2566 = DIRECTION ( 'NONE',  ( 0.000000000000000000, 0.000000000000000000, -1.000000000000000000 ) ) ;
#2567 = DIRECTION ( 'NONE',  ( 0.000000000000000000, 0.000000000000000000, 1.000000000000000000 ) ) ;
#2568 = ORIENTED_EDGE ( 'NONE', *, *, #74, .F. ) ;
#2569 = VERTEX_POINT ( 'NONE', #1467 ) ;
#2570 = ORIENTED_EDGE ( 'NONE', *, *, #6374, .T. ) ;
#2571 = AXIS2_PLACEMENT_3D ( 'NONE', #150, #9587, #3381 ) ;
#2572 = LINE ( 'NONE', #1817, #5915 ) ;
#2573 = CIRCLE ( 'NONE', #3225, 0.02000000000000623154 ) ;
#2574 = EDGE_CURVE ( 'NONE', #9693, #5848, #2998, .T. ) ;
#2575 = DIRECTION ( 'NONE',  ( -0.000000000000000000, -1.000000000000000000, -0.000000000000000000 ) ) ;
#2576 = CARTESIAN_POINT ( 'NONE',  ( 0.02500000000000006384, 0.1199999999999999956, 0.9999999999999997780 ) ) ;
#2577 = ORIENTED_EDGE ( 'NONE', *, *, #3081, .T. ) ;
#2578 = LINE ( 'NONE', #1099, #5418 ) ;
#2580 = DIRECTION ( 'NONE',  ( 1.000000000000000000, -0.000000000000000000, -0.000000000000000000 ) ) ;
#2579 = VECTOR ( 'NONE', #7496, 1000.000000000000000 ) ;
#2581 = CARTESIAN_POINT ( 'NONE',  ( 0.4800000000000004818, 0.05000000000000012768, 0.7549999999999997824 ) ) ;
#2582 = ORIENTED_EDGE ( 'NONE', *, *, #1774, .F. ) ;
#2583 = CARTESIAN_POINT ( 'NONE',  ( -0.5000000000000002220, 0.000000000000000000, -0.5000000000000000000 ) ) ;
#2584 = DIRECTION ( 'NONE',  ( 0.000000000000000000, 1.000000000000000000, 0.000000000000000000 ) ) ;
#2585 = ORIENTED_EDGE ( 'NONE', *, *, #7046, .T. ) ;
#2586 = EDGE_CURVE ( 'NONE', #7525, #2610, #8415, .T. ) ;
#2587 = CARTESIAN_POINT ( 'NONE',  ( -0.5000000000000082157, 0.000000000000000000, 0.7749999999999984679 ) ) ;
#2588 = CYLINDRICAL_SURFACE ( 'NONE', #8960, 0.02000000000000005246 ) ;
#2589 = DIRECTION ( 'NONE',  ( 0.000000000000000000, 0.000000000000000000, 1.000000000000000000 ) ) ;
#2590 = EDGE_LOOP ( 'NONE', ( #9244, #3252, #4112, #9694 ) ) ;
#2591 = PLANE ( 'NONE',  #2932 ) ;
#2592 = ORIENTED_EDGE ( 'NONE', *, *, #2653, .F. ) ;
#2593 = VERTEX_POINT ( 'NONE', #1101 ) ;
#2594 = ORIENTED_EDGE ( 'NONE', *, *, #5478, .T. ) ;
#2595 = EDGE_CURVE ( 'NONE', #5756, #3871, #4805, .T. ) ;
#2596 = CARTESIAN_POINT ( 'NONE',  ( -0.3750000000000037748, 0.06999999999999975686, -1.000000000000000222 ) ) ;
#2597 = CLOSED_SHELL ( 'NONE', ( #3173, #8399, #9619, #8497, #8445, #8788, #4790, #3808, #3445, #8692 ) ) ;
#2598 = DIRECTION ( 'NONE',  ( -1.151964808265786930E-14, 0.000000000000000000, 1.000000000000000000 ) ) ;
#2599 = DIRECTION ( 'NONE',  ( -1.000000000000000000, -0.000000000000000000, -0.000000000000000000 ) ) ;
#2600 = CYLINDRICAL_SURFACE ( 'NONE', #7228, 0.02000000000000005246 ) ;
#2601 = DIRECTION ( 'NONE',  ( 0.000000000000000000, 0.000000000000000000, -1.000000000000000000 ) ) ;
#2602 = ORIENTED_EDGE ( 'NONE', *, *, #5415, .F. ) ;
#2603 = LINE ( 'NONE', #9477, #4188 ) ;
#2604 = CYLINDRICAL_SURFACE ( 'NONE', #5027, 0.02000000000000005246 ) ;
#2605 = CARTESIAN_POINT ( 'NONE',  ( -0.9149999999999952616, 0.000000000000000000, -0.3050000000000000488 ) ) ;
#2606 = CIRCLE ( 'NONE', #831, 0.01999999999999994491 ) ;
#2607 =( NAMED_UNIT ( * ) SI_UNIT ( $, .STERADIAN. ) SOLID_ANGLE_UNIT ( ) );
#2608 = CARTESIAN_POINT ( 'NONE',  ( -0.4250000000000039302, 0.1199999999999999956, -0.2500000000000000000 ) ) ;
#2609 = VECTOR ( 'NONE', #7719, 1000.000000000000000 ) ;
#2610 = VERTEX_POINT ( 'NONE', #3340 ) ;
#2611 = CARTESIAN_POINT ( 'NONE',  ( -0.5000000000000000000, 0.05000000000000012768, -0.9149999999999997025 ) ) ;
#2612 = VERTEX_POINT ( 'NONE', #961 ) ;
#2613 = ORIENTED_EDGE ( 'NONE', *, *, #1995, .F. ) ;
#2614 = EDGE_CURVE ( 'NONE', #3847, #806, #7145, .T. ) ;
#2615 = AXIS2_PLACEMENT_3D ( 'NONE', #5724, #7954, #8723 ) ;
#2616 = VECTOR ( 'NONE', #8975, 1000.000000000000000 ) ;
#2617 = LINE ( 'NONE', #9594, #1422 ) ;
#2618 = DIRECTION ( 'NONE',  ( 0.000000000000000000, 0.000000000000000000, -1.000000000000000000 ) ) ;
#2619 = CARTESIAN_POINT ( 'NONE',  ( -0.3199999999999995626, 0.05000000000000012768, 0.7550000000000002265 ) ) ;
#2620 = VECTOR ( 'NONE', #8889, 1000.000000000000000 ) ;
#2621 = DIRECTION ( 'NONE',  ( 1.000000000000000000, 0.000000000000000000, -0.000000000000000000 ) ) ;
#2622 = DIRECTION ( 'NONE',  ( -0.000000000000000000, -1.000000000000000000, -0.000000000000000000 ) ) ;
#2623 = ORIENTED_EDGE ( 'NONE', *, *, #23, .F. ) ;
#2624 = DIRECTION ( 'NONE',  ( 1.000000000000000000, -0.000000000000000000, -0.000000000000000000 ) ) ;
#2625 = DIRECTION ( 'NONE',  ( 1.000000000000000000, -0.000000000000000000, -0.000000000000000000 ) ) ;
#2626 = VERTEX_POINT ( 'NONE', #211 ) ;
#2627 = ORIENTED_EDGE ( 'NONE', *, *, #1891, .T. ) ;
#2628 = ADVANCED_FACE ( 'NONE', ( #8047 ), #9552, .F. ) ;
#2629 = EDGE_CURVE ( 'NONE', #9492, #9106, #7272, .T. ) ;
#2630 = EDGE_CURVE ( 'NONE', #8737, #6467, #2957, .T. ) ;
#2631 = CARTESIAN_POINT ( 'NONE',  ( 0.08000000000000043188, 0.05000000000000012768, 0.7550000000000000044 ) ) ;
#2632 = DIRECTION ( 'NONE',  ( 0.000000000000000000, 0.000000000000000000, 1.000000000000000000 ) ) ;
#2633 = ADVANCED_FACE ( 'NONE', ( #7839 ), #1780, .F. ) ;
#2634 = CARTESIAN_POINT ( 'NONE',  ( -0.4250000000000039302, 0.06999999999999975686, -0.6500000000000000222 ) ) ;
#2635 = ORIENTED_EDGE ( 'NONE', *, *, #4735, .T. ) ;
#2636 = ORIENTED_EDGE ( 'NONE', *, *, #6664, .F. ) ;
#2637 = ORIENTED_EDGE ( 'NONE', *, *, #6000, .T. ) ;
#2638 = ORIENTED_EDGE ( 'NONE', *, *, #468, .T. ) ;
#2639 = DIRECTION ( 'NONE',  ( 0.000000000000000000, 0.000000000000000000, 1.000000000000000000 ) ) ;
#2640 = CARTESIAN_POINT ( 'NONE',  ( -0.3750000000000037748, 0.06999999999999985401, 0.7000000000000005107 ) ) ;
#2641 = EDGE_CURVE ( 'NONE', #6017, #6474, #6509, .T. ) ;
#2642 = DIRECTION ( 'NONE',  ( 1.000000000000000000, -0.000000000000000000, -0.000000000000000000 ) ) ;
#2644 = VERTEX_POINT ( 'NONE', #355 ) ;
#2643 = AXIS2_PLACEMENT_3D ( 'NONE', #6388, #7911, #9422 ) ;
#2645 = ORIENTED_EDGE ( 'NONE', *, *, #1298, .T. ) ;
#2646 = FACE_OUTER_BOUND ( 'NONE', #6785, .T. ) ;
#2647 = LINE ( 'NONE', #9478, #8287 ) ;
#2648 = LINE ( 'NONE', #6682, #3260 ) ;
#2649 = VECTOR ( 'NONE', #9127, 1000.000000000000000 ) ;
#2650 = DIRECTION ( 'NONE',  ( -0.000000000000000000, -1.000000000000000000, -0.000000000000000000 ) ) ;
#2651 = LINE ( 'NONE', #530, #6231 ) ;
#2652 = CARTESIAN_POINT ( 'NONE',  ( -0.4250000000000039302, 0.06999999999999986788, -1.000000000000000222 ) ) ;
#2653 = EDGE_CURVE ( 'NONE', #4657, #7371, #1824, .T. ) ;
#2654 = DIRECTION ( 'NONE',  ( 0.000000000000000000, -1.000000000000000000, 0.000000000000000000 ) ) ;
#2655 = EDGE_CURVE ( 'NONE', #6855, #2087, #7223, .T. ) ;
#2656 = DIRECTION ( 'NONE',  ( 0.000000000000000000, -0.000000000000000000, 1.000000000000000000 ) ) ;
#2657 = ORIENTED_EDGE ( 'NONE', *, *, #1876, .F. ) ;
#2658 = LINE ( 'NONE', #1907, #3222 ) ;
#2659 = ORIENTED_EDGE ( 'NONE', *, *, #8509, .F. ) ;
#2660 = VECTOR ( 'NONE', #7825, 1000.000000000000000 ) ;
#2661 = DIRECTION ( 'NONE',  ( -0.000000000000000000, -1.000000000000000000, -0.000000000000000000 ) ) ;
#2662 = VECTOR ( 'NONE', #946, 1000.000000000000000 ) ;
#2663 = DIRECTION ( 'NONE',  ( 0.000000000000000000, 0.000000000000000000, 1.000000000000000000 ) ) ;
#2664 = CARTESIAN_POINT ( 'NONE',  ( -0.5000000000000082157, 0.000000000000000000, 0.9149999999999983702 ) ) ;
#2665 = LINE ( 'NONE', #7935, #4798 ) ;
#2666 = CARTESIAN_POINT ( 'NONE',  ( 0.9349999999999950573, 0.000000000000000000, -0.3049999999999998268 ) ) ;
#2667 = ADVANCED_FACE ( 'NONE', ( #3393 ), #3441, .F. ) ;
#2668 = CARTESIAN_POINT ( 'NONE',  ( 0.3750000000000037748, 0.1199999999999999956, 0.2500000000000004441 ) ) ;
#2669 = ORIENTED_EDGE ( 'NONE', *, *, #5621, .F. ) ;
#2670 = CARTESIAN_POINT ( 'NONE',  ( -0.9149999999999905986, 0.000000000000000000, 0.3049999999999999378 ) ) ;
#2671 = LINE ( 'NONE', #5764, #1250 ) ;
#2672 = DIRECTION ( 'NONE',  ( -1.000000000000000000, 0.000000000000000000, 0.000000000000000000 ) ) ;
#2673 = EDGE_LOOP ( 'NONE', ( #7519, #1359, #4030, #4167 ) ) ;
#2674 = VECTOR ( 'NONE', #9534, 1000.000000000000000 ) ;
#2676 = MECHANICAL_DESIGN_GEOMETRIC_PRESENTATION_REPRESENTATION (  '', ( #274 ), #4146 ) ;
#2675 = CARTESIAN_POINT ( 'NONE',  ( -0.7749999999999906963, 0.000000000000000000, 0.3250000000000000111 ) ) ;
#2677 = ADVANCED_FACE ( 'NONE', ( #4951, #258, #3240, #161, #4045 ), #2479, .T. ) ;
#2678 = EDGE_CURVE ( 'NONE', #6704, #5227, #7889, .T. ) ;
#2679 = CARTESIAN_POINT ( 'NONE',  ( 0.9150000000000000355, 0.05000000000000012768, -0.5949999999999998623 ) ) ;
#2680 = EDGE_CURVE ( 'NONE', #2107, #9453, #2527, .T. ) ;
#2681 = DIRECTION ( 'NONE',  ( -0.000000000000000000, -1.000000000000000000, -0.000000000000000000 ) ) ;
#2682 = EDGE_LOOP ( 'NONE', ( #9976, #5578, #6906, #8352 ) ) ;
#2683 = DIRECTION ( 'NONE',  ( 0.000000000000000000, 0.000000000000000000, -1.000000000000000000 ) ) ;
#2684 = ORIENTED_EDGE ( 'NONE', *, *, #4381, .F. ) ;
#2685 = VERTEX_POINT ( 'NONE', #6416 ) ;
#2686 = AXIS2_PLACEMENT_3D ( 'NONE', #5937, #7504, #6045 ) ;
#2687 =( NAMED_UNIT ( * ) PLANE_ANGLE_UNIT ( ) SI_UNIT ( $, .RADIAN. ) );
#2688 = LINE ( 'NONE', #5781, #2869 ) ;
#2689 = DIRECTION ( 'NONE',  ( 1.000000000000000000, -0.000000000000000000, -0.000000000000000000 ) ) ;
#2690 = EDGE_CURVE ( 'NONE', #1766, #4000, #8758, .T. ) ;
#2691 = DIRECTION ( 'NONE',  ( -1.000000000000000000, 0.000000000000000000, -0.000000000000000000 ) ) ;
#2692 = VECTOR ( 'NONE', #2959, 1000.000000000000000 ) ;
#2693 = FACE_BOUND ( 'NONE', #8342, .T. ) ;
#2694 = ORIENTED_EDGE ( 'NONE', *, *, #8201, .T. ) ;
#2695 = ORIENTED_EDGE ( 'NONE', *, *, #5858, .F. ) ;
#2696 = DIRECTION ( 'NONE',  ( 1.000000000000000000, 0.000000000000000000, 0.000000000000000000 ) ) ;
#2697 = EDGE_CURVE ( 'NONE', #8938, #4657, #8805, .T. ) ;
#2698 = AXIS2_PLACEMENT_3D ( 'NONE', #6712, #5972, #9058 ) ;
#2699 = FACE_OUTER_BOUND ( 'NONE', #854, .T. ) ;
#2700 = DIRECTION ( 'NONE',  ( -0.000000000000000000, 1.000000000000000000, -0.000000000000000000 ) ) ;
#2701 = CYLINDRICAL_SURFACE ( 'NONE', #9627, 0.02000000000000243944 ) ;
#2702 = DIRECTION ( 'NONE',  ( 0.000000000000000000, 0.000000000000000000, -1.000000000000000000 ) ) ;
#2703 = DIRECTION ( 'NONE',  ( 1.000000000000000000, 0.000000000000000000, -0.000000000000000000 ) ) ;
#2704 = ORIENTED_EDGE ( 'NONE', *, *, #9668, .T. ) ;
#2705 = CARTESIAN_POINT ( 'NONE',  ( -0.07999999999999958533, 0.000000000000000000, 0.7550000000000000044 ) ) ;
#2706 =( GEOMETRIC_REPRESENTATION_CONTEXT ( 3 ) GLOBAL_UNCERTAINTY_ASSIGNED_CONTEXT ( ( #5365 ) ) GLOBAL_UNIT_ASSIGNED_CONTEXT ( ( #690, #7558, #736 ) ) REPRESENTATION_CONTEXT ( 'NONE', 'WORKASPACE' ) );
#2708 = ORIENTED_EDGE ( 'NONE', *, *, #3312, .F. ) ;
#2707 = VECTOR ( 'NONE', #7489, 1000.000000000000000 ) ;
#2709 = ORIENTED_EDGE ( 'NONE', *, *, #1256, .F. ) ;
#2710 = EDGE_CURVE ( 'NONE', #3543, #2311, #5698, .T. ) ;
#2711 = CIRCLE ( 'NONE', #4664, 0.02000000000000005246 ) ;
#2712 = VECTOR ( 'NONE', #7529, 1000.000000000000000 ) ;
#2713 = CARTESIAN_POINT ( 'NONE',  ( 0.9149999999999999245, 0.000000000000000000, -0.5749999999999997335 ) ) ;
#2714 = CARTESIAN_POINT ( 'NONE',  ( -0.9999999999999997780, 0.1199999999999999956, -0.2500000000000000000 ) ) ;
#2715 = DIRECTION ( 'NONE',  ( 0.000000000000000000, 1.000000000000000000, 0.000000000000000000 ) ) ;
#2716 = CARTESIAN_POINT ( 'NONE',  ( -0.3750000000000037748, 0.1199999999999999956, -1.000000000000000222 ) ) ;
#2717 = ORIENTED_EDGE ( 'NONE', *, *, #1698, .T. ) ;
#2718 = CARTESIAN_POINT ( 'NONE',  ( -0.3750000000000037748, 0.06999999999999975686, 0.6500000000000003553 ) ) ;
#2719 = DIRECTION ( 'NONE',  ( -1.000000000000000000, -0.000000000000000000, -0.000000000000000000 ) ) ;
#2720 = DIRECTION ( 'NONE',  ( 0.000000000000000000, 0.000000000000000000, -1.000000000000000000 ) ) ;
#2721 = EDGE_LOOP ( 'NONE', ( #5805, #1884, #1102, #6824 ) ) ;
#2722 = DIRECTION ( 'NONE',  ( 0.000000000000000000, 0.000000000000000000, -1.000000000000000000 ) ) ;
#2724 = ORIENTED_EDGE ( 'NONE', *, *, #6631, .F. ) ;
#2723 = CIRCLE ( 'NONE', #3711, 0.1000000000000001582 ) ;
#2725 = ORIENTED_EDGE ( 'NONE', *, *, #8914, .T. ) ;
#2726 = VECTOR ( 'NONE', #7016, 1000.000000000000000 ) ;
#2727 = ADVANCED_FACE ( 'NONE', ( #8944 ), #740, .F. ) ;
#2728 = CIRCLE ( 'NONE', #8072, 0.02000000000000005246 ) ;
#2729 = CARTESIAN_POINT ( 'NONE',  ( 0.3750000000000037748, 0.06999999999999986788, -1.000000000000000222 ) ) ;
#2730 = CARTESIAN_POINT ( 'NONE',  ( 0.9349999999999853983, 0.05000000000000012768, 0.7550000000000004485 ) ) ;
#2731 = DIRECTION ( 'NONE',  ( -0.000000000000000000, -1.000000000000000000, -0.000000000000000000 ) ) ;
#2732 = ORIENTED_EDGE ( 'NONE', *, *, #6341, .F. ) ;
#2733 = ORIENTED_EDGE ( 'NONE', *, *, #2186, .F. ) ;
#2734 = ORIENTED_EDGE ( 'NONE', *, *, #4302, .F. ) ;
#2735 = EDGE_CURVE ( 'NONE', #5789, #5703, #8196, .T. ) ;
#2736 = EDGE_CURVE ( 'NONE', #647, #2335, #3484, .T. ) ;
#2737 = CYLINDRICAL_SURFACE ( 'NONE', #6698, 0.01999999999999994491 ) ;
#2738 = CARTESIAN_POINT ( 'NONE',  ( -0.09999999999999958922, 0.05000000000000012768, 0.7750000000000002442 ) ) ;
#2739 = LINE ( 'NONE', #1032, #1419 ) ;
#2740 = LINE ( 'NONE', #5930, #6632 ) ;
#2742 = ORIENTED_EDGE ( 'NONE', *, *, #4116, .T. ) ;
#2741 = CARTESIAN_POINT ( 'NONE',  ( -0.9999999999999997780, 0.06999999999999975686, -0.6500000000000000222 ) ) ;
#2743 = ORIENTED_EDGE ( 'NONE', *, *, #8990, .F. ) ;
#2744 = CARTESIAN_POINT ( 'NONE',  ( -0.4250000000000039302, 0.06999999999999975686, -0.2500000000000000000 ) ) ;
#2745 = CARTESIAN_POINT ( 'NONE',  ( -0.3750000000000037748, 0.1199999999999999956, -0.1999999999999998723 ) ) ;
#2746 = DIRECTION ( 'NONE',  ( 0.000000000000000000, 0.000000000000000000, -1.000000000000000000 ) ) ;
#2747 = ADVANCED_FACE ( 'NONE', ( #8847 ), #5099, .F. ) ;
#2748 = ADVANCED_FACE ( 'NONE', ( #1145 ), #4480, .F. ) ;
#2749 = EDGE_CURVE ( 'NONE', #7796, #8701, #6054, .T. ) ;
#2750 = VECTOR ( 'NONE', #6334, 1000.000000000000000 ) ;
#2751 = PLANE ( 'NONE',  #2686 ) ;
#2752 = LINE ( 'NONE', #1994, #8512 ) ;
#2753 = CARTESIAN_POINT ( 'NONE',  ( -0.9999999999999997780, 0.1199999999999999956, 0.7000000000000005107 ) ) ;
#2754 = FACE_BOUND ( 'NONE', #6065, .T. ) ;
#2755 = ORIENTED_EDGE ( 'NONE', *, *, #2263, .F. ) ;
#2756 = ORIENTED_EDGE ( 'NONE', *, *, #1364, .T. ) ;
#2757 = ADVANCED_FACE ( 'NONE', ( #3539 ), #8150, .F. ) ;
#2759 = VECTOR ( 'NONE', #9405, 1000.000000000000000 ) ;
#2758 = PLANE ( 'NONE',  #5474 ) ;
#2760 = ORIENTED_EDGE ( 'NONE', *, *, #1135, .F. ) ;
#2761 = VERTEX_POINT ( 'NONE', #2207 ) ;
#2762 = EDGE_LOOP ( 'NONE', ( #4077, #6288, #6322, #8034 ) ) ;
#2763 = VECTOR ( 'NONE', #6350, 1000.000000000000000 ) ;
#2764 = LINE ( 'NONE', #7313, #9333 ) ;
#2765 = FACE_OUTER_BOUND ( 'NONE', #7988, .T. ) ;
#2766 = CARTESIAN_POINT ( 'NONE',  ( 0.07999999999999989064, 0.05000000000000012768, -0.9149999999999998135 ) ) ;
#2767 = ORIENTED_EDGE ( 'NONE', *, *, #2010, .T. ) ;
#2768 = CARTESIAN_POINT ( 'NONE',  ( -0.3750000000000037748, 0.1199999999999999956, -0.6500000000000000222 ) ) ;
#2769 = PLANE ( 'NONE',  #5142 ) ;
#2770 = DIRECTION ( 'NONE',  ( -1.000000000000000000, 0.000000000000000000, 0.000000000000000000 ) ) ;
#2771 = ORIENTED_EDGE ( 'NONE', *, *, #6035, .F. ) ;
#2772 = EDGE_CURVE ( 'NONE', #8817, #8303, #9145, .T. ) ;
#2773 = VECTOR ( 'NONE', #3966, 1000.000000000000000 ) ;
#2774 = VECTOR ( 'NONE', #8840, 1000.000000000000000 ) ;
#2775 = ORIENTED_EDGE ( 'NONE', *, *, #9883, .F. ) ;
#2776 = VECTOR ( 'NONE', #9861, 1000.000000000000000 ) ;
#2777 = VECTOR ( 'NONE', #5409, 1000.000000000000000 ) ;
#2778 = DIRECTION ( 'NONE',  ( -0.000000000000000000, -0.000000000000000000, 1.000000000000000000 ) ) ;
#2779 = DIRECTION ( 'NONE',  ( 0.000000000000000000, 0.000000000000000000, 1.000000000000000000 ) ) ;
#2780 = DIRECTION ( 'NONE',  ( 0.000000000000000000, 0.000000000000000000, -1.000000000000000000 ) ) ;
#2781 = DIRECTION ( 'NONE',  ( 0.000000000000000000, -1.000000000000000000, 0.000000000000000000 ) ) ;
#2782 = ADVANCED_FACE ( 'NONE', ( #7563 ), #401, .T. ) ;
#2783 = PLANE ( 'NONE',  #9880 ) ;
#2784 = ORIENTED_EDGE ( 'NONE', *, *, #6229, .F. ) ;
#2785 = EDGE_CURVE ( 'NONE', #3714, #8689, #8892, .T. ) ;
#2786 = CARTESIAN_POINT ( 'NONE',  ( -0.09999999999999958922, 0.05000000000000012768, 0.7750000000000002442 ) ) ;
#2787 = VERTEX_POINT ( 'NONE', #1188 ) ;
#2788 = VERTEX_POINT ( 'NONE', #3736 ) ;
#2789 = COLOUR_RGB ( '',0.2509803921568627416, 0.2509803921568627416, 0.2509803921568627416 ) ;
#2790 = CARTESIAN_POINT ( 'NONE',  ( -0.9999999999999997780, 0.1199999999999999956, -0.2500000000000000000 ) ) ;
#2791 = PLANE ( 'NONE',  #784 ) ;
#2792 = CARTESIAN_POINT ( 'NONE',  ( -0.07999999999999998779, 0.05000000000000012768, -0.9149999999999998135 ) ) ;
#2793 = ORIENTED_EDGE ( 'NONE', *, *, #1256, .T. ) ;
#2794 = VECTOR ( 'NONE', #7139, 1000.000000000000000 ) ;
#2795 = DIRECTION ( 'NONE',  ( 1.000000000000000000, 0.000000000000000000, 0.000000000000000000 ) ) ;
#2797 = ORIENTED_EDGE ( 'NONE', *, *, #3823, .F. ) ;
#2796 = CARTESIAN_POINT ( 'NONE',  ( 0.9149999999999999245, 0.000000000000000000, -0.7749999999999999112 ) ) ;
#2798 = EDGE_CURVE ( 'NONE', #82, #3160, #4586, .T. ) ;
#2799 = FACE_OUTER_BOUND ( 'NONE', #7253, .T. ) ;
#2800 = CARTESIAN_POINT ( 'NONE',  ( 0.7749999999999854783, 0.000000000000000000, 0.5750000000000003997 ) ) ;
#2801 = FACE_OUTER_BOUND ( 'NONE', #3828, .T. ) ;
#2802 = VECTOR ( 'NONE', #4629, 1000.000000000000000 ) ;
#2803 = CARTESIAN_POINT ( 'NONE',  ( -0.4800000000000075318, 0.000000000000000000, 0.7549999999999965627 ) ) ;
#2804 = DIRECTION ( 'NONE',  ( -1.000000000000000000, -0.000000000000000000, -0.000000000000000000 ) ) ;
#2805 = LINE ( 'NONE', #5846, #8548 ) ;
#2806 = ORIENTED_EDGE ( 'NONE', *, *, #9419, .T. ) ;
#2807 = ADVANCED_FACE ( 'NONE', ( #9935 ), #9887, .F. ) ;
#2808 = VERTEX_POINT ( 'NONE', #6108 ) ;
#2809 = ADVANCED_FACE ( 'NONE', ( #2265 ), #5350, .F. ) ;
#2810 = EDGE_CURVE ( 'NONE', #2644, #1542, #5765, .T. ) ;
#2811 = FACE_OUTER_BOUND ( 'NONE', #6138, .T. ) ;
#2812 = FACE_BOUND ( 'NONE', #7603, .T. ) ;
#2813 = VERTEX_POINT ( 'NONE', #4527 ) ;
#2814 = ORIENTED_EDGE ( 'NONE', *, *, #4836, .F. ) ;
#2815 = ORIENTED_EDGE ( 'NONE', *, *, #2680, .T. ) ;
#2816 = AXIS2_PLACEMENT_3D ( 'NONE', #6877, #5917, #3045 ) ;
#2817 = DIRECTION ( 'NONE',  ( -0.000000000000000000, -1.000000000000000000, -0.000000000000000000 ) ) ;
#2818 = CARTESIAN_POINT ( 'NONE',  ( 0.3000000000000000444, 0.05000000000000012768, -0.9149999999999997025 ) ) ;
#2819 = FACE_OUTER_BOUND ( 'NONE', #9581, .T. ) ;
#2820 = CIRCLE ( 'NONE', #7335, 0.01999999999999690914 ) ;
#2821 = SURFACE_STYLE_USAGE ( .BOTH. , #8348 ) ;
#2822 = EDGE_CURVE ( 'NONE', #5219, #8290, #6200, .T. ) ;
#2823 = ORIENTED_EDGE ( 'NONE', *, *, #8360, .T. ) ;
#2824 = CARTESIAN_POINT ( 'NONE',  ( 0.7750000000000002442, 0.000000000000000000, -0.5749999999999997335 ) ) ;
#2825 = LINE ( 'NONE', #5098, #792 ) ;
#2826 = VERTEX_POINT ( 'NONE', #6741 ) ;
#2827 = PLANE ( 'NONE',  #3995 ) ;
#2828 = ORIENTED_EDGE ( 'NONE', *, *, #8363, .T. ) ;
#2829 = VERTEX_POINT ( 'NONE', #5998 ) ;
#2830 = ORIENTED_EDGE ( 'NONE', *, *, #405, .T. ) ;
#2831 = DIRECTION ( 'NONE',  ( 1.000000000000000000, -0.000000000000000000, -0.000000000000000000 ) ) ;
#2832 = VECTOR ( 'NONE', #8373, 1000.000000000000000 ) ;
#2833 = EDGE_CURVE ( 'NONE', #414, #463, #6903, .T. ) ;
#2834 = DIRECTION ( 'NONE',  ( 1.000000000000000000, 0.000000000000000000, -0.000000000000000000 ) ) ;
#2835 = LINE ( 'NONE', #9113, #4329 ) ;
#2836 = CYLINDRICAL_SURFACE ( 'NONE', #4759, 0.02000000000000005246 ) ;
#2837 = CARTESIAN_POINT ( 'NONE',  ( -0.9149999999999905986, 0.000000000000000000, 0.3250000000000000111 ) ) ;
#2838 = DIRECTION ( 'NONE',  ( 0.000000000000000000, 0.000000000000000000, -1.000000000000000000 ) ) ;
#2840 = ORIENTED_EDGE ( 'NONE', *, *, #4864, .F. ) ;
#2839 = AXIS2_PLACEMENT_3D ( 'NONE', #4052, #3299, #5569 ) ;
#2841 = PLANE ( 'NONE',  #8887 ) ;
#2842 = EDGE_LOOP ( 'NONE', ( #9412, #1661, #8915, #6604 ) ) ;
#2843 = ORIENTED_EDGE ( 'NONE', *, *, #1640, .T. ) ;
#2844 = CIRCLE ( 'NONE', #2839, 0.02000000000000005246 ) ;
#2845 = EDGE_CURVE ( 'NONE', #3002, #4011, #3783, .T. ) ;
#2846 = LINE ( 'NONE', #1161, #3189 ) ;
#2847 = DIRECTION ( 'NONE',  ( 1.000000000000000000, -0.000000000000000000, -0.000000000000000000 ) ) ;
#2848 = CARTESIAN_POINT ( 'NONE',  ( 0.4250000000000039302, 0.1199999999999999956, 0.6500000000000003553 ) ) ;
#2849 = LINE ( 'NONE', #3612, #7619 ) ;
#2851 = ORIENTED_EDGE ( 'NONE', *, *, #3462, .T. ) ;
#2850 = CARTESIAN_POINT ( 'NONE',  ( -0.3750000000000037748, 0.1199999999999999956, 0.6500000000000003553 ) ) ;
#2852 = ORIENTED_EDGE ( 'NONE', *, *, #9952, .F. ) ;
#2853 = CARTESIAN_POINT ( 'NONE',  ( 0.9149999999999853806, 0.05000000000000012768, 0.7550000000000004485 ) ) ;
#2854 = CARTESIAN_POINT ( 'NONE',  ( 0.3750000000000037748, 0.1199999999999999956, -0.1999999999999998723 ) ) ;
#2855 = ORIENTED_EDGE ( 'NONE', *, *, #6592, .F. ) ;
#2856 = VECTOR ( 'NONE', #9345, 1000.000000000000000 ) ;
#2857 = ORIENTED_EDGE ( 'NONE', *, *, #9939, .F. ) ;
#2858 = CARTESIAN_POINT ( 'NONE',  ( -0.02500000000000006384, 0.06999999999999975686, 0.2000000000000003164 ) ) ;
#2859 = EDGE_CURVE ( 'NONE', #7275, #4319, #9982, .T. ) ;
#2860 = AXIS2_PLACEMENT_3D ( 'NONE', #1819, #4900, #7217 ) ;
#2861 = CARTESIAN_POINT ( 'NONE',  ( -0.4250000000000039302, 0.06999999999999975686, -1.000000000000000222 ) ) ;
#2862 = CARTESIAN_POINT ( 'NONE',  ( -0.02500000000000006384, 0.06999999999999975686, -0.6500000000000000222 ) ) ;
#2863 = CARTESIAN_POINT ( 'NONE',  ( -0.9999999999999997780, 0.1199999999999999956, -0.7000000000000000666 ) ) ;
#2864 = EDGE_LOOP ( 'NONE', ( #7188, #247, #3512, #789 ) ) ;
#2865 = ORIENTED_EDGE ( 'NONE', *, *, #9952, .T. ) ;
#2866 = CARTESIAN_POINT ( 'NONE',  ( 0.4999999999999997780, 0.05000000000000012768, 0.4799999999999998712 ) ) ;
#2867 = DIRECTION ( 'NONE',  ( 0.000000000000000000, 1.000000000000000000, 0.000000000000000000 ) ) ;
#2868 = EDGE_LOOP ( 'NONE', ( #3686, #4088, #3475, #3797, #2935, #6780, #32, #6791, #4002, #561, #5201, #6457, #3922, #9027, #4560, #7782, #6215, #991, #8457, #4767, #9715, #1686, #4796, #7550, #3459, #9557, #9000, #7093, #836, #4961, #1441, #3488, #7959, #4243, #2917, #7930, #7239, #9363, #6402, #149, #7581, #3861, #4706, #2627, #3378, #9201, #1558, #6630, #2331, #2094, #7018, #6872 ) ) ;
#2869 = VECTOR ( 'NONE', #8114, 1000.000000000000000 ) ;
#2870 = DIRECTION ( 'NONE',  ( -1.000000000000000000, 0.000000000000000000, 0.000000000000000000 ) ) ;
#2871 = EDGE_CURVE ( 'NONE', #224, #976, #8489, .T. ) ;
#2872 = ADVANCED_FACE ( 'NONE', ( #1328 ), #1381, .F. ) ;
#2873 = CARTESIAN_POINT ( 'NONE',  ( -0.02500000000000006384, 0.06999999999999975686, 0.2000000000000003164 ) ) ;
#2874 = FACE_OUTER_BOUND ( 'NONE', #3661, .T. ) ;
#2875 = VECTOR ( 'NONE', #9336, 1000.000000000000000 ) ;
#2877 = AXIS2_PLACEMENT_3D ( 'NONE', #9240, #6344, #2303 ) ;
#2876 = DIRECTION ( 'NONE',  ( -0.000000000000000000, 1.000000000000000000, -0.000000000000000000 ) ) ;
#2878 = SURFACE_SIDE_STYLE ('',( #5250 ) ) ;
#2879 = CARTESIAN_POINT ( 'NONE',  ( 1.000000000000000222, 0.06999999999999975686, 0.6500000000000003553 ) ) ;
#2880 = DIRECTION ( 'NONE',  ( 1.000000000000000000, 0.000000000000000000, 1.151964808265787246E-14 ) ) ;
#2881 = ORIENTED_EDGE ( 'NONE', *, *, #9829, .F. ) ;
#2882 = CARTESIAN_POINT ( 'NONE',  ( -0.9999999999999997780, 0.1199999999999999956, -0.6500000000000000222 ) ) ;
#2883 = ORIENTED_EDGE ( 'NONE', *, *, #430, .F. ) ;
#2884 = VERTEX_POINT ( 'NONE', #3731 ) ;
#2885 = VECTOR ( 'NONE', #8954, 1000.000000000000000 ) ;
#2886 = DIRECTION ( 'NONE',  ( -1.000000000000000000, 0.000000000000000000, 0.000000000000000000 ) ) ;
#2887 = FACE_OUTER_BOUND ( 'NONE', #4418, .T. ) ;
#2888 = CIRCLE ( 'NONE', #5307, 0.02000000000000005246 ) ;
#2889 = EDGE_CURVE ( 'NONE', #9769, #1931, #788, .T. ) ;
#2890 = DIRECTION ( 'NONE',  ( 0.000000000000000000, 0.000000000000000000, 1.000000000000000000 ) ) ;
#2891 = CARTESIAN_POINT ( 'NONE',  ( -0.3750000000000037748, 0.1199999999999999956, 0.2000000000000003164 ) ) ;
#2892 = DIRECTION ( 'NONE',  ( -3.049318610115328497E-14, 0.000000000000000000, -1.000000000000000000 ) ) ;
#2894 = CYLINDRICAL_SURFACE ( 'NONE', #620, 0.02000000000000005246 ) ;
#2893 = AXIS2_PLACEMENT_3D ( 'NONE', #9539, #6404, #9391 ) ;
#2895 = AXIS2_PLACEMENT_3D ( 'NONE', #7230, #9562, #1732 ) ;
#2896 = DIRECTION ( 'NONE',  ( 1.000000000000000000, 0.000000000000000000, 0.000000000000000000 ) ) ;
#2897 = VERTEX_POINT ( 'NONE', #3069 ) ;
#2898 = DIRECTION ( 'NONE',  ( 0.000000000000000000, 0.000000000000000000, -1.000000000000000000 ) ) ;
#2899 = EDGE_CURVE ( 'NONE', #8701, #9065, #6153, .T. ) ;
#2900 = EDGE_LOOP ( 'NONE', ( #6080, #3073, #4724, #7068 ) ) ;
#2901 = VECTOR ( 'NONE', #3169, 1000.000000000000000 ) ;
#2902 = FACE_OUTER_BOUND ( 'NONE', #4133, .T. ) ;
#2903 = VECTOR ( 'NONE', #4094, 1000.000000000000000 ) ;
#2904 = DIRECTION ( 'NONE',  ( -1.000000000000000000, 0.000000000000000000, 0.000000000000000000 ) ) ;
#2905 = CARTESIAN_POINT ( 'NONE',  ( 0.3199999999999998956, 0.05000000000000012768, -0.7749999999999999112 ) ) ;
#2906 = CARTESIAN_POINT ( 'NONE',  ( 1.000000000000000222, 0.06999999999999975686, 0.7000000000000005107 ) ) ;
#2907 = ORIENTED_EDGE ( 'NONE', *, *, #7026, .F. ) ;
#2908 = CARTESIAN_POINT ( 'NONE',  ( -0.4250000000000039302, 0.1199999999999999956, 0.2500000000000004441 ) ) ;
#2910 = ORIENTED_EDGE ( 'NONE', *, *, #4953, .F. ) ;
#2909 = CARTESIAN_POINT ( 'NONE',  ( -0.9999999999999997780, 0.1199999999999999956, 0.7000000000000005107 ) ) ;
#2911 = VERTEX_POINT ( 'NONE', #6103 ) ;
#2912 = DIRECTION ( 'NONE',  ( 0.000000000000000000, 0.000000000000000000, 1.000000000000000000 ) ) ;
#2913 = AXIS2_PLACEMENT_3D ( 'NONE', #9577, #6442, #6300 ) ;
#2914 = DIRECTION ( 'NONE',  ( -1.000000000000000000, -0.000000000000000000, -0.000000000000000000 ) ) ;
#2915 = ORIENTED_EDGE ( 'NONE', *, *, #8330, .T. ) ;
#2916 = EDGE_CURVE ( 'NONE', #1968, #3244, #7662, .T. ) ;
#2917 = ORIENTED_EDGE ( 'NONE', *, *, #5661, .T. ) ;
#2918 = ORIENTED_EDGE ( 'NONE', *, *, #64, .T. ) ;
#2919 = DIRECTION ( 'NONE',  ( 0.000000000000000000, -1.000000000000000000, 0.000000000000000000 ) ) ;
#2920 = CARTESIAN_POINT ( 'NONE',  ( 0.08000000000000048739, 0.000000000000000000, 0.9150000000000000355 ) ) ;
#2921 = DIRECTION ( 'NONE',  ( 0.000000000000000000, 1.000000000000000000, 0.000000000000000000 ) ) ;
#2922 = EDGE_LOOP ( 'NONE', ( #7000, #7411 ) ) ;
#2923 = EDGE_LOOP ( 'NONE', ( #8136, #708, #3553, #2760 ) ) ;
#2924 = FACE_BOUND ( 'NONE', #8212, .T. ) ;
#2925 = CARTESIAN_POINT ( 'NONE',  ( -0.9999999999999997780, 0.06999999999999985401, 0.7000000000000005107 ) ) ;
#2926 = ORIENTED_EDGE ( 'NONE', *, *, #6383, .F. ) ;
#2927 = ORIENTED_EDGE ( 'NONE', *, *, #8387, .T. ) ;
#2928 =( NAMED_UNIT ( * ) PLANE_ANGLE_UNIT ( ) SI_UNIT ( $, .RADIAN. ) );
#2929 = DIRECTION ( 'NONE',  ( -7.744301232039333445E-16, 0.000000000000000000, 1.000000000000000000 ) ) ;
#2930 = CARTESIAN_POINT ( 'NONE',  ( 0.3750000000000037748, 0.1199999999999999956, 0.2000000000000003164 ) ) ;
#2931 = CARTESIAN_POINT ( 'NONE',  ( -0.9999999999999997780, 0.06999999999999985401, 0.2500000000000003331 ) ) ;
#2932 = AXIS2_PLACEMENT_3D ( 'NONE', #1067, #8725, #1980 ) ;
#2933 = DIRECTION ( 'NONE',  ( -0.000000000000000000, -0.000000000000000000, 1.000000000000000000 ) ) ;
#2934 = DIRECTION ( 'NONE',  ( -0.000000000000000000, -1.000000000000000000, -0.000000000000000000 ) ) ;
#2935 = ORIENTED_EDGE ( 'NONE', *, *, #5243, .F. ) ;
#2936 = CARTESIAN_POINT ( 'NONE',  ( 0.02500000000000006384, 0.06999999999999975686, 0.2500000000000004441 ) ) ;
#2937 = PLANE ( 'NONE',  #3528 ) ;
#2938 = VERTEX_POINT ( 'NONE', #9881 ) ;
#2939 = FACE_OUTER_BOUND ( 'NONE', #5038, .T. ) ;
#2940 = EDGE_CURVE ( 'NONE', #2470, #2020, #5344, .T. ) ;
#2941 = VERTEX_POINT ( 'NONE', #735 ) ;
#2942 = EDGE_LOOP ( 'NONE', ( #1332, #1979, #5732, #9963 ) ) ;
#2943 = ORIENTED_EDGE ( 'NONE', *, *, #6772, .T. ) ;
#2944 = DIRECTION ( 'NONE',  ( -0.000000000000000000, 1.000000000000000000, -0.000000000000000000 ) ) ;
#2945 = LINE ( 'NONE', #5260, #4944 ) ;
#2946 = CYLINDRICAL_SURFACE ( 'NONE', #3866, 0.02000000000000005246 ) ;
#2947 = CYLINDRICAL_SURFACE ( 'NONE', #3633, 0.02000000000000005246 ) ;
#2948 = AXIS2_PLACEMENT_3D ( 'NONE', #5836, #4365, #4170 ) ;
#2949 = LINE ( 'NONE', #5215, #2885 ) ;
#2950 = FACE_OUTER_BOUND ( 'NONE', #1029, .T. ) ;
#2951 = VERTEX_POINT ( 'NONE', #6954 ) ;
#2953 = EDGE_CURVE ( 'NONE', #2542, #6250, #9140, .T. ) ;
#2952 = DIRECTION ( 'NONE',  ( -0.000000000000000000, 0.000000000000000000, -1.000000000000000000 ) ) ;
#2954 = EDGE_CURVE ( 'NONE', #8947, #7759, #2202, .T. ) ;
#2955 = EDGE_CURVE ( 'NONE', #8344, #9889, #7506, .T. ) ;
#2956 = ORIENTED_EDGE ( 'NONE', *, *, #9138, .T. ) ;
#2957 = CIRCLE ( 'NONE', #522, 0.02000000000000016001 ) ;
#2958 = VECTOR ( 'NONE', #2411, 1000.000000000000000 ) ;
#2959 = DIRECTION ( 'NONE',  ( -0.000000000000000000, -0.000000000000000000, -1.000000000000000000 ) ) ;
#2960 = DIRECTION ( 'NONE',  ( 1.000000000000000000, -0.000000000000000000, -0.000000000000000000 ) ) ;
#2961 = LINE ( 'NONE', #623, #2649 ) ;
#2962 = PLANE ( 'NONE',  #1002 ) ;
#2964 = ORIENTED_EDGE ( 'NONE', *, *, #2145, .T. ) ;
#2963 = DIRECTION ( 'NONE',  ( -1.000000000000000000, 0.000000000000000000, -0.000000000000000000 ) ) ;
#2965 = AXIS2_PLACEMENT_3D ( 'NONE', #9101, #7675, #653 ) ;
#2966 = CARTESIAN_POINT ( 'NONE',  ( 0.02500000000000006384, 0.06999999999999975686, 0.2000000000000003164 ) ) ;
#2967 = VERTEX_POINT ( 'NONE', #578 ) ;
#2968 = ORIENTED_EDGE ( 'NONE', *, *, #8810, .T. ) ;
#2969 = DIRECTION ( 'NONE',  ( -0.000000000000000000, -1.000000000000000000, -0.000000000000000000 ) ) ;
#2970 = ADVANCED_FACE ( 'NONE', ( #1438 ), #8335, .F. ) ;
#2971 = CIRCLE ( 'NONE', #1665, 0.02000000000000005246 ) ;
#2972 = CARTESIAN_POINT ( 'NONE',  ( 0.3750000000000037748, 0.1199999999999999956, 0.9999999999999997780 ) ) ;
#2973 =( NAMED_UNIT ( * ) SI_UNIT ( $, .STERADIAN. ) SOLID_ANGLE_UNIT ( ) );
#2974 = ORIENTED_EDGE ( 'NONE', *, *, #7086, .F. ) ;
#2975 = ORIENTED_EDGE ( 'NONE', *, *, #7323, .T. ) ;
#2976 = CARTESIAN_POINT ( 'NONE',  ( 1.000000000000000222, 0.06999999999999975686, -0.2500000000000000000 ) ) ;
#2977 = DIRECTION ( 'NONE',  ( -0.000000000000000000, 0.000000000000000000, 1.000000000000000000 ) ) ;
#2978 = CARTESIAN_POINT ( 'NONE',  ( -0.9150000000000000355, 0.000000000000000000, -0.7550000000000000044 ) ) ;
#2979 = ORIENTED_EDGE ( 'NONE', *, *, #967, .F. ) ;
#2980 = ADVANCED_FACE ( 'NONE', ( #5399 ), #6853, .F. ) ;
#2981 = EDGE_CURVE ( 'NONE', #6640, #4444, #9914, .T. ) ;
#2982 = PLANE ( 'NONE',  #4029 ) ;
#2983 = ORIENTED_EDGE ( 'NONE', *, *, #1261, .T. ) ;
#2984 = PLANE ( 'NONE',  #8004 ) ;
#2985 = CARTESIAN_POINT ( 'NONE',  ( 0.9349999999999903944, 0.000000000000000000, 0.1450000000000001565 ) ) ;
#2986 = ORIENTED_EDGE ( 'NONE', *, *, #7770, .F. ) ;
#2987 = LINE ( 'NONE', #8404, #5929 ) ;
#2988 = VECTOR ( 'NONE', #5288, 1000.000000000000000 ) ;
#2989 = ORIENTED_EDGE ( 'NONE', *, *, #478, .F. ) ;
#2990 = ORIENTED_EDGE ( 'NONE', *, *, #1731, .F. ) ;
#2991 = VERTEX_POINT ( 'NONE', #5491 ) ;
#2992 =( LENGTH_UNIT ( ) NAMED_UNIT ( * ) SI_UNIT ( .MILLI., .METRE. ) );
#2993 = VECTOR ( 'NONE', #3492, 1000.000000000000000 ) ;
#2994 = ADVANCED_FACE ( 'NONE', ( #3930 ), #230, .F. ) ;
#2995 = DIRECTION ( 'NONE',  ( 0.000000000000000000, 0.000000000000000000, 1.000000000000000000 ) ) ;
#2996 = DIRECTION ( 'NONE',  ( 1.000000000000000000, 0.000000000000000000, 0.000000000000000000 ) ) ;
#2997 = DIRECTION ( 'NONE',  ( 0.000000000000000000, 1.000000000000000000, -0.000000000000000000 ) ) ;
#2998 = LINE ( 'NONE', #2233, #6337 ) ;
#2999 = ORIENTED_EDGE ( 'NONE', *, *, #2142, .F. ) ;
#3000 = LINE ( 'NONE', #4455, #5352 ) ;
#3001 = EDGE_LOOP ( 'NONE', ( #7559, #4498, #3162, #920 ) ) ;
#3002 = VERTEX_POINT ( 'NONE', #2549 ) ;
#3003 = VECTOR ( 'NONE', #6918, 1000.000000000000000 ) ;
#3004 = EDGE_CURVE ( 'NONE', #6498, #5618, #1179, .T. ) ;
#3005 = EDGE_CURVE ( 'NONE', #507, #8289, #5440, .T. ) ;
#3007 = VECTOR ( 'NONE', #2700, 1000.000000000000000 ) ;
#3006 = DIRECTION ( 'NONE',  ( -0.000000000000000000, -1.000000000000000000, -0.000000000000000000 ) ) ;
#3008 = CARTESIAN_POINT ( 'NONE',  ( 0.4250000000000039302, 0.1199999999999999956, 0.2500000000000003331 ) ) ;
#3009 = DIRECTION ( 'NONE',  ( 0.000000000000000000, 0.000000000000000000, 1.000000000000000000 ) ) ;
#3010 = PLANE ( 'NONE',  #1815 ) ;
#3012 = ORIENTED_EDGE ( 'NONE', *, *, #1832, .T. ) ;
#3011 = CARTESIAN_POINT ( 'NONE',  ( 0.3750000000000037748, 0.06999999999999985401, 0.2000000000000002054 ) ) ;
#3013 = ORIENTED_EDGE ( 'NONE', *, *, #5837, .T. ) ;
#3014 = LINE ( 'NONE', #5991, #9052 ) ;
#3015 = ORIENTED_EDGE ( 'NONE', *, *, #8979, .F. ) ;
#3016 = VECTOR ( 'NONE', #1549, 1000.000000000000000 ) ;
#3017 = EDGE_CURVE ( 'NONE', #6202, #7328, #4421, .T. ) ;
#3018 = DIRECTION ( 'NONE',  ( 0.000000000000000000, 0.000000000000000000, 1.000000000000000000 ) ) ;
#3019 = DIRECTION ( 'NONE',  ( 0.000000000000000000, -1.000000000000000000, 0.000000000000000000 ) ) ;
#3020 = VECTOR ( 'NONE', #2461, 1000.000000000000000 ) ;
#3021 =( NAMED_UNIT ( * ) PLANE_ANGLE_UNIT ( ) SI_UNIT ( $, .RADIAN. ) );
#3022 = ORIENTED_EDGE ( 'NONE', *, *, #5968, .T. ) ;
#3023 = ORIENTED_EDGE ( 'NONE', *, *, #8963, .T. ) ;
#3024 = CARTESIAN_POINT ( 'NONE',  ( 0.9349999999999903944, 0.000000000000000000, 0.3050000000000003819 ) ) ;
#3025 = DIRECTION ( 'NONE',  ( 1.000000000000000000, 0.000000000000000000, 0.000000000000000000 ) ) ;
#3026 = DIRECTION ( 'NONE',  ( 0.000000000000000000, 1.000000000000000000, 0.000000000000000000 ) ) ;
#3027 = ADVANCED_FACE ( 'NONE', ( #4020, #9472 ), #1644, .F. ) ;
#3028 = ORIENTED_EDGE ( 'NONE', *, *, #3496, .T. ) ;
#3029 = LINE ( 'NONE', #1499, #3020 ) ;
#3030 = VECTOR ( 'NONE', #6305, 1000.000000000000000 ) ;
#3031 = CARTESIAN_POINT ( 'NONE',  ( 0.4250000000000039302, 0.06999999999999975686, -1.000000000000000222 ) ) ;
#3032 = PRESENTATION_STYLE_ASSIGNMENT (( #2117 ) ) ;
#3033 = ORIENTED_EDGE ( 'NONE', *, *, #7945, .T. ) ;
#3034 = LINE ( 'NONE', #1504, #7505 ) ;
#3035 = PLANE ( 'NONE',  #6130 ) ;
#3037 = ORIENTED_EDGE ( 'NONE', *, *, #526, .T. ) ;
#3036 = VECTOR ( 'NONE', #3817, 1000.000000000000000 ) ;
#3038 = ORIENTED_EDGE ( 'NONE', *, *, #1214, .T. ) ;
#3039 = EDGE_CURVE ( 'NONE', #6081, #1542, #3364, .T. ) ;
#3040 = ORIENTED_EDGE ( 'NONE', *, *, #1378, .T. ) ;
#3041 = CARTESIAN_POINT ( 'NONE',  ( -0.02500000000000006384, 0.1199999999999999956, 0.6500000000000003553 ) ) ;
#3042 = AXIS2_PLACEMENT_3D ( 'NONE', #1063, #7231, #554 ) ;
#3043 = CARTESIAN_POINT ( 'NONE',  ( 0.4799999999999996492, 0.05000000000000012768, -0.5000000000000000000 ) ) ;
#3044 = DIRECTION ( 'NONE',  ( 0.000000000000000000, 1.000000000000000000, -0.000000000000000000 ) ) ;
#3045 = DIRECTION ( 'NONE',  ( 0.000000000000000000, 0.000000000000000000, 1.000000000000000000 ) ) ;
#3046 = DIRECTION ( 'NONE',  ( -0.000000000000000000, 1.000000000000000000, -0.000000000000000000 ) ) ;
#3047 = CARTESIAN_POINT ( 'NONE',  ( -0.9150000000000000355, 0.05000000000000012768, -0.7550000000000000044 ) ) ;
#3048 = ORIENTED_EDGE ( 'NONE', *, *, #5333, .T. ) ;
#3049 = DIRECTION ( 'NONE',  ( 0.000000000000000000, 1.000000000000000000, 0.000000000000000000 ) ) ;
#3050 = ORIENTED_EDGE ( 'NONE', *, *, #3990, .F. ) ;
#3051 = VERTEX_POINT ( 'NONE', #2405 ) ;
#3052 = CIRCLE ( 'NONE', #453, 0.02000000000000005246 ) ;
#3053 = ADVANCED_FACE ( 'NONE', ( #4680 ), #3262, .F. ) ;
#3054 = FACE_OUTER_BOUND ( 'NONE', #6709, .T. ) ;
#3055 = VECTOR ( 'NONE', #9006, 1000.000000000000000 ) ;
#3056 = LINE ( 'NONE', #6890, #1245 ) ;
#3057 = DIRECTION ( 'NONE',  ( 0.000000000000000000, -0.000000000000000000, 1.000000000000000000 ) ) ;
#3058 = CARTESIAN_POINT ( 'NONE',  ( 0.3750000000000037748, 0.1199999999999999956, -0.6500000000000000222 ) ) ;
#3060 = VERTEX_POINT ( 'NONE', #7050 ) ;
#3059 = LINE ( 'NONE', #6144, #6533 ) ;
#3061 = VERTEX_POINT ( 'NONE', #2452 ) ;
#3062 = LINE ( 'NONE', #4672, #6775 ) ;
#3063 = EDGE_LOOP ( 'NONE', ( #9638, #9846, #6052, #1482 ) ) ;
#3064 = EDGE_CURVE ( 'NONE', #4236, #6091, #6852, .T. ) ;
#3065 = VERTEX_POINT ( 'NONE', #4876 ) ;
#3066 = AXIS2_PLACEMENT_3D ( 'NONE', #4037, #7263, #1048 ) ;
#3067 = VECTOR ( 'NONE', #9389, 1000.000000000000000 ) ;
#3068 = ORIENTED_EDGE ( 'NONE', *, *, #2641, .F. ) ;
#3069 = CARTESIAN_POINT ( 'NONE',  ( 1.000000000000000222, 0.1199999999999999956, 0.2000000000000002054 ) ) ;
#3070 = VECTOR ( 'NONE', #4883, 1000.000000000000000 ) ;
#3071 = CARTESIAN_POINT ( 'NONE',  ( -0.5000000000000002220, 0.05000000000000012768, 0.4799999999999998712 ) ) ;
#3072 = ORIENTED_EDGE ( 'NONE', *, *, #7311, .T. ) ;
#3073 = ORIENTED_EDGE ( 'NONE', *, *, #33, .T. ) ;
#3074 = CARTESIAN_POINT ( 'NONE',  ( -0.5000000000000002220, 0.000000000000000000, -0.5000000000000000000 ) ) ;
#3075 = DIRECTION ( 'NONE',  ( -0.000000000000000000, -1.000000000000000000, -0.000000000000000000 ) ) ;
#3076 = CARTESIAN_POINT ( 'NONE',  ( 0.7749999999999854783, 0.05000000000000012768, 0.5950000000000005285 ) ) ;
#3077 = ADVANCED_FACE ( 'NONE', ( #134 ), #5638, .T. ) ;
#3078 = EDGE_CURVE ( 'NONE', #731, #4780, #7004, .T. ) ;
#3079 = EDGE_CURVE ( 'NONE', #344, #5816, #7763, .T. ) ;
#3080 = VERTEX_POINT ( 'NONE', #6247 ) ;
#3081 = EDGE_CURVE ( 'NONE', #2296, #3833, #9335, .T. ) ;
#3082 = CARTESIAN_POINT ( 'NONE',  ( 0.08000000000000048739, 0.05000000000000012768, 0.9150000000000000355 ) ) ;
#3083 = ORIENTED_EDGE ( 'NONE', *, *, #5284, .F. ) ;
#3084 = LINE ( 'NONE', #4595, #3816 ) ;
#3085 = LINE ( 'NONE', #4743, #8232 ) ;
#3086 = ORIENTED_EDGE ( 'NONE', *, *, #298, .F. ) ;
#3087 = ORIENTED_EDGE ( 'NONE', *, *, #3502, .T. ) ;
#3088 = ORIENTED_EDGE ( 'NONE', *, *, #771, .T. ) ;
#3089 = DIRECTION ( 'NONE',  ( 0.000000000000000000, 1.000000000000000000, 0.000000000000000000 ) ) ;
#3090 = CLOSED_SHELL ( 'NONE', ( #8105, #5770, #5152, #3555, #4978, #9437, #7760, #1134, #1718, #6253 ) ) ;
#3091 = EDGE_CURVE ( 'NONE', #5219, #7125, #7859, .T. ) ;
#3092 = CYLINDRICAL_SURFACE ( 'NONE', #9630, 0.02000000000000005246 ) ;
#3093 = DIRECTION ( 'NONE',  ( 0.000000000000000000, -1.000000000000000000, 0.000000000000000000 ) ) ;
#3094 = EDGE_CURVE ( 'NONE', #6978, #520, #1263, .T. ) ;
#3095 = CARTESIAN_POINT ( 'NONE',  ( 1.000000000000000222, 0.06999999999999975686, 0.2000000000000002054 ) ) ;
#3096 = DIRECTION ( 'NONE',  ( -0.000000000000000000, 0.000000000000000000, 1.000000000000000000 ) ) ;
#3097 = PLANE ( 'NONE',  #2150 ) ;
#3098 = EDGE_LOOP ( 'NONE', ( #5000, #8861, #7098, #5097 ) ) ;
#3099 = CARTESIAN_POINT ( 'NONE',  ( 0.4250000000000039302, 0.1199999999999999956, -1.000000000000000222 ) ) ;
#3100 = VERTEX_POINT ( 'NONE', #1985 ) ;
#3101 = LINE ( 'NONE', #9122, #2198 ) ;
#3102 = VECTOR ( 'NONE', #9936, 1000.000000000000000 ) ;
#3103 = EDGE_CURVE ( 'NONE', #9570, #1968, #6481, .T. ) ;
#3104 = CARTESIAN_POINT ( 'NONE',  ( 0.7749999999999854783, 0.05000000000000012768, 0.5950000000000005285 ) ) ;
#3105 = FACE_OUTER_BOUND ( 'NONE', #753, .T. ) ;
#3106 = CARTESIAN_POINT ( 'NONE',  ( 0.08000000000000043188, 0.000000000000000000, 0.7550000000000000044 ) ) ;
#3108 = ORIENTED_EDGE ( 'NONE', *, *, #7815, .T. ) ;
#3107 = DIRECTION ( 'NONE',  ( -0.000000000000000000, -0.000000000000000000, 1.000000000000000000 ) ) ;
#3109 = CARTESIAN_POINT ( 'NONE',  ( 0.7549999999999950084, 0.05000000000000012768, -0.3049999999999998268 ) ) ;
#3110 = DIRECTION ( 'NONE',  ( 1.355252715606883304E-15, -0.000000000000000000, 1.000000000000000000 ) ) ;
#3111 = AXIS2_PLACEMENT_3D ( 'NONE', #1937, #7152, #7337 ) ;
#3113 = ORIENTED_EDGE ( 'NONE', *, *, #6888, .T. ) ;
#3112 = CIRCLE ( 'NONE', #8612, 0.02000000000000243944 ) ;
#3114 = ORIENTED_EDGE ( 'NONE', *, *, #7531, .T. ) ;
#3115 = CARTESIAN_POINT ( 'NONE',  ( 1.000000000000000222, 0.06999999999999985401, 0.7000000000000005107 ) ) ;
#3116 = DIRECTION ( 'NONE',  ( -0.000000000000000000, -1.000000000000000000, -0.000000000000000000 ) ) ;
#3117 = EDGE_CURVE ( 'NONE', #7963, #2941, #5687, .T. ) ;
#3118 = CIRCLE ( 'NONE', #4887, 0.02000000000000005246 ) ;
#3119 = DIRECTION ( 'NONE',  ( -1.000000000000000000, 0.000000000000000000, 0.000000000000000000 ) ) ;
#3120 = CARTESIAN_POINT ( 'NONE',  ( 0.9149999999999853806, 0.000000000000000000, 0.5950000000000005285 ) ) ;
#3121 =( NAMED_UNIT ( * ) PLANE_ANGLE_UNIT ( ) SI_UNIT ( $, .RADIAN. ) );
#3122 = ORIENTED_EDGE ( 'NONE', *, *, #2424, .F. ) ;
#3123 = DIRECTION ( 'NONE',  ( -0.000000000000000000, -1.000000000000000000, -0.000000000000000000 ) ) ;
#3124 = LINE ( 'NONE', #1545, #2958 ) ;
#3125 = CARTESIAN_POINT ( 'NONE',  ( 0.7549999999999853495, 0.05000000000000012768, 0.7550000000000000044 ) ) ;
#3126 = ORIENTED_EDGE ( 'NONE', *, *, #238, .F. ) ;
#3127 = VECTOR ( 'NONE', #2642, 1000.000000000000000 ) ;
#3128 = CARTESIAN_POINT ( 'NONE',  ( 0.3750000000000037748, 0.06999999999999975686, -0.1999999999999998723 ) ) ;
#3129 = EDGE_CURVE ( 'NONE', #7406, #8109, #6516, .T. ) ;
#3130 = EDGE_CURVE ( 'NONE', #2761, #5170, #8866, .T. ) ;
#3131 = EDGE_CURVE ( 'NONE', #9342, #7140, #5068, .T. ) ;
#3132 = DIRECTION ( 'NONE',  ( 1.000000000000000000, 0.000000000000000000, 0.000000000000000000 ) ) ;
#3133 = CARTESIAN_POINT ( 'NONE',  ( -0.9149999999999952616, 0.05000000000000012768, -0.1450000000000000455 ) ) ;
#3134 = SURFACE_SIDE_STYLE ('',( #7871 ) ) ;
#3135 = ORIENTED_EDGE ( 'NONE', *, *, #2749, .F. ) ;
#3136 = CARTESIAN_POINT ( 'NONE',  ( -0.9999999999999997780, 0.1199999999999999956, 0.2500000000000003331 ) ) ;
#3137 = LINE ( 'NONE', #9897, #9203 ) ;
#3138 = ORIENTED_EDGE ( 'NONE', *, *, #7486, .T. ) ;
#3139 = UNCERTAINTY_MEASURE_WITH_UNIT (LENGTH_MEASURE( 1.000000000000000082E-05 ), #8926, 'distance_accuracy_value', 'NONE');
#3140 = EDGE_CURVE ( 'NONE', #7204, #1971, #4255, .T. ) ;
#3141 = FACE_OUTER_BOUND ( 'NONE', #4389, .T. ) ;
#3142 = AXIS2_PLACEMENT_3D ( 'NONE', #565, #1367, #8423 ) ;
#3143 = VERTEX_POINT ( 'NONE', #5118 ) ;
#3144 = DIRECTION ( 'NONE',  ( -0.000000000000000000, 0.000000000000000000, 1.000000000000000000 ) ) ;
#3145 = CARTESIAN_POINT ( 'NONE',  ( -0.3750000000000037748, 0.06999999999999975686, 0.2500000000000004441 ) ) ;
#3146 = CARTESIAN_POINT ( 'NONE',  ( 0.9349999999999903944, 0.05000000000000012768, 0.3050000000000003819 ) ) ;
#3147 = ORIENTED_EDGE ( 'NONE', *, *, #3140, .F. ) ;
#3148 = CARTESIAN_POINT ( 'NONE',  ( -0.9999999999999997780, 0.1199999999999999956, 0.2500000000000003331 ) ) ;
#3149 = ORIENTED_EDGE ( 'NONE', *, *, #192, .T. ) ;
#3150 = VERTEX_POINT ( 'NONE', #2640 ) ;
#3151 = EDGE_CURVE ( 'NONE', #1496, #7601, #1936, .T. ) ;
#3152 = VECTOR ( 'NONE', #1195, 1000.000000000000000 ) ;
#3153 = CYLINDRICAL_SURFACE ( 'NONE', #3490, 0.02000000000000005246 ) ;
#3154 = CARTESIAN_POINT ( 'NONE',  ( -0.02500000000000006384, 0.1199999999999999956, -0.7000000000000000666 ) ) ;
#3155 = DIRECTION ( 'NONE',  ( -0.000000000000000000, -0.000000000000000000, 1.000000000000000000 ) ) ;
#3156 = DIRECTION ( 'NONE',  ( -1.000000000000000000, 0.000000000000000000, 0.000000000000000000 ) ) ;
#3159 = ORIENTED_EDGE ( 'NONE', *, *, #6058, .T. ) ;
#3158 = CIRCLE ( 'NONE', #406, 0.02000000000000005246 ) ;
#3157 = DIRECTION ( 'NONE',  ( 0.000000000000000000, 1.000000000000000000, -0.000000000000000000 ) ) ;
#3160 = VERTEX_POINT ( 'NONE', #5737 ) ;
#3161 = ORIENTED_EDGE ( 'NONE', *, *, #914, .T. ) ;
#3162 = ORIENTED_EDGE ( 'NONE', *, *, #8154, .F. ) ;
#3163 = VECTOR ( 'NONE', #7453, 1000.000000000000000 ) ;
#3164 = CARTESIAN_POINT ( 'NONE',  ( -0.3000000000000050959, 0.05000000000000012768, 0.7750000000000003553 ) ) ;
#3165 = DIRECTION ( 'NONE',  ( -0.000000000000000000, -1.000000000000000000, -0.000000000000000000 ) ) ;
#3166 = FACE_OUTER_BOUND ( 'NONE', #7654, .T. ) ;
#3167 = ORIENTED_EDGE ( 'NONE', *, *, #4965, .F. ) ;
#3168 = ORIENTED_EDGE ( 'NONE', *, *, #8360, .F. ) ;
#3169 = DIRECTION ( 'NONE',  ( 1.000000000000000000, 0.000000000000000000, 0.000000000000000000 ) ) ;
#3170 = DIRECTION ( 'NONE',  ( 0.000000000000000000, 0.000000000000000000, 1.000000000000000000 ) ) ;
#3171 = STYLED_ITEM ( 'NONE', ( #8268 ), #4955 ) ;
#3172 = EDGE_LOOP ( 'NONE', ( #2069, #4757, #493, #4326 ) ) ;
#3173 = ADVANCED_FACE ( 'NONE', ( #8822 ), #4212, .T. ) ;
#3174 = LINE ( 'NONE', #144, #5596 ) ;
#3175 = CARTESIAN_POINT ( 'NONE',  ( -0.9999999999999997780, 0.06999999999999985401, 0.2000000000000002054 ) ) ;
#3176 = LINE ( 'NONE', #7259, #1327 ) ;
#3177 = ORIENTED_EDGE ( 'NONE', *, *, #6099, .T. ) ;
#3178 = LINE ( 'NONE', #6118, #8967 ) ;
#3179 = CARTESIAN_POINT ( 'NONE',  ( -0.9999999999999997780, 0.06999999999999985401, -0.6500000000000000222 ) ) ;
#3180 = ORIENTED_EDGE ( 'NONE', *, *, #3343, .T. ) ;
#3181 = ORIENTED_EDGE ( 'NONE', *, *, #3578, .T. ) ;
#3182 = VERTEX_POINT ( 'NONE', #4928 ) ;
#3183 = VECTOR ( 'NONE', #9582, 1000.000000000000000 ) ;
#3184 = EDGE_CURVE ( 'NONE', #780, #7498, #4970, .T. ) ;
#3185 = EDGE_CURVE ( 'NONE', #1405, #8958, #3504, .T. ) ;
#3186 = EDGE_CURVE ( 'NONE', #2032, #7512, #3456, .T. ) ;
#3187 = CARTESIAN_POINT ( 'NONE',  ( 0.3750000000000037748, 0.1199999999999999956, -0.1999999999999998723 ) ) ;
#3189 = VECTOR ( 'NONE', #8908, 1000.000000000000000 ) ;
#3188 = CARTESIAN_POINT ( 'NONE',  ( -0.4250000000000039302, 0.1199999999999999956, 0.6500000000000003553 ) ) ;
#3190 = DIRECTION ( 'NONE',  ( 0.000000000000000000, 0.000000000000000000, 1.000000000000000000 ) ) ;
#3191 = LINE ( 'NONE', #8515, #4976 ) ;
#3192 = CARTESIAN_POINT ( 'NONE',  ( 0.3750000000000037748, 0.1199999999999999956, -0.7000000000000000666 ) ) ;
#3193 = ORIENTED_EDGE ( 'NONE', *, *, #9295, .T. ) ;
#3194 = DIRECTION ( 'NONE',  ( 1.000000000000000000, 0.000000000000000000, 0.000000000000000000 ) ) ;
#3195 = ORIENTED_EDGE ( 'NONE', *, *, #5536, .F. ) ;
#3196 = ORIENTED_EDGE ( 'NONE', *, *, #952, .F. ) ;
#3197 = ADVANCED_FACE ( 'NONE', ( #6528 ), #9621, .F. ) ;
#3198 = EDGE_CURVE ( 'NONE', #8938, #7449, #5071, .T. ) ;
#3199 = VECTOR ( 'NONE', #7375, 1000.000000000000000 ) ;
#3200 =( LENGTH_UNIT ( ) NAMED_UNIT ( * ) SI_UNIT ( .MILLI., .METRE. ) );
#3201 = LINE ( 'NONE', #7846, #5626 ) ;
#3202 = CARTESIAN_POINT ( 'NONE',  ( 0.3750000000000037748, 0.1199999999999999956, 0.6500000000000003553 ) ) ;
#3203 = ADVANCED_FACE ( 'NONE', ( #8218 ), #6438, .F. ) ;
#3204 = VECTOR ( 'NONE', #4630, 1000.000000000000000 ) ;
#3205 = AXIS2_PLACEMENT_3D ( 'NONE', #276, #5829, #8820 ) ;
#3206 = LINE ( 'NONE', #4571, #7977 ) ;
#3207 = ORIENTED_EDGE ( 'NONE', *, *, #2678, .F. ) ;
#3208 = EDGE_LOOP ( 'NONE', ( #1521, #585, #1402, #5900 ) ) ;
#3209 = ORIENTED_EDGE ( 'NONE', *, *, #9829, .T. ) ;
#3210 = EDGE_LOOP ( 'NONE', ( #9280, #635, #765, #7893 ) ) ;
#3211 = ORIENTED_EDGE ( 'NONE', *, *, #2116, .F. ) ;
#3212 = VECTOR ( 'NONE', #9269, 1000.000000000000000 ) ;
#3213 = CARTESIAN_POINT ( 'NONE',  ( -0.4250000000000039302, 0.06999999999999975686, 0.6500000000000003553 ) ) ;
#3214 = CARTESIAN_POINT ( 'NONE',  ( -0.02500000000000006384, 0.06999999999999975686, -1.000000000000000222 ) ) ;
#3215 = LINE ( 'NONE', #7762, #8213 ) ;
#3216 = DIRECTION ( 'NONE',  ( 0.000000000000000000, 0.000000000000000000, 1.000000000000000000 ) ) ;
#3217 = LINE ( 'NONE', #4878, #936 ) ;
#3218 = EDGE_CURVE ( 'NONE', #5348, #9766, #7650, .T. ) ;
#3219 = EDGE_LOOP ( 'NONE', ( #5632, #9494, #597, #8703 ) ) ;
#3220 = ORIENTED_EDGE ( 'NONE', *, *, #9430, .F. ) ;
#3221 = DIRECTION ( 'NONE',  ( 0.000000000000000000, 1.000000000000000000, 0.000000000000000000 ) ) ;
#3222 = VECTOR ( 'NONE', #1713, 1000.000000000000000 ) ;
#3223 = LINE ( 'NONE', #9384, #1309 ) ;
#3224 = DIRECTION ( 'NONE',  ( -0.000000000000000000, -1.000000000000000000, -0.000000000000000000 ) ) ;
#3225 = AXIS2_PLACEMENT_3D ( 'NONE', #698, #5248, #7726 ) ;
#3226 = LINE ( 'NONE', #49, #6084 ) ;
#3227 = VECTOR ( 'NONE', #5544, 1000.000000000000000 ) ;
#3228 = CARTESIAN_POINT ( 'NONE',  ( -0.4250000000000039302, 0.1199999999999999956, 0.2000000000000003164 ) ) ;
#3229 = ADVANCED_FACE ( 'NONE', ( #5174 ), #8370, .F. ) ;
#3230 = ORIENTED_EDGE ( 'NONE', *, *, #1336, .T. ) ;
#3231 = CARTESIAN_POINT ( 'NONE',  ( 1.000000000000000222, 0.06999999999999985401, -0.6500000000000000222 ) ) ;
#3232 = CARTESIAN_POINT ( 'NONE',  ( -0.7749999999999906963, 0.05000000000000012768, 0.1249999999999998890 ) ) ;
#3233 = ORIENTED_EDGE ( 'NONE', *, *, #7919, .F. ) ;
#3234 = VERTEX_POINT ( 'NONE', #9763 ) ;
#3235 = EDGE_LOOP ( 'NONE', ( #9441, #7261, #5141, #4369 ) ) ;
#3236 = CARTESIAN_POINT ( 'NONE',  ( 0.4799999999999998157, 0.05000000000000012768, -0.4800000000000000377 ) ) ;
#3237 = EDGE_CURVE ( 'NONE', #8958, #5435, #5275, .T. ) ;
#3238 = ORIENTED_EDGE ( 'NONE', *, *, #8495, .F. ) ;
#3239 = FACE_OUTER_BOUND ( 'NONE', #1283, .T. ) ;
#3240 = FACE_BOUND ( 'NONE', #3954, .T. ) ;
#3241 = ORIENTED_EDGE ( 'NONE', *, *, #7451, .T. ) ;
#3242 = CARTESIAN_POINT ( 'NONE',  ( -0.02500000000000006384, 0.1199999999999999956, 0.9999999999999997780 ) ) ;
#3243 = EDGE_LOOP ( 'NONE', ( #525, #7987, #8139, #3013 ) ) ;
#3244 = VERTEX_POINT ( 'NONE', #6142 ) ;
#3245 = VECTOR ( 'NONE', #2030, 1000.000000000000000 ) ;
#3246 = PLANE ( 'NONE',  #4977 ) ;
#3247 = ADVANCED_FACE ( 'NONE', ( #4408 ), #6036, .T. ) ;
#3248 = DIRECTION ( 'NONE',  ( 0.000000000000000000, -0.000000000000000000, 1.000000000000000000 ) ) ;
#3249 = EDGE_CURVE ( 'NONE', #6465, #2884, #8474, .T. ) ;
#3250 = AXIS2_PLACEMENT_3D ( 'NONE', #4807, #6137, #3909 ) ;
#3251 = CARTESIAN_POINT ( 'NONE',  ( 0.02500000000000006384, 0.06999999999999975686, -0.1999999999999998723 ) ) ;
#3252 = ORIENTED_EDGE ( 'NONE', *, *, #6837, .F. ) ;
#3253 = ORIENTED_EDGE ( 'NONE', *, *, #9867, .F. ) ;
#3254 = FILL_AREA_STYLE ('',( #6148 ) ) ;
#3255 = ORIENTED_EDGE ( 'NONE', *, *, #1273, .F. ) ;
#3256 = ORIENTED_EDGE ( 'NONE', *, *, #9965, .T. ) ;
#3257 = ORIENTED_EDGE ( 'NONE', *, *, #6560, .F. ) ;
#3258 = ORIENTED_EDGE ( 'NONE', *, *, #6219, .T. ) ;
#3259 =( NAMED_UNIT ( * ) PLANE_ANGLE_UNIT ( ) SI_UNIT ( $, .RADIAN. ) );
#3260 = VECTOR ( 'NONE', #5743, 1000.000000000000000 ) ;
#3261 = DIRECTION ( 'NONE',  ( 0.000000000000000000, 1.000000000000000000, 0.000000000000000000 ) ) ;
#3262 = PLANE ( 'NONE',  #2643 ) ;
#3263 = CARTESIAN_POINT ( 'NONE',  ( -0.9149999999999905986, 0.000000000000000000, 0.1449999999999999345 ) ) ;
#3264 = FILL_AREA_STYLE ('',( #1695 ) ) ;
#3265 = ORIENTED_EDGE ( 'NONE', *, *, #4836, .T. ) ;
#3266 = CIRCLE ( 'NONE', #8765, 0.02000000000000005246 ) ;
#3268 = VECTOR ( 'NONE', #1791, 1000.000000000000000 ) ;
#3267 = PLANE ( 'NONE',  #7908 ) ;
#3269 = DIRECTION ( 'NONE',  ( -0.000000000000000000, -1.000000000000000000, -0.000000000000000000 ) ) ;
#3270 = LINE ( 'NONE', #6351, #5839 ) ;
#3271 = EDGE_LOOP ( 'NONE', ( #2767, #828, #3926, #2843 ) ) ;
#3272 = EDGE_CURVE ( 'NONE', #7525, #5679, #2093, .T. ) ;
#3273 = VECTOR ( 'NONE', #9692, 1000.000000000000000 ) ;
#3274 = STYLED_ITEM ( 'NONE', ( #3032 ), #1668 ) ;
#3275 = DIRECTION ( 'NONE',  ( 0.000000000000000000, 0.000000000000000000, -1.000000000000000000 ) ) ;
#3276 = PLANE ( 'NONE',  #3439 ) ;
#3277 = VERTEX_POINT ( 'NONE', #5928 ) ;
#3278 = DIRECTION ( 'NONE',  ( 0.000000000000000000, 0.000000000000000000, -1.000000000000000000 ) ) ;
#3279 = CARTESIAN_POINT ( 'NONE',  ( -0.4800000000000090306, 0.000000000000000000, 0.9149999999999953726 ) ) ;
#3280 = ORIENTED_EDGE ( 'NONE', *, *, #347, .F. ) ;
#3281 = VECTOR ( 'NONE', #7210, 1000.000000000000000 ) ;
#3282 = VERTEX_POINT ( 'NONE', #9021 ) ;
#3283 = VERTEX_POINT ( 'NONE', #6087 ) ;
#3284 = EDGE_CURVE ( 'NONE', #4225, #4921, #1425, .T. ) ;
#3285 = FILL_AREA_STYLE_COLOUR ( '', #4292 ) ;
#3286 = ADVANCED_FACE ( 'NONE', ( #4462 ), #9176, .F. ) ;
#3287 =( GEOMETRIC_REPRESENTATION_CONTEXT ( 3 ) GLOBAL_UNCERTAINTY_ASSIGNED_CONTEXT ( ( #8795 ) ) GLOBAL_UNIT_ASSIGNED_CONTEXT ( ( #99, #4692, #8555 ) ) REPRESENTATION_CONTEXT ( 'NONE', 'WORKASPACE' ) );
#3288 = PLANE ( 'NONE',  #6898 ) ;
#3289 = CARTESIAN_POINT ( 'NONE',  ( -0.2999999999999995448, 0.000000000000000000, 0.9150000000000001465 ) ) ;
#3290 = VERTEX_POINT ( 'NONE', #2243 ) ;
#3291 = DIRECTION ( 'NONE',  ( -0.000000000000000000, -1.000000000000000000, -0.000000000000000000 ) ) ;
#3292 = CARTESIAN_POINT ( 'NONE',  ( -0.02500000000000006384, 0.1199999999999999956, -0.7000000000000000666 ) ) ;
#3293 = CARTESIAN_POINT ( 'NONE',  ( 0.02500000000000006384, 0.1199999999999999956, -0.6500000000000000222 ) ) ;
#3294 = ORIENTED_EDGE ( 'NONE', *, *, #5002, .F. ) ;
#3295 = FACE_OUTER_BOUND ( 'NONE', #2922, .T. ) ;
#3296 = ORIENTED_EDGE ( 'NONE', *, *, #9917, .F. ) ;
#3297 = EDGE_LOOP ( 'NONE', ( #4698, #5110, #3449, #2301 ) ) ;
#3298 = EDGE_CURVE ( 'NONE', #1351, #5885, #4618, .T. ) ;
#3299 = DIRECTION ( 'NONE',  ( 0.000000000000000000, 1.000000000000000000, 0.000000000000000000 ) ) ;
#3300 = AXIS2_PLACEMENT_3D ( 'NONE', #4284, #9647, #2672 ) ;
#3301 = CARTESIAN_POINT ( 'NONE',  ( -0.9149999999999905986, 0.05000000000000012768, 0.1249999999999998890 ) ) ;
#3302 = CARTESIAN_POINT ( 'NONE',  ( -0.9999999999999997780, 0.1199999999999999956, 0.2000000000000002054 ) ) ;
#3303 = CYLINDRICAL_SURFACE ( 'NONE', #8284, 0.02000000000000005246 ) ;
#3304 = ORIENTED_EDGE ( 'NONE', *, *, #4663, .T. ) ;
#3305 = DIRECTION ( 'NONE',  ( 0.000000000000000000, -1.000000000000000000, 0.000000000000000000 ) ) ;
#3306 = DIRECTION ( 'NONE',  ( -0.000000000000000000, -0.000000000000000000, 1.000000000000000000 ) ) ;
#3307 = ORIENTED_EDGE ( 'NONE', *, *, #7401, .T. ) ;
#3308 = ORIENTED_EDGE ( 'NONE', *, *, #6437, .F. ) ;
#3309 = VECTOR ( 'NONE', #1591, 1000.000000000000000 ) ;
#3310 = ORIENTED_EDGE ( 'NONE', *, *, #3840, .F. ) ;
#3311 = VERTEX_POINT ( 'NONE', #5224 ) ;
#3312 = EDGE_CURVE ( 'NONE', #4137, #732, #1476, .T. ) ;
#3313 = ADVANCED_FACE ( 'NONE', ( #4570 ), #4519, .T. ) ;
#3315 = VECTOR ( 'NONE', #2339, 1000.000000000000000 ) ;
#3314 = CARTESIAN_POINT ( 'NONE',  ( -0.7550000000000000044, 0.05000000000000012768, -0.7549999999999998934 ) ) ;
#3316 = DIRECTION ( 'NONE',  ( 0.000000000000000000, 1.000000000000000000, 0.000000000000000000 ) ) ;
#3317 = DIRECTION ( 'NONE',  ( 0.000000000000000000, 0.000000000000000000, -1.000000000000000000 ) ) ;
#3318 = DIRECTION ( 'NONE',  ( -0.000000000000000000, -1.000000000000000000, -0.000000000000000000 ) ) ;
#3319 = ORIENTED_EDGE ( 'NONE', *, *, #285, .T. ) ;
#3320 = CARTESIAN_POINT ( 'NONE',  ( -0.7749999999999906963, 0.05000000000000012768, 0.1449999999999999345 ) ) ;
#3321 = DIRECTION ( 'NONE',  ( 0.000000000000000000, -1.000000000000000000, 0.000000000000000000 ) ) ;
#3322 = CARTESIAN_POINT ( 'NONE',  ( -0.4250000000000039302, 0.06999999999999986788, -0.6500000000000000222 ) ) ;
#3323 = VERTEX_POINT ( 'NONE', #3664 ) ;
#3324 = VECTOR ( 'NONE', #3291, 1000.000000000000000 ) ;
#3325 = ADVANCED_FACE ( 'NONE', ( #6729 ), #9817, .F. ) ;
#3326 = PLANE ( 'NONE',  #7861 ) ;
#3327 = CARTESIAN_POINT ( 'NONE',  ( -0.7550000000000000044, 0.05000000000000012768, -0.5950000000000001954 ) ) ;
#3328 = VECTOR ( 'NONE', #9724, 1000.000000000000000 ) ;
#3329 = FILL_AREA_STYLE ('',( #8928 ) ) ;
#3330 = EDGE_LOOP ( 'NONE', ( #3764, #9081, #6106, #8729 ) ) ;
#3331 = EDGE_CURVE ( 'NONE', #3311, #8651, #726, .T. ) ;
#3332 = PLANE ( 'NONE',  #2571 ) ;
#3333 = ORIENTED_EDGE ( 'NONE', *, *, #6909, .T. ) ;
#3334 = ORIENTED_EDGE ( 'NONE', *, *, #4553, .T. ) ;
#3335 = ORIENTED_EDGE ( 'NONE', *, *, #9589, .T. ) ;
#3336 = CYLINDRICAL_SURFACE ( 'NONE', #7530, 0.02000000000000005246 ) ;
#3337 = CARTESIAN_POINT ( 'NONE',  ( -0.4250000000000039302, 0.06999999999999975686, -0.6500000000000000222 ) ) ;
#3338 = LINE ( 'NONE', #3482, #4766 ) ;
#3339 = CARTESIAN_POINT ( 'NONE',  ( 0.9149999999999903766, 0.000000000000000000, 0.3050000000000003819 ) ) ;
#3340 = CARTESIAN_POINT ( 'NONE',  ( 0.02500000000000006384, 0.1199999999999999956, -0.6500000000000000222 ) ) ;
#3342 = ORIENTED_EDGE ( 'NONE', *, *, #5826, .F. ) ;
#3341 = AXIS2_PLACEMENT_3D ( 'NONE', #1639, #879, #4065 ) ;
#3343 = EDGE_CURVE ( 'NONE', #81, #7796, #2961, .T. ) ;
#3344 = DIRECTION ( 'NONE',  ( -1.000000000000000000, -0.000000000000000000, -0.000000000000000000 ) ) ;
#3345 = ORIENTED_EDGE ( 'NONE', *, *, #7262, .T. ) ;
#3346 = ORIENTED_EDGE ( 'NONE', *, *, #2382, .T. ) ;
#3347 = VECTOR ( 'NONE', #8608, 1000.000000000000000 ) ;
#3348 = DIRECTION ( 'NONE',  ( -0.000000000000000000, 0.000000000000000000, 1.000000000000000000 ) ) ;
#3349 = FACE_OUTER_BOUND ( 'NONE', #4202, .T. ) ;
#3350 = CARTESIAN_POINT ( 'NONE',  ( 0.3000000000000000444, 0.000000000000000000, -0.9149999999999997025 ) ) ;
#3351 = ORIENTED_EDGE ( 'NONE', *, *, #8142, .T. ) ;
#3352 = EDGE_CURVE ( 'NONE', #7926, #9271, #3721, .T. ) ;
#3353 = DIRECTION ( 'NONE',  ( 0.000000000000000000, 0.000000000000000000, 1.000000000000000000 ) ) ;
#3354 = FACE_OUTER_BOUND ( 'NONE', #3672, .T. ) ;
#3355 = ORIENTED_EDGE ( 'NONE', *, *, #9430, .T. ) ;
#3356 = ORIENTED_EDGE ( 'NONE', *, *, #372, .F. ) ;
#3357 = AXIS2_PLACEMENT_3D ( 'NONE', #5714, #8849, #8893 ) ;
#3358 = VERTEX_POINT ( 'NONE', #1631 ) ;
#3359 = FACE_OUTER_BOUND ( 'NONE', #2219, .T. ) ;
#3360 = LINE ( 'NONE', #6435, #4303 ) ;
#3361 = VECTOR ( 'NONE', #5688, 1000.000000000000000 ) ;
#3362 = AXIS2_PLACEMENT_3D ( 'NONE', #8094, #1140, #538 ) ;
#3363 = CARTESIAN_POINT ( 'NONE',  ( 0.02500000000000006384, 0.1199999999999999956, 0.2000000000000003164 ) ) ;
#3364 = LINE ( 'NONE', #9289, #3309 ) ;
#3365 = DIRECTION ( 'NONE',  ( -0.000000000000000000, -1.000000000000000000, -0.000000000000000000 ) ) ;
#3366 = DIRECTION ( 'NONE',  ( 0.000000000000000000, 1.000000000000000000, -0.000000000000000000 ) ) ;
#3367 = VERTEX_POINT ( 'NONE', #218 ) ;
#3368 = ADVANCED_FACE ( 'NONE', ( #2438 ), #8669, .F. ) ;
#3369 = CARTESIAN_POINT ( 'NONE',  ( 0.3750000000000037748, 0.06999999999999975686, -0.1999999999999998723 ) ) ;
#3370 = CARTESIAN_POINT ( 'NONE',  ( -0.7549999999999857936, 0.05000000000000012768, 0.7550000000000000044 ) ) ;
#3371 = CARTESIAN_POINT ( 'NONE',  ( -0.9999999999999997780, 0.06999999999999975686, 0.2500000000000003331 ) ) ;
#3372 = VECTOR ( 'NONE', #386, 1000.000000000000000 ) ;
#3373 = CIRCLE ( 'NONE', #4815, 0.02000000000000005246 ) ;
#3374 = DIRECTION ( 'NONE',  ( 1.000000000000000000, 0.000000000000000000, 0.000000000000000000 ) ) ;
#3375 = VECTOR ( 'NONE', #449, 1000.000000000000000 ) ;
#3376 = CARTESIAN_POINT ( 'NONE',  ( 1.000000000000000222, 0.06999999999999975686, 0.2500000000000003331 ) ) ;
#3377 = EDGE_CURVE ( 'NONE', #4393, #7031, #5624, .T. ) ;
#3378 = ORIENTED_EDGE ( 'NONE', *, *, #5697, .T. ) ;
#3379 = EDGE_CURVE ( 'NONE', #3792, #7180, #2390, .T. ) ;
#3380 = EDGE_CURVE ( 'NONE', #7498, #62, #28, .T. ) ;
#3381 = DIRECTION ( 'NONE',  ( 0.000000000000000000, 0.000000000000000000, 1.000000000000000000 ) ) ;
#3382 = ORIENTED_EDGE ( 'NONE', *, *, #8447, .F. ) ;
#3383 = ORIENTED_EDGE ( 'NONE', *, *, #6773, .T. ) ;
#3384 = FILL_AREA_STYLE ('',( #3285 ) ) ;
#3385 = AXIS2_PLACEMENT_3D ( 'NONE', #9792, #7518, #9048 ) ;
#3386 = EDGE_CURVE ( 'NONE', #3160, #7407, #3961, .T. ) ;
#3387 = DIRECTION ( 'NONE',  ( -7.744301232039333445E-16, -0.000000000000000000, -1.000000000000000000 ) ) ;
#3388 = CARTESIAN_POINT ( 'NONE',  ( -0.02500000000000006384, 0.06999999999999986788, -1.000000000000000222 ) ) ;
#3389 = DIRECTION ( 'NONE',  ( -0.000000000000000000, -1.000000000000000000, -0.000000000000000000 ) ) ;
#3390 = CARTESIAN_POINT ( 'NONE',  ( -0.4800000000000110290, 0.000000000000000000, -0.9149999999999951505 ) ) ;
#3392 = LINE ( 'NONE', #3292, #458 ) ;
#3391 = AXIS2_PLACEMENT_3D ( 'NONE', #9182, #8480, #8326 ) ;
#3393 = FACE_OUTER_BOUND ( 'NONE', #61, .T. ) ;
#3394 = EDGE_LOOP ( 'NONE', ( #4597, #2260, #2111, #7809 ) ) ;
#3395 = LINE ( 'NONE', #497, #5769 ) ;
#3396 = CARTESIAN_POINT ( 'NONE',  ( -0.9999999999999997780, 0.06999999999999985401, -0.7000000000000000666 ) ) ;
#3397 = EDGE_CURVE ( 'NONE', #7265, #2540, #3916, .T. ) ;
#3398 = DIRECTION ( 'NONE',  ( -1.000000000000000000, 0.000000000000000000, 0.000000000000000000 ) ) ;
#3399 = CARTESIAN_POINT ( 'NONE',  ( -0.4800000000000000933, 0.05000000000000012768, 0.5000000000000000000 ) ) ;
#3400 = CARTESIAN_POINT ( 'NONE',  ( -0.02500000000000006384, 0.1199999999999999956, -0.2500000000000000000 ) ) ;
#3401 = VERTEX_POINT ( 'NONE', #6286 ) ;
#3402 = LINE ( 'NONE', #5726, #981 ) ;
#3403 = ORIENTED_EDGE ( 'NONE', *, *, #446, .F. ) ;
#3404 = ORIENTED_EDGE ( 'NONE', *, *, #6703, .T. ) ;
#3405 = EDGE_CURVE ( 'NONE', #8807, #2501, #6994, .T. ) ;
#3406 = EDGE_CURVE ( 'NONE', #3700, #4755, #5884, .T. ) ;
#3407 = LINE ( 'NONE', #927, #9331 ) ;
#3408 = VECTOR ( 'NONE', #9281, 1000.000000000000000 ) ;
#3409 = DIRECTION ( 'NONE',  ( 0.000000000000000000, 0.000000000000000000, -1.000000000000000000 ) ) ;
#3410 = DIRECTION ( 'NONE',  ( 0.000000000000000000, 1.000000000000000000, 0.000000000000000000 ) ) ;
#3411 = DIRECTION ( 'NONE',  ( -0.000000000000000000, 1.000000000000000000, 0.000000000000000000 ) ) ;
#3412 = ORIENTED_EDGE ( 'NONE', *, *, #54, .F. ) ;
#3413 = CYLINDRICAL_SURFACE ( 'NONE', #9520, 0.02000000000000005246 ) ;
#3414 = DIRECTION ( 'NONE',  ( 0.000000000000000000, -1.000000000000000000, 0.000000000000000000 ) ) ;
#3415 = FACE_OUTER_BOUND ( 'NONE', #5701, .T. ) ;
#3416 = VECTOR ( 'NONE', #9961, 1000.000000000000000 ) ;
#3417 = EDGE_CURVE ( 'NONE', #8714, #5895, #4114, .T. ) ;
#3418 = DIRECTION ( 'NONE',  ( 0.000000000000000000, 0.000000000000000000, -1.000000000000000000 ) ) ;
#3419 = DIRECTION ( 'NONE',  ( 0.000000000000000000, 0.000000000000000000, -1.000000000000000000 ) ) ;
#3420 = VECTOR ( 'NONE', #189, 1000.000000000000000 ) ;
#3421 = CARTESIAN_POINT ( 'NONE',  ( 0.9999999999999997780, 0.05000000000000012768, -1.000000000000000222 ) ) ;
#3422 = LINE ( 'NONE', #6495, #9104 ) ;
#3423 = ORIENTED_EDGE ( 'NONE', *, *, #2436, .F. ) ;
#3424 = CARTESIAN_POINT ( 'NONE',  ( 0.3750000000000037748, 0.06999999999999975686, 0.2000000000000003164 ) ) ;
#3425 = ORIENTED_EDGE ( 'NONE', *, *, #1509, .F. ) ;
#3426 = ORIENTED_EDGE ( 'NONE', *, *, #3529, .F. ) ;
#3427 = CIRCLE ( 'NONE', #9708, 0.02000000000000005246 ) ;
#3428 = VECTOR ( 'NONE', #3269, 1000.000000000000000 ) ;
#3429 = LINE ( 'NONE', #2519, #6542 ) ;
#3430 = ADVANCED_FACE ( 'NONE', ( #3105 ), #7753, .F. ) ;
#3431 = EDGE_CURVE ( 'NONE', #8485, #9375, #7847, .T. ) ;
#3432 = EDGE_CURVE ( 'NONE', #4755, #9015, #7090, .T. ) ;
#3433 = LINE ( 'NONE', #5903, #8700 ) ;
#3434 = DIRECTION ( 'NONE',  ( -0.000000000000000000, 0.000000000000000000, -1.000000000000000000 ) ) ;
#3435 = DIRECTION ( 'NONE',  ( 0.000000000000000000, 0.000000000000000000, 1.000000000000000000 ) ) ;
#3436 = ORIENTED_EDGE ( 'NONE', *, *, #8142, .F. ) ;
#3438 = VECTOR ( 'NONE', #1624, 1000.000000000000000 ) ;
#3437 = CARTESIAN_POINT ( 'NONE',  ( -0.3750000000000037748, 0.06999999999999986788, -1.000000000000000222 ) ) ;
#3439 = AXIS2_PLACEMENT_3D ( 'NONE', #7063, #4640, #6211 ) ;
#3440 = CARTESIAN_POINT ( 'NONE',  ( -0.9999999999999997780, 0.06999999999999985401, 0.2000000000000002054 ) ) ;
#3441 = PLANE ( 'NONE',  #4227 ) ;
#3442 = VERTEX_POINT ( 'NONE', #7137 ) ;
#3443 = ORIENTED_EDGE ( 'NONE', *, *, #6650, .T. ) ;
#3444 = ORIENTED_EDGE ( 'NONE', *, *, #8811, .T. ) ;
#3445 = ADVANCED_FACE ( 'NONE', ( #9323 ), #6189, .T. ) ;
#3446 = DIRECTION ( 'NONE',  ( -0.000000000000000000, -1.000000000000000000, -0.000000000000000000 ) ) ;
#3447 = DIRECTION ( 'NONE',  ( 0.000000000000000000, 0.000000000000000000, -1.000000000000000000 ) ) ;
#3448 = DIRECTION ( 'NONE',  ( 0.000000000000000000, 0.000000000000000000, -1.000000000000000000 ) ) ;
#3449 = ORIENTED_EDGE ( 'NONE', *, *, #2595, .T. ) ;
#3450 = PLANE ( 'NONE',  #7116 ) ;
#3451 = ADVANCED_FACE ( 'NONE', ( #2485 ), #5479, .F. ) ;
#3452 = ORIENTED_EDGE ( 'NONE', *, *, #383, .F. ) ;
#3453 = VERTEX_POINT ( 'NONE', #8529 ) ;
#3454 = SURFACE_SIDE_STYLE ('',( #9616 ) ) ;
#3455 = CARTESIAN_POINT ( 'NONE',  ( 1.000000000000000222, 0.06999999999999975686, 0.7000000000000005107 ) ) ;
#3456 = LINE ( 'NONE', #6620, #548 ) ;
#3457 = CARTESIAN_POINT ( 'NONE',  ( -0.02500000000000006384, 0.06999999999999986788, -0.6500000000000000222 ) ) ;
#3458 = VERTEX_POINT ( 'NONE', #3302 ) ;
#3459 = ORIENTED_EDGE ( 'NONE', *, *, #4477, .F. ) ;
#3460 = CARTESIAN_POINT ( 'NONE',  ( -0.9999999999999997780, 0.1199999999999999956, 0.6500000000000003553 ) ) ;
#3461 = DIRECTION ( 'NONE',  ( -0.000000000000000000, 0.000000000000000000, 1.000000000000000000 ) ) ;
#3462 = EDGE_CURVE ( 'NONE', #9898, #4584, #2538, .T. ) ;
#3463 = AXIS2_PLACEMENT_3D ( 'NONE', #8621, #5431, #1679 ) ;
#3464 = CARTESIAN_POINT ( 'NONE',  ( 0.4250000000000039302, 0.1199999999999999956, 0.2500000000000004441 ) ) ;
#3465 = LINE ( 'NONE', #9583, #4933 ) ;
#3466 = FACE_BOUND ( 'NONE', #912, .T. ) ;
#3467 = FACE_OUTER_BOUND ( 'NONE', #7484, .T. ) ;
#3468 = DIRECTION ( 'NONE',  ( -1.000000000000000000, 0.000000000000000000, 0.000000000000000000 ) ) ;
#3469 = VERTEX_POINT ( 'NONE', #9277 ) ;
#3470 = DIRECTION ( 'NONE',  ( 0.000000000000000000, 0.000000000000000000, -1.000000000000000000 ) ) ;
#3471 = ORIENTED_EDGE ( 'NONE', *, *, #1261, .F. ) ;
#3472 = CIRCLE ( 'NONE', #5899, 0.02000000000000005246 ) ;
#3473 = EDGE_CURVE ( 'NONE', #6677, #3754, #823, .T. ) ;
#3474 = EDGE_LOOP ( 'NONE', ( #487, #8182, #3238, #8882 ) ) ;
#3475 = ORIENTED_EDGE ( 'NONE', *, *, #8894, .T. ) ;
#3476 = DIRECTION ( 'NONE',  ( 0.000000000000000000, 0.000000000000000000, 1.000000000000000000 ) ) ;
#3477 = VECTOR ( 'NONE', #5988, 1000.000000000000000 ) ;
#3478 = DIRECTION ( 'NONE',  ( -1.000000000000000000, 0.000000000000000000, -0.000000000000000000 ) ) ;
#3479 = DIRECTION ( 'NONE',  ( 0.000000000000000000, 0.000000000000000000, 1.000000000000000000 ) ) ;
#3480 = CARTESIAN_POINT ( 'NONE',  ( -0.07999999999999993228, 0.000000000000000000, -0.7549999999999997824 ) ) ;
#3481 = VERTEX_POINT ( 'NONE', #2730 ) ;
#3482 = CARTESIAN_POINT ( 'NONE',  ( 0.3200000000000000622, 0.05000000000000012768, -0.7549999999999997824 ) ) ;
#3483 = LINE ( 'NONE', #7123, #5945 ) ;
#3484 = LINE ( 'NONE', #9599, #3273 ) ;
#3485 = CARTESIAN_POINT ( 'NONE',  ( 0.3750000000000037748, 0.1199999999999999956, 0.2000000000000003164 ) ) ;
#3486 = EDGE_CURVE ( 'NONE', #2167, #3911, #8899, .T. ) ;
#3487 = ADVANCED_FACE ( 'NONE', ( #5869 ), #3548, .F. ) ;
#3488 = ORIENTED_EDGE ( 'NONE', *, *, #7476, .T. ) ;
#3489 = ORIENTED_EDGE ( 'NONE', *, *, #111, .F. ) ;
#3490 = AXIS2_PLACEMENT_3D ( 'NONE', #9319, #4614, #1573 ) ;
#3491 = LINE ( 'NONE', #7325, #1599 ) ;
#3492 = DIRECTION ( 'NONE',  ( -0.000000000000000000, -1.000000000000000000, -0.000000000000000000 ) ) ;
#3493 = DIRECTION ( 'NONE',  ( 0.000000000000000000, 1.000000000000000000, 0.000000000000000000 ) ) ;
#3494 = EDGE_LOOP ( 'NONE', ( #5342, #1593, #1385, #1138, #2592, #6764, #700, #8394 ) ) ;
#3495 = EDGE_CURVE ( 'NONE', #3660, #657, #241, .T. ) ;
#3496 = EDGE_CURVE ( 'NONE', #8344, #7780, #9513, .T. ) ;
#3497 = DIRECTION ( 'NONE',  ( -1.000000000000000000, 0.000000000000000000, 7.744301232039334431E-16 ) ) ;
#3498 = ORIENTED_EDGE ( 'NONE', *, *, #3892, .F. ) ;
#3499 = VERTEX_POINT ( 'NONE', #7952 ) ;
#3500 = VECTOR ( 'NONE', #7982, 1000.000000000000000 ) ;
#3501 = LINE ( 'NONE', #9857, #8989 ) ;
#3502 = EDGE_CURVE ( 'NONE', #6656, #3508, #5057, .T. ) ;
#3503 = CARTESIAN_POINT ( 'NONE',  ( 1.000000000000000222, 0.06999999999999975686, 0.2500000000000003331 ) ) ;
#3504 = LINE ( 'NONE', #3559, #5407 ) ;
#3505 = VECTOR ( 'NONE', #2804, 1000.000000000000000 ) ;
#3506 = DIRECTION ( 'NONE',  ( -1.000000000000000000, -0.000000000000000000, -0.000000000000000000 ) ) ;
#3508 = VERTEX_POINT ( 'NONE', #1110 ) ;
#3507 = FACE_OUTER_BOUND ( 'NONE', #4972, .T. ) ;
#3509 = CARTESIAN_POINT ( 'NONE',  ( -0.9999999999999997780, 0.06999999999999975686, 0.7000000000000005107 ) ) ;
#3510 = DIRECTION ( 'NONE',  ( -1.000000000000000000, 0.000000000000000000, -0.000000000000000000 ) ) ;
#3511 = DIRECTION ( 'NONE',  ( 1.000000000000000000, 0.000000000000000000, 0.000000000000000000 ) ) ;
#3512 = ORIENTED_EDGE ( 'NONE', *, *, #5661, .F. ) ;
#3513 = DIRECTION ( 'NONE',  ( -1.000000000000000000, 0.000000000000000000, 0.000000000000000000 ) ) ;
#3514 = VECTOR ( 'NONE', #2929, 1000.000000000000000 ) ;
#3515 = EDGE_CURVE ( 'NONE', #9162, #2032, #8164, .T. ) ;
#3516 = CARTESIAN_POINT ( 'NONE',  ( -0.3750000000000037748, 0.06999999999999975686, 0.2500000000000004441 ) ) ;
#3517 = CARTESIAN_POINT ( 'NONE',  ( 0.4250000000000039302, 0.1199999999999999956, 0.6500000000000003553 ) ) ;
#3518 = CARTESIAN_POINT ( 'NONE',  ( 0.9149999999999950395, 0.05000000000000012768, -0.1249999999999997918 ) ) ;
#3519 = CARTESIAN_POINT ( 'NONE',  ( -0.3750000000000037748, 0.1199999999999999956, -0.7000000000000000666 ) ) ;
#3520 = FILL_AREA_STYLE_COLOUR ( '', #4406 ) ;
#3521 = ORIENTED_EDGE ( 'NONE', *, *, #7105, .F. ) ;
#3522 = VERTEX_POINT ( 'NONE', #409 ) ;
#3523 = CARTESIAN_POINT ( 'NONE',  ( 0.7749999999999904743, 0.05000000000000012768, 0.1450000000000001565 ) ) ;
#3524 = VECTOR ( 'NONE', #431, 1000.000000000000000 ) ;
#3526 = ORIENTED_EDGE ( 'NONE', *, *, #5393, .F. ) ;
#3525 = VECTOR ( 'NONE', #5015, 1000.000000000000000 ) ;
#3527 = CARTESIAN_POINT ( 'NONE',  ( -0.3750000000000037748, 0.06999999999999975686, 0.9999999999999997780 ) ) ;
#3528 = AXIS2_PLACEMENT_3D ( 'NONE', #6706, #1400, #8891 ) ;
#3529 = EDGE_CURVE ( 'NONE', #5238, #2154, #9563, .T. ) ;
#3530 = VECTOR ( 'NONE', #6376, 1000.000000000000000 ) ;
#3531 = EDGE_CURVE ( 'NONE', #2149, #945, #6472, .T. ) ;
#3532 = LINE ( 'NONE', #1287, #6739 ) ;
#3533 = DIRECTION ( 'NONE',  ( 1.000000000000000000, 0.000000000000000000, 0.000000000000000000 ) ) ;
#3534 = LINE ( 'NONE', #444, #5323 ) ;
#3535 = DIRECTION ( 'NONE',  ( -1.000000000000000000, 0.000000000000000000, -0.000000000000000000 ) ) ;
#3536 = ORIENTED_EDGE ( 'NONE', *, *, #8717, .T. ) ;
#3537 = LINE ( 'NONE', #6462, #9606 ) ;
#3538 = DIRECTION ( 'NONE',  ( 0.000000000000000000, 0.000000000000000000, 1.000000000000000000 ) ) ;
#3539 = FACE_OUTER_BOUND ( 'NONE', #6894, .T. ) ;
#3540 = EDGE_LOOP ( 'NONE', ( #2974, #6856, #5282, #7690 ) ) ;
#3542 = ORIENTED_EDGE ( 'NONE', *, *, #2314, .T. ) ;
#3541 = VECTOR ( 'NONE', #1456, 1000.000000000000000 ) ;
#3543 = VERTEX_POINT ( 'NONE', #1153 ) ;
#3544 = EDGE_CURVE ( 'NONE', #7082, #1635, #1020, .T. ) ;
#3545 = VECTOR ( 'NONE', #1699, 1000.000000000000000 ) ;
#3546 = LINE ( 'NONE', #8257, #7398 ) ;
#3547 = FACE_OUTER_BOUND ( 'NONE', #1348, .T. ) ;
#3548 = PLANE ( 'NONE',  #552 ) ;
#3549 = DIRECTION ( 'NONE',  ( 1.000000000000000000, -0.000000000000000000, -0.000000000000000000 ) ) ;
#3550 = DIRECTION ( 'NONE',  ( 1.000000000000000000, -0.000000000000000000, -0.000000000000000000 ) ) ;
#3551 = EDGE_LOOP ( 'NONE', ( #8163, #4751, #5366, #8484 ) ) ;
#3552 = EDGE_LOOP ( 'NONE', ( #4084, #4601, #7321, #1116, #3167, #6117, #6019, #6203 ) ) ;
#3553 = ORIENTED_EDGE ( 'NONE', *, *, #5139, .F. ) ;
#3554 = VECTOR ( 'NONE', #1584, 1000.000000000000000 ) ;
#3555 = ADVANCED_FACE ( 'NONE', ( #3349 ), #9656, .F. ) ;
#3556 = EDGE_CURVE ( 'NONE', #7407, #8492, #8855, .T. ) ;
#3557 = EDGE_CURVE ( 'NONE', #6171, #8492, #7232, .T. ) ;
#3558 = DIRECTION ( 'NONE',  ( 0.000000000000000000, 0.000000000000000000, -1.000000000000000000 ) ) ;
#3559 = CARTESIAN_POINT ( 'NONE',  ( 0.4250000000000039302, 0.1199999999999999956, 0.2500000000000004441 ) ) ;
#3560 = DIRECTION ( 'NONE',  ( 0.000000000000000000, 0.000000000000000000, 1.000000000000000000 ) ) ;
#3562 = ORIENTED_EDGE ( 'NONE', *, *, #2845, .T. ) ;
#3561 = DIRECTION ( 'NONE',  ( 1.000000000000000000, 0.000000000000000000, -0.000000000000000000 ) ) ;
#3563 = LINE ( 'NONE', #2099, #2579 ) ;
#3564 = DIRECTION ( 'NONE',  ( 0.000000000000000000, 1.000000000000000000, 0.000000000000000000 ) ) ;
#3565 = CARTESIAN_POINT ( 'NONE',  ( -0.7550000000000000044, 0.05000000000000012768, -0.7549999999999998934 ) ) ;
#3566 = DIRECTION ( 'NONE',  ( -1.000000000000000000, 0.000000000000000000, 0.000000000000000000 ) ) ;
#3567 = ORIENTED_EDGE ( 'NONE', *, *, #2871, .T. ) ;
#3568 = CIRCLE ( 'NONE', #9233, 0.1000000000000001582 ) ;
#3569 = ADVANCED_FACE ( 'NONE', ( #7326 ), #2588, .T. ) ;
#3570 = CARTESIAN_POINT ( 'NONE',  ( -0.7749999999999859224, 0.000000000000000000, 0.5749999999999999556 ) ) ;
#3571 = PRESENTATION_STYLE_ASSIGNMENT (( #5844 ) ) ;
#3572 = SURFACE_STYLE_USAGE ( .BOTH. , #7404 ) ;
#3573 = ORIENTED_EDGE ( 'NONE', *, *, #4678, .T. ) ;
#3574 = ORIENTED_EDGE ( 'NONE', *, *, #1227, .T. ) ;
#3575 = LINE ( 'NONE', #9730, #6582 ) ;
#3576 = DIRECTION ( 'NONE',  ( 0.000000000000000000, 0.000000000000000000, -1.000000000000000000 ) ) ;
#3577 = ORIENTED_EDGE ( 'NONE', *, *, #4863, .F. ) ;
#3578 = EDGE_CURVE ( 'NONE', #9600, #329, #6524, .T. ) ;
#3579 = VERTEX_POINT ( 'NONE', #5723 ) ;
#3580 = VERTEX_POINT ( 'NONE', #8359 ) ;
#3581 = VECTOR ( 'NONE', #8827, 1000.000000000000000 ) ;
#3582 = DIRECTION ( 'NONE',  ( 1.000000000000000000, 0.000000000000000000, 0.000000000000000000 ) ) ;
#3583 = PLANE ( 'NONE',  #915 ) ;
#3584 = LINE ( 'NONE', #9739, #9969 ) ;
#3585 = FILL_AREA_STYLE_COLOUR ( '', #1662 ) ;
#3586 = DIRECTION ( 'NONE',  ( 1.000000000000000000, 0.000000000000000000, -0.000000000000000000 ) ) ;
#3587 = LINE ( 'NONE', #4283, #4025 ) ;
#3588 = VECTOR ( 'NONE', #4716, 1000.000000000000000 ) ;
#3589 = VECTOR ( 'NONE', #8594, 1000.000000000000000 ) ;
#3590 = ORIENTED_EDGE ( 'NONE', *, *, #3688, .T. ) ;
#3591 = ORIENTED_EDGE ( 'NONE', *, *, #6277, .F. ) ;
#3592 = ORIENTED_EDGE ( 'NONE', *, *, #4048, .F. ) ;
#3593 = LINE ( 'NONE', #7528, #288 ) ;
#3594 = VECTOR ( 'NONE', #410, 1000.000000000000000 ) ;
#3595 = FACE_OUTER_BOUND ( 'NONE', #2864, .T. ) ;
#3596 = LINE ( 'NONE', #2729, #621 ) ;
#3597 = CARTESIAN_POINT ( 'NONE',  ( -0.9999999999999997780, 0.1199999999999999956, 0.6500000000000003553 ) ) ;
#3598 = PLANE ( 'NONE',  #2336 ) ;
#3599 = DIRECTION ( 'NONE',  ( 0.000000000000000000, 0.000000000000000000, -1.000000000000000000 ) ) ;
#3600 = CARTESIAN_POINT ( 'NONE',  ( 0.3750000000000037748, 0.1199999999999999956, 0.2000000000000002054 ) ) ;
#3601 = VERTEX_POINT ( 'NONE', #9751 ) ;
#3602 = FACE_OUTER_BOUND ( 'NONE', #12, .T. ) ;
#3603 = ORIENTED_EDGE ( 'NONE', *, *, #1708, .T. ) ;
#3604 = VERTEX_POINT ( 'NONE', #3760 ) ;
#3605 = EDGE_CURVE ( 'NONE', #6467, #2031, #9166, .T. ) ;
#3606 = AXIS2_PLACEMENT_3D ( 'NONE', #1846, #4971, #8683 ) ;
#3607 = DIRECTION ( 'NONE',  ( -0.000000000000000000, -1.000000000000000000, -0.000000000000000000 ) ) ;
#3608 = DIRECTION ( 'NONE',  ( -0.000000000000000000, -1.000000000000000000, -0.000000000000000000 ) ) ;
#3609 = CARTESIAN_POINT ( 'NONE',  ( -0.9999999999999997780, 0.1199999999999999956, -0.7000000000000000666 ) ) ;
#3610 = DIRECTION ( 'NONE',  ( 0.000000000000000000, 1.000000000000000000, 0.000000000000000000 ) ) ;
#3611 = VECTOR ( 'NONE', #30, 1000.000000000000000 ) ;
#3612 = CARTESIAN_POINT ( 'NONE',  ( -0.7549999999999952305, 0.05000000000000012768, -0.1450000000000000455 ) ) ;
#3613 = ORIENTED_EDGE ( 'NONE', *, *, #3377, .F. ) ;
#3614 = ORIENTED_EDGE ( 'NONE', *, *, #1653, .F. ) ;
#3615 = CARTESIAN_POINT ( 'NONE',  ( 0.4250000000000039302, 0.06999999999999975686, -0.1999999999999998723 ) ) ;
#3616 = CARTESIAN_POINT ( 'NONE',  ( 0.7749999999999854783, 0.000000000000000000, 0.7750000000000004663 ) ) ;
#3617 = DIRECTION ( 'NONE',  ( 1.000000000000000000, -0.000000000000000000, -0.000000000000000000 ) ) ;
#3618 = EDGE_CURVE ( 'NONE', #5777, #7745, #1356, .T. ) ;
#3619 = EDGE_CURVE ( 'NONE', #2277, #170, #8259, .T. ) ;
#3620 = ORIENTED_EDGE ( 'NONE', *, *, #6991, .T. ) ;
#3621 = DIRECTION ( 'NONE',  ( -1.000000000000000000, 0.000000000000000000, 0.000000000000000000 ) ) ;
#3622 = VECTOR ( 'NONE', #8968, 1000.000000000000000 ) ;
#3623 = CARTESIAN_POINT ( 'NONE',  ( -0.7550000000000000044, 0.05000000000000012768, -0.5950000000000001954 ) ) ;
#3624 = PLANE ( 'NONE',  #4160 ) ;
#3625 = CARTESIAN_POINT ( 'NONE',  ( 0.1000000000000005329, 0.05000000000000012768, 0.9149999999999999245 ) ) ;
#3626 = ORIENTED_EDGE ( 'NONE', *, *, #1081, .T. ) ;
#3627 = ORIENTED_EDGE ( 'NONE', *, *, #3117, .F. ) ;
#3628 = CYLINDRICAL_SURFACE ( 'NONE', #4180, 0.01999999999999614933 ) ;
#3629 = CARTESIAN_POINT ( 'NONE',  ( -0.9999999999999997780, 0.06999999999999985401, -0.2500000000000000000 ) ) ;
#3630 = VERTEX_POINT ( 'NONE', #8309 ) ;
#3631 = EDGE_CURVE ( 'NONE', #471, #186, #3710, .T. ) ;
#3632 = EDGE_LOOP ( 'NONE', ( #6587, #5619, #2623, #8792 ) ) ;
#3633 = AXIS2_PLACEMENT_3D ( 'NONE', #5320, #3809, #9062 ) ;
#3634 = CARTESIAN_POINT ( 'NONE',  ( -0.3750000000000037748, 0.06999999999999986788, 0.2000000000000003164 ) ) ;
#3635 = ADVANCED_FACE ( 'NONE', ( #5214 ), #2836, .T. ) ;
#3636 = CARTESIAN_POINT ( 'NONE',  ( -0.9349999999999906164, 0.05000000000000012768, 0.1449999999999999345 ) ) ;
#3637 = DIRECTION ( 'NONE',  ( -0.000000000000000000, 1.000000000000000000, -0.000000000000000000 ) ) ;
#3638 = VECTOR ( 'NONE', #7575, 1000.000000000000000 ) ;
#3639 = CARTESIAN_POINT ( 'NONE',  ( 0.9349999999999853983, 0.000000000000000000, 0.5950000000000005285 ) ) ;
#3640 = VERTEX_POINT ( 'NONE', #4555 ) ;
#3641 = LINE ( 'NONE', #6599, #5888 ) ;
#3642 = DIRECTION ( 'NONE',  ( -0.000000000000000000, 1.000000000000000000, -0.000000000000000000 ) ) ;
#3643 = EDGE_LOOP ( 'NONE', ( #1226, #7245, #728, #4741 ) ) ;
#3644 = CARTESIAN_POINT ( 'NONE',  ( -0.3200000000000089995, 0.05000000000000012768, 0.9149999999999969269 ) ) ;
#3645 = ORIENTED_EDGE ( 'NONE', *, *, #9788, .F. ) ;
#3646 = EDGE_LOOP ( 'NONE', ( #8905, #4016, #2734, #9810 ) ) ;
#3647 = ORIENTED_EDGE ( 'NONE', *, *, #6850, .T. ) ;
#3648 = CARTESIAN_POINT ( 'NONE',  ( -0.3750000000000037748, 0.1199999999999999956, -1.000000000000000222 ) ) ;
#3649 = VECTOR ( 'NONE', #3278, 1000.000000000000000 ) ;
#3650 = CARTESIAN_POINT ( 'NONE',  ( 0.4799999999999998157, 0.05000000000000012768, 0.4800000000000000377 ) ) ;
#3651 = FACE_OUTER_BOUND ( 'NONE', #8036, .T. ) ;
#3652 = EDGE_CURVE ( 'NONE', #9756, #8062, #4505, .T. ) ;
#3653 = CARTESIAN_POINT ( 'NONE',  ( 0.5000000000000006661, 0.000000000000000000, 0.9149999999999994804 ) ) ;
#3654 = CARTESIAN_POINT ( 'NONE',  ( -0.4800000000000080869, 0.05000000000000012768, -0.7549999999999948974 ) ) ;
#3655 = DIRECTION ( 'NONE',  ( -0.000000000000000000, -1.000000000000000000, -0.000000000000000000 ) ) ;
#3656 = FACE_OUTER_BOUND ( 'NONE', #3552, .T. ) ;
#3658 = ORIENTED_EDGE ( 'NONE', *, *, #7036, .T. ) ;
#3657 = VECTOR ( 'NONE', #5013, 1000.000000000000000 ) ;
#3659 = DIRECTION ( 'NONE',  ( -0.000000000000000000, 0.000000000000000000, -1.000000000000000000 ) ) ;
#3660 = VERTEX_POINT ( 'NONE', #7584 ) ;
#3661 = EDGE_LOOP ( 'NONE', ( #7043, #3724, #2108, #2238 ) ) ;
#3662 = CARTESIAN_POINT ( 'NONE',  ( -0.9149999999999858247, 0.05000000000000012768, 0.5950000000000000844 ) ) ;
#3663 = FACE_OUTER_BOUND ( 'NONE', #2273, .T. ) ;
#3664 = CARTESIAN_POINT ( 'NONE',  ( -0.9149999999999858247, 0.05000000000000012768, 0.7750000000000001332 ) ) ;
#3665 = ORIENTED_EDGE ( 'NONE', *, *, #3895, .F. ) ;
#3666 = DIRECTION ( 'NONE',  ( 0.000000000000000000, 0.000000000000000000, 1.000000000000000000 ) ) ;
#3668 = ORIENTED_EDGE ( 'NONE', *, *, #1005, .T. ) ;
#3667 = CARTESIAN_POINT ( 'NONE',  ( -0.7749999999999859224, 0.05000000000000012768, 0.5749999999999999556 ) ) ;
#3669 = ORIENTED_EDGE ( 'NONE', *, *, #951, .T. ) ;
#3670 = CARTESIAN_POINT ( 'NONE',  ( 0.02500000000000006384, 0.1199999999999999956, -0.6500000000000000222 ) ) ;
#3671 = CARTESIAN_POINT ( 'NONE',  ( 0.02500000000000006384, 0.1199999999999999956, 0.6500000000000003553 ) ) ;
#3672 = EDGE_LOOP ( 'NONE', ( #5482, #6382, #9984, #7854 ) ) ;
#3673 = AXIS2_PLACEMENT_3D ( 'NONE', #8462, #7072, #1617 ) ;
#3674 = FACE_OUTER_BOUND ( 'NONE', #8153, .T. ) ;
#3675 = DIRECTION ( 'NONE',  ( 0.000000000000000000, 1.000000000000000000, -0.000000000000000000 ) ) ;
#3676 = VECTOR ( 'NONE', #7799, 1000.000000000000000 ) ;
#3677 = ADVANCED_FACE ( 'NONE', ( #4448 ), #8205, .F. ) ;
#3678 = CARTESIAN_POINT ( 'NONE',  ( 0.3750000000000037748, 0.06999999999999975686, 0.2000000000000003164 ) ) ;
#3679 = CARTESIAN_POINT ( 'NONE',  ( 0.02500000000000006384, 0.1199999999999999956, -0.7000000000000000666 ) ) ;
#3680 = CARTESIAN_POINT ( 'NONE',  ( 0.3750000000000037748, 0.06999999999999986788, -1.000000000000000222 ) ) ;
#3681 = ORIENTED_EDGE ( 'NONE', *, *, #5889, .F. ) ;
#3682 = VERTEX_POINT ( 'NONE', #6718 ) ;
#3683 = DIRECTION ( 'NONE',  ( 0.000000000000000000, -0.000000000000000000, 1.000000000000000000 ) ) ;
#3684 = DIRECTION ( 'NONE',  ( 0.000000000000000000, 1.000000000000000000, -0.000000000000000000 ) ) ;
#3685 = ORIENTED_EDGE ( 'NONE', *, *, #127, .T. ) ;
#3686 = ORIENTED_EDGE ( 'NONE', *, *, #4979, .F. ) ;
#3687 = AXIS2_PLACEMENT_3D ( 'NONE', #5974, #5213, #2780 ) ;
#3688 = EDGE_CURVE ( 'NONE', #1841, #9568, #9805, .T. ) ;
#3689 = ADVANCED_FACE ( 'NONE', ( #6074 ), #2178, .F. ) ;
#3690 = CARTESIAN_POINT ( 'NONE',  ( 0.7749999999999904743, 0.000000000000000000, 0.3250000000000003997 ) ) ;
#3691 = CARTESIAN_POINT ( 'NONE',  ( 0.3750000000000037748, 0.06999999999999975686, -0.1999999999999998723 ) ) ;
#3692 = EDGE_CURVE ( 'NONE', #1174, #7372, #7174, .T. ) ;
#3693 = CIRCLE ( 'NONE', #4651, 0.02000000000000005246 ) ;
#3695 = VECTOR ( 'NONE', #9841, 1000.000000000000000 ) ;
#3694 = CARTESIAN_POINT ( 'NONE',  ( -0.3750000000000037748, 0.06999999999999975686, 0.9999999999999997780 ) ) ;
#3696 = LINE ( 'NONE', #8450, #1490 ) ;
#3697 = ORIENTED_EDGE ( 'NONE', *, *, #7355, .F. ) ;
#3698 = DIRECTION ( 'NONE',  ( -0.000000000000000000, -1.000000000000000000, -0.000000000000000000 ) ) ;
#3699 = CARTESIAN_POINT ( 'NONE',  ( 0.7749999999999951372, 0.000000000000000000, -0.1449999999999998512 ) ) ;
#3700 = VERTEX_POINT ( 'NONE', #1465 ) ;
#3701 = DIRECTION ( 'NONE',  ( -0.000000000000000000, 0.000000000000000000, -1.000000000000000000 ) ) ;
#3702 = ORIENTED_EDGE ( 'NONE', *, *, #7344, .F. ) ;
#3703 = EDGE_LOOP ( 'NONE', ( #6361, #782, #5505, #6574 ) ) ;
#3704 = AXIS2_PLACEMENT_3D ( 'NONE', #5668, #9447, #2621 ) ;
#3705 = DIRECTION ( 'NONE',  ( -0.000000000000000000, 1.000000000000000000, -0.000000000000000000 ) ) ;
#3706 = CARTESIAN_POINT ( 'NONE',  ( 0.9149999999999853806, 0.000000000000000000, 0.7750000000000004663 ) ) ;
#3707 = VECTOR ( 'NONE', #1062, 1000.000000000000000 ) ;
#3708 = FACE_OUTER_BOUND ( 'NONE', #643, .T. ) ;
#3709 = DIRECTION ( 'NONE',  ( 1.000000000000000000, 0.000000000000000000, 0.000000000000000000 ) ) ;
#3710 = LINE ( 'NONE', #7428, #2176 ) ;
#3711 = AXIS2_PLACEMENT_3D ( 'NONE', #4845, #4185, #2567 ) ;
#3712 = AXIS2_PLACEMENT_3D ( 'NONE', #4812, #3348, #5675 ) ;
#3713 = DIRECTION ( 'NONE',  ( -0.000000000000000000, -1.000000000000000000, -0.000000000000000000 ) ) ;
#3714 = VERTEX_POINT ( 'NONE', #8413 ) ;
#3715 = CARTESIAN_POINT ( 'NONE',  ( -0.3750000000000037748, 0.06999999999999975686, -0.7000000000000000666 ) ) ;
#3716 = ORIENTED_EDGE ( 'NONE', *, *, #9750, .F. ) ;
#3717 = ADVANCED_FACE ( 'NONE', ( #5107, #1249, #503, #2079 ), #9008, .T. ) ;
#3718 = AXIS2_PLACEMENT_3D ( 'NONE', #1649, #1079, #7917 ) ;
#3719 = CARTESIAN_POINT ( 'NONE',  ( 0.9149999999999950395, 0.05000000000000012768, -0.3049999999999998268 ) ) ;
#3720 = DIRECTION ( 'NONE',  ( 0.000000000000000000, 0.000000000000000000, -1.000000000000000000 ) ) ;
#3721 = LINE ( 'NONE', #3965, #1184 ) ;
#3722 = CARTESIAN_POINT ( 'NONE',  ( 0.3199999999999998956, 0.05000000000000012768, -0.7749999999999999112 ) ) ;
#3724 = ORIENTED_EDGE ( 'NONE', *, *, #7832, .F. ) ;
#3723 = FACE_OUTER_BOUND ( 'NONE', #4046, .T. ) ;
#3725 = ORIENTED_EDGE ( 'NONE', *, *, #6515, .T. ) ;
#3726 = LINE ( 'NONE', #779, #4837 ) ;
#3727 = LINE ( 'NONE', #9718, #5694 ) ;
#3728 = ORIENTED_EDGE ( 'NONE', *, *, #180, .T. ) ;
#3729 = ORIENTED_EDGE ( 'NONE', *, *, #9603, .F. ) ;
#3730 = ADVANCED_FACE ( 'NONE', ( #2230 ), #2947, .T. ) ;
#3731 = CARTESIAN_POINT ( 'NONE',  ( -0.02500000000000006384, 0.1199999999999999956, 0.2000000000000003164 ) ) ;
#3732 = LINE ( 'NONE', #6801, #8038 ) ;
#3733 = ORIENTED_EDGE ( 'NONE', *, *, #1240, .F. ) ;
#3734 = ORIENTED_EDGE ( 'NONE', *, *, #3406, .F. ) ;
#3735 = CARTESIAN_POINT ( 'NONE',  ( 0.3750000000000037748, 0.1199999999999999956, 0.2500000000000004441 ) ) ;
#3736 = CARTESIAN_POINT ( 'NONE',  ( -0.8249999999999997335, 0.5999999999999999778, -0.7249999999999999778 ) ) ;
#3737 = CARTESIAN_POINT ( 'NONE',  ( 0.9149999999999853806, 0.000000000000000000, 0.7550000000000004485 ) ) ;
#3738 = EDGE_LOOP ( 'NONE', ( #7274, #835, #6291, #1636 ) ) ;
#3739 = ORIENTED_EDGE ( 'NONE', *, *, #180, .F. ) ;
#3740 = ADVANCED_FACE ( 'NONE', ( #6025 ), #3598, .F. ) ;
#3741 = CARTESIAN_POINT ( 'NONE',  ( 1.000000000000000222, 0.5999999999999999778, -1.000000000000000222 ) ) ;
#3742 = SURFACE_STYLE_FILL_AREA ( #5301 ) ;
#3743 = VECTOR ( 'NONE', #4711, 1000.000000000000000 ) ;
#3744 = DIRECTION ( 'NONE',  ( 1.000000000000000000, 0.000000000000000000, 0.000000000000000000 ) ) ;
#3745 = FILL_AREA_STYLE_COLOUR ( '', #7464 ) ;
#3746 = VERTEX_POINT ( 'NONE', #3095 ) ;
#3747 = CARTESIAN_POINT ( 'NONE',  ( -0.4250000000000039302, 0.1199999999999999956, -0.6500000000000000222 ) ) ;
#3748 = CARTESIAN_POINT ( 'NONE',  ( -0.4250000000000039302, 0.06999999999999975686, -0.2500000000000000000 ) ) ;
#3749 = VERTEX_POINT ( 'NONE', #8464 ) ;
#3750 = CARTESIAN_POINT ( 'NONE',  ( -0.02500000000000006384, 0.1199999999999999956, 0.7000000000000005107 ) ) ;
#3751 = VERTEX_POINT ( 'NONE', #5464 ) ;
#3752 = ADVANCED_FACE ( 'NONE', ( #6319 ), #208, .F. ) ;
#3753 = ADVANCED_FACE ( 'NONE', ( #814 ), #7075, .T. ) ;
#3754 = VERTEX_POINT ( 'NONE', #6928 ) ;
#3755 = ADVANCED_FACE ( 'NONE', ( #5421 ), #8514, .T. ) ;
#3756 = AXIS2_PLACEMENT_3D ( 'NONE', #3076, #3026, #741 ) ;
#3757 = CARTESIAN_POINT ( 'NONE',  ( 0.9149999999999853806, 0.05000000000000012768, 0.5750000000000003997 ) ) ;
#3758 = DIRECTION ( 'NONE',  ( 1.000000000000000000, -0.000000000000000000, -0.000000000000000000 ) ) ;
#3759 = DIRECTION ( 'NONE',  ( -0.000000000000000000, 1.000000000000000000, -0.000000000000000000 ) ) ;
#3760 = CARTESIAN_POINT ( 'NONE',  ( 0.3750000000000037748, 0.1199999999999999956, -0.1999999999999998723 ) ) ;
#3761 = AXIS2_PLACEMENT_3D ( 'NONE', #1598, #9385, #2459 ) ;
#3762 = CARTESIAN_POINT ( 'NONE',  ( 1.000000000000000222, 0.1199999999999999956, 0.6500000000000003553 ) ) ;
#3763 = DIRECTION ( 'NONE',  ( -0.000000000000000000, 0.000000000000000000, 1.000000000000000000 ) ) ;
#3764 = ORIENTED_EDGE ( 'NONE', *, *, #5971, .T. ) ;
#3765 = CARTESIAN_POINT ( 'NONE',  ( -0.8249999999999997335, 0.5999999999999999778, -0.9250000000000002665 ) ) ;
#3766 = EDGE_LOOP ( 'NONE', ( #763, #5706, #3181, #8773 ) ) ;
#3767 = ORIENTED_EDGE ( 'NONE', *, *, #9304, .F. ) ;
#3768 = EDGE_CURVE ( 'NONE', #1750, #9932, #5731, .T. ) ;
#3769 = VECTOR ( 'NONE', #2622, 1000.000000000000000 ) ;
#3770 = VECTOR ( 'NONE', #7602, 1000.000000000000000 ) ;
#3771 = CARTESIAN_POINT ( 'NONE',  ( -0.5000000000000042188, 0.05000000000000012768, -0.7750000000000000222 ) ) ;
#3772 = PLANE ( 'NONE',  #7962 ) ;
#3773 = DIRECTION ( 'NONE',  ( -1.000000000000000000, 0.000000000000000000, 0.000000000000000000 ) ) ;
#3774 = EDGE_CURVE ( 'NONE', #3283, #2761, #7673, .T. ) ;
#3775 = CARTESIAN_POINT ( 'NONE',  ( 0.4250000000000039302, 0.06999999999999975686, 0.7000000000000005107 ) ) ;
#3777 = VERTEX_POINT ( 'NONE', #4752 ) ;
#3776 = CARTESIAN_POINT ( 'NONE',  ( -0.02500000000000006384, 0.1199999999999999956, -0.1999999999999998723 ) ) ;
#3779 = AXIS2_PLACEMENT_3D ( 'NONE', #290, #3374, #3720 ) ;
#3778 = LINE ( 'NONE', #7704, #7912 ) ;
#3780 = DIRECTION ( 'NONE',  ( 1.000000000000000000, 0.000000000000000000, -0.000000000000000000 ) ) ;
#3781 = ORIENTED_EDGE ( 'NONE', *, *, #3272, .T. ) ;
#3782 = VECTOR ( 'NONE', #7053, 1000.000000000000000 ) ;
#3783 = LINE ( 'NONE', #4473, #2988 ) ;
#3784 = CARTESIAN_POINT ( 'NONE',  ( 1.000000000000000222, 0.1199999999999999956, -0.1999999999999998723 ) ) ;
#3785 = EDGE_CURVE ( 'NONE', #5910, #1272, #4803, .T. ) ;
#3786 = EDGE_LOOP ( 'NONE', ( #2014, #615, #964, #4797 ) ) ;
#3787 = ORIENTED_EDGE ( 'NONE', *, *, #9264, .T. ) ;
#3788 = DIRECTION ( 'NONE',  ( -1.000000000000000000, 0.000000000000000000, -0.000000000000000000 ) ) ;
#3789 = DIRECTION ( 'NONE',  ( 0.000000000000000000, 0.000000000000000000, -1.000000000000000000 ) ) ;
#3790 = DIRECTION ( 'NONE',  ( 0.000000000000000000, 1.000000000000000000, 0.000000000000000000 ) ) ;
#3791 = VERTEX_POINT ( 'NONE', #4654 ) ;
#3792 = VERTEX_POINT ( 'NONE', #1565 ) ;
#3793 = LINE ( 'NONE', #8550, #8537 ) ;
#3794 = LINE ( 'NONE', #1500, #6551 ) ;
#3795 = DIRECTION ( 'NONE',  ( 1.000000000000000000, 0.000000000000000000, 0.000000000000000000 ) ) ;
#3796 = ADVANCED_FACE ( 'NONE', ( #2477 ), #1622, .F. ) ;
#3797 = ORIENTED_EDGE ( 'NONE', *, *, #6617, .T. ) ;
#3798 = CARTESIAN_POINT ( 'NONE',  ( -0.4250000000000039302, 0.06999999999999975686, -0.6500000000000000222 ) ) ;
#3799 = CARTESIAN_POINT ( 'NONE',  ( -0.3750000000000037748, 0.1199999999999999956, -1.000000000000000222 ) ) ;
#3800 = ORIENTED_EDGE ( 'NONE', *, *, #3962, .F. ) ;
#3801 = VECTOR ( 'NONE', #1206, 1000.000000000000000 ) ;
#3802 = ORIENTED_EDGE ( 'NONE', *, *, #8130, .F. ) ;
#3803 = ORIENTED_EDGE ( 'NONE', *, *, #5480, .F. ) ;
#3804 = LINE ( 'NONE', #3648, #6731 ) ;
#3805 = DIRECTION ( 'NONE',  ( -0.000000000000000000, 0.000000000000000000, -1.000000000000000000 ) ) ;
#3806 = CARTESIAN_POINT ( 'NONE',  ( -0.9999999999999997780, 0.06999999999999975686, 0.2000000000000002054 ) ) ;
#3807 = CARTESIAN_POINT ( 'NONE',  ( -0.9999999999999997780, 0.1199999999999999956, 0.7000000000000005107 ) ) ;
#3808 = ADVANCED_FACE ( 'NONE', ( #2376 ), #7788, .F. ) ;
#3809 = DIRECTION ( 'NONE',  ( -0.000000000000000000, -1.000000000000000000, -0.000000000000000000 ) ) ;
#3810 = ADVANCED_FACE ( 'NONE', ( #8567 ), #4707, .T. ) ;
#3811 = DIRECTION ( 'NONE',  ( -0.000000000000000000, -1.000000000000000000, -0.000000000000000000 ) ) ;
#3812 = DIRECTION ( 'NONE',  ( -1.000000000000000000, 0.000000000000000000, 0.000000000000000000 ) ) ;
#3813 = ORIENTED_EDGE ( 'NONE', *, *, #8521, .F. ) ;
#3814 = LINE ( 'NONE', #864, #1807 ) ;
#3815 = ORIENTED_EDGE ( 'NONE', *, *, #3131, .T. ) ;
#3816 = VECTOR ( 'NONE', #2367, 1000.000000000000000 ) ;
#3817 = DIRECTION ( 'NONE',  ( -0.000000000000000000, 1.000000000000000000, -0.000000000000000000 ) ) ;
#3819 = AXIS2_PLACEMENT_3D ( 'NONE', #8925, #336, #3419 ) ;
#3818 = CARTESIAN_POINT ( 'NONE',  ( -0.3750000000000037748, 0.06999999999999975686, 0.7000000000000005107 ) ) ;
#3820 = EDGE_CURVE ( 'NONE', #2422, #484, #114, .T. ) ;
#3821 = EDGE_CURVE ( 'NONE', #6849, #7082, #1722, .T. ) ;
#3822 = CARTESIAN_POINT ( 'NONE',  ( -0.9999999999999997780, 0.1199999999999999956, 0.2000000000000002054 ) ) ;
#3823 = EDGE_CURVE ( 'NONE', #5435, #6575, #3997, .T. ) ;
#3824 = DIRECTION ( 'NONE',  ( 0.000000000000000000, 1.000000000000000000, 0.000000000000000000 ) ) ;
#3826 = EDGE_LOOP ( 'NONE', ( #6768, #3113, #4109, #5178, #5019, #310, #1981, #1257 ) ) ;
#3825 = DIRECTION ( 'NONE',  ( 0.000000000000000000, 1.000000000000000000, 0.000000000000000000 ) ) ;
#3827 = VERTEX_POINT ( 'NONE', #1669 ) ;
#3828 = EDGE_LOOP ( 'NONE', ( #3241, #1990, #8685, #2421 ) ) ;
#3829 = ORIENTED_EDGE ( 'NONE', *, *, #4610, .F. ) ;
#3830 = CARTESIAN_POINT ( 'NONE',  ( 0.4250000000000039302, 0.1199999999999999956, -1.000000000000000222 ) ) ;
#3831 =( LENGTH_UNIT ( ) NAMED_UNIT ( * ) SI_UNIT ( .MILLI., .METRE. ) );
#3832 = CIRCLE ( 'NONE', #8526, 0.02000000000000005246 ) ;
#3833 = VERTEX_POINT ( 'NONE', #7837 ) ;
#3834 = ORIENTED_EDGE ( 'NONE', *, *, #7260, .T. ) ;
#3835 = DIRECTION ( 'NONE',  ( -0.000000000000000000, 0.000000000000000000, 1.000000000000000000 ) ) ;
#3836 = CARTESIAN_POINT ( 'NONE',  ( -0.9999999999999997780, 0.06999999999999975686, 0.6500000000000003553 ) ) ;
#3837 = LINE ( 'NONE', #1334, #3102 ) ;
#3838 = ORIENTED_EDGE ( 'NONE', *, *, #3473, .T. ) ;
#3839 = ORIENTED_EDGE ( 'NONE', *, *, #8862, .T. ) ;
#3840 = EDGE_CURVE ( 'NONE', #7776, #1243, #7886, .T. ) ;
#3841 = VECTOR ( 'NONE', #349, 1000.000000000000000 ) ;
#3842 = ADVANCED_FACE ( 'NONE', ( #1056 ), #1143, .F. ) ;
#3843 = DIRECTION ( 'NONE',  ( -0.000000000000000000, -0.000000000000000000, 1.000000000000000000 ) ) ;
#3844 = VERTEX_POINT ( 'NONE', #4282 ) ;
#3845 = DIRECTION ( 'NONE',  ( 0.000000000000000000, -0.000000000000000000, 1.000000000000000000 ) ) ;
#3847 = VERTEX_POINT ( 'NONE', #1777 ) ;
#3846 = AXIS2_PLACEMENT_3D ( 'NONE', #515, #9017, #9667 ) ;
#3848 = EDGE_LOOP ( 'NONE', ( #859, #9851, #6069, #3562 ) ) ;
#3849 = ORIENTED_EDGE ( 'NONE', *, *, #868, .F. ) ;
#3850 = ORIENTED_EDGE ( 'NONE', *, *, #3992, .T. ) ;
#3851 = EDGE_CURVE ( 'NONE', #7852, #8508, #2820, .T. ) ;
#3852 = CIRCLE ( 'NONE', #4341, 0.02000000000000005246 ) ;
#3853 = VECTOR ( 'NONE', #3973, 1000.000000000000000 ) ;
#3854 = DIRECTION ( 'NONE',  ( 0.000000000000000000, 0.000000000000000000, -1.000000000000000000 ) ) ;
#3855 = PLANE ( 'NONE',  #4984 ) ;
#3856 = CARTESIAN_POINT ( 'NONE',  ( -0.07999999999999998779, 0.000000000000000000, -0.9149999999999998135 ) ) ;
#3857 = CARTESIAN_POINT ( 'NONE',  ( -0.08000000000000009881, 0.05000000000000012768, -0.7749999999999999112 ) ) ;
#3858 = ORIENTED_EDGE ( 'NONE', *, *, #5103, .T. ) ;
#3859 = CARTESIAN_POINT ( 'NONE',  ( 0.7549999999999950084, 0.05000000000000012768, -0.1449999999999998512 ) ) ;
#3860 = MECHANICAL_DESIGN_GEOMETRIC_PRESENTATION_REPRESENTATION (  '', ( #6913 ), #9814 ) ;
#3861 = ORIENTED_EDGE ( 'NONE', *, *, #8384, .F. ) ;
#3862 = AXIS2_PLACEMENT_3D ( 'NONE', #3719, #3006, #9175 ) ;
#3863 = EDGE_CURVE ( 'NONE', #2296, #4038, #3537, .T. ) ;
#3864 = CARTESIAN_POINT ( 'NONE',  ( 1.000000000000000222, 0.06999999999999975686, -0.6500000000000000222 ) ) ;
#3865 = VECTOR ( 'NONE', #2719, 1000.000000000000000 ) ;
#3866 = AXIS2_PLACEMENT_3D ( 'NONE', #6022, #5212, #9698 ) ;
#3867 = CARTESIAN_POINT ( 'NONE',  ( 0.1000000000000006439, 0.05000000000000012768, 0.7750000000000002442 ) ) ;
#3868 = DIRECTION ( 'NONE',  ( 0.000000000000000000, -1.000000000000000000, 0.000000000000000000 ) ) ;
#3869 = DIRECTION ( 'NONE',  ( 1.000000000000000000, 0.000000000000000000, 0.000000000000000000 ) ) ;
#3871 = VERTEX_POINT ( 'NONE', #7362 ) ;
#3870 = LINE ( 'NONE', #5386, #3477 ) ;
#3872 = ORIENTED_EDGE ( 'NONE', *, *, #771, .F. ) ;
#3873 = DIRECTION ( 'NONE',  ( -0.000000000000000000, 1.000000000000000000, -0.000000000000000000 ) ) ;
#3874 = CARTESIAN_POINT ( 'NONE',  ( 1.000000000000000222, 0.1199999999999999956, -0.6500000000000000222 ) ) ;
#3875 = ORIENTED_EDGE ( 'NONE', *, *, #7400, .F. ) ;
#3876 = ORIENTED_EDGE ( 'NONE', *, *, #2798, .F. ) ;
#3877 = VECTOR ( 'NONE', #7213, 1000.000000000000000 ) ;
#3878 = VECTOR ( 'NONE', #6597, 1000.000000000000000 ) ;
#3879 = EDGE_CURVE ( 'NONE', #8151, #8186, #4856, .T. ) ;
#3880 = EDGE_CURVE ( 'NONE', #7715, #9757, #8708, .T. ) ;
#3881 = VERTEX_POINT ( 'NONE', #2619 ) ;
#3882 = DIRECTION ( 'NONE',  ( 0.000000000000000000, 0.000000000000000000, 1.000000000000000000 ) ) ;
#3883 = DIRECTION ( 'NONE',  ( 0.000000000000000000, 0.000000000000000000, 1.000000000000000000 ) ) ;
#3884 = CARTESIAN_POINT ( 'NONE',  ( -0.4250000000000039302, 0.06999999999999975686, -0.2500000000000000000 ) ) ;
#3885 = VECTOR ( 'NONE', #92, 1000.000000000000000 ) ;
#3886 = CARTESIAN_POINT ( 'NONE',  ( -0.3750000000000037748, 0.06999999999999986788, -1.000000000000000222 ) ) ;
#3887 =( LENGTH_UNIT ( ) NAMED_UNIT ( * ) SI_UNIT ( .MILLI., .METRE. ) );
#3888 = ORIENTED_EDGE ( 'NONE', *, *, #662, .F. ) ;
#3889 = ORIENTED_EDGE ( 'NONE', *, *, #4850, .F. ) ;
#3890 = CARTESIAN_POINT ( 'NONE',  ( 0.2999999999999999334, 0.000000000000000000, -0.7750000000000000222 ) ) ;
#3891 = DIRECTION ( 'NONE',  ( 0.000000000000000000, -0.000000000000000000, 1.000000000000000000 ) ) ;
#3892 = EDGE_CURVE ( 'NONE', #3143, #4137, #4096, .T. ) ;
#3893 = DIRECTION ( 'NONE',  ( -0.000000000000000000, -1.000000000000000000, -0.000000000000000000 ) ) ;
#3894 = ORIENTED_EDGE ( 'NONE', *, *, #7501, .T. ) ;
#3895 = EDGE_CURVE ( 'NONE', #8748, #7716, #8803, .T. ) ;
#3896 = DIRECTION ( 'NONE',  ( 0.000000000000000000, 0.000000000000000000, 1.000000000000000000 ) ) ;
#3897 = ORIENTED_EDGE ( 'NONE', *, *, #8214, .T. ) ;
#3898 = VERTEX_POINT ( 'NONE', #9446 ) ;
#3899 = ORIENTED_EDGE ( 'NONE', *, *, #6119, .F. ) ;
#3900 = AXIS2_PLACEMENT_3D ( 'NONE', #1306, #2952, #8957 ) ;
#3901 = CARTESIAN_POINT ( 'NONE',  ( 0.02500000000000006384, 0.06999999999999986788, -1.000000000000000222 ) ) ;
#3902 = DIRECTION ( 'NONE',  ( 1.000000000000000000, -0.000000000000000000, 0.000000000000000000 ) ) ;
#3903 = ORIENTED_EDGE ( 'NONE', *, *, #7531, .F. ) ;
#3904 = DIRECTION ( 'NONE',  ( 0.000000000000000000, 1.000000000000000000, 0.000000000000000000 ) ) ;
#3905 = CARTESIAN_POINT ( 'NONE',  ( -0.4250000000000039302, 0.1199999999999999956, 0.9999999999999997780 ) ) ;
#3906 = PLANE ( 'NONE',  #6642 ) ;
#3907 = EDGE_LOOP ( 'NONE', ( #9977, #5526, #7996, #3702, #8408, #1318, #1404, #5774 ) ) ;
#3908 = EDGE_CURVE ( 'NONE', #8651, #2951, #2578, .T. ) ;
#3909 = DIRECTION ( 'NONE',  ( -1.000000000000000000, 0.000000000000000000, -0.000000000000000000 ) ) ;
#3910 = CIRCLE ( 'NONE', #9082, 0.02000000000000005246 ) ;
#3911 = VERTEX_POINT ( 'NONE', #4997 ) ;
#3912 = ORIENTED_EDGE ( 'NONE', *, *, #1708, .F. ) ;
#3913 = PLANE ( 'NONE',  #4802 ) ;
#3914 = AXIS2_PLACEMENT_3D ( 'NONE', #4125, #3939, #2504 ) ;
#3915 = CARTESIAN_POINT ( 'NONE',  ( 0.3750000000000037748, 0.06999999999999985401, 0.6500000000000003553 ) ) ;
#3916 = LINE ( 'NONE', #3202, #6860 ) ;
#3917 = DIRECTION ( 'NONE',  ( 0.000000000000000000, 0.000000000000000000, -1.000000000000000000 ) ) ;
#3919 = ORIENTED_EDGE ( 'NONE', *, *, #5547, .F. ) ;
#3918 = DIRECTION ( 'NONE',  ( 0.000000000000000000, 1.000000000000000000, 0.000000000000000000 ) ) ;
#3920 = EDGE_CURVE ( 'NONE', #3847, #9600, #9597, .T. ) ;
#3921 =( LENGTH_UNIT ( ) NAMED_UNIT ( * ) SI_UNIT ( .MILLI., .METRE. ) );
#3922 = ORIENTED_EDGE ( 'NONE', *, *, #513, .F. ) ;
#3923 = ORIENTED_EDGE ( 'NONE', *, *, #3462, .F. ) ;
#3924 = AXIS2_PLACEMENT_3D ( 'NONE', #5385, #5525, #4619 ) ;
#3926 = ORIENTED_EDGE ( 'NONE', *, *, #6396, .F. ) ;
#3925 = VECTOR ( 'NONE', #3938, 1000.000000000000000 ) ;
#3927 = DIRECTION ( 'NONE',  ( 0.000000000000000000, 0.000000000000000000, -1.000000000000000000 ) ) ;
#3928 = CARTESIAN_POINT ( 'NONE',  ( 0.7749999999999951372, 0.05000000000000012768, -0.3049999999999998268 ) ) ;
#3929 = AXIS2_PLACEMENT_3D ( 'NONE', #1967, #4531, #6601 ) ;
#3930 = FACE_OUTER_BOUND ( 'NONE', #5730, .T. ) ;
#3931 = VECTOR ( 'NONE', #3389, 1000.000000000000000 ) ;
#3932 = DIRECTION ( 'NONE',  ( 0.000000000000000000, 0.000000000000000000, -1.000000000000000000 ) ) ;
#3933 = EDGE_LOOP ( 'NONE', ( #9223, #3255, #235, #9784 ) ) ;
#3934 = EDGE_CURVE ( 'NONE', #8070, #8947, #1007, .T. ) ;
#3935 = EDGE_CURVE ( 'NONE', #9515, #5278, #3338, .T. ) ;
#3936 = EDGE_CURVE ( 'NONE', #9889, #691, #2525, .T. ) ;
#3937 = CARTESIAN_POINT ( 'NONE',  ( -0.5000000000000000000, 0.05000000000000012768, -0.9149999999999997025 ) ) ;
#3938 = DIRECTION ( 'NONE',  ( -0.000000000000000000, 1.000000000000000000, -0.000000000000000000 ) ) ;
#3939 = DIRECTION ( 'NONE',  ( -1.000000000000000000, 0.000000000000000000, 0.000000000000000000 ) ) ;
#3940 = AXIS2_PLACEMENT_3D ( 'NONE', #4929, #3318, #2601 ) ;
#3941 = LINE ( 'NONE', #6257, #7897 ) ;
#3942 = FILL_AREA_STYLE_COLOUR ( '', #5855 ) ;
#3943 = EDGE_CURVE ( 'NONE', #8262, #8737, #7270, .T. ) ;
#3944 = ORIENTED_EDGE ( 'NONE', *, *, #1391, .T. ) ;
#3945 = DIRECTION ( 'NONE',  ( -0.000000000000000000, 1.000000000000000000, -0.000000000000000000 ) ) ;
#3946 = EDGE_CURVE ( 'NONE', #8802, #3968, #1965, .T. ) ;
#3947 = CARTESIAN_POINT ( 'NONE',  ( 0.9349999999999853983, 0.05000000000000012768, 0.5950000000000005285 ) ) ;
#3948 = ORIENTED_EDGE ( 'NONE', *, *, #1773, .F. ) ;
#3949 = ORIENTED_EDGE ( 'NONE', *, *, #6703, .F. ) ;
#3950 = EDGE_CURVE ( 'NONE', #6978, #3579, #8890, .T. ) ;
#3951 = CARTESIAN_POINT ( 'NONE',  ( -0.9999999999999997780, 0.06999999999999975686, -0.7000000000000000666 ) ) ;
#3952 = DIRECTION ( 'NONE',  ( 0.000000000000000000, -0.000000000000000000, 1.000000000000000000 ) ) ;
#3953 = VECTOR ( 'NONE', #3410, 1000.000000000000000 ) ;
#3954 = EDGE_LOOP ( 'NONE', ( #7424, #6823, #321, #7306 ) ) ;
#3955 = DIRECTION ( 'NONE',  ( -0.000000000000000000, -1.000000000000000000, -0.000000000000000000 ) ) ;
#3956 = CARTESIAN_POINT ( 'NONE',  ( -0.3199999999999996181, 0.000000000000000000, 0.9350000000000002753 ) ) ;
#3957 = LINE ( 'NONE', #2378, #2304 ) ;
#3958 = ORIENTED_EDGE ( 'NONE', *, *, #9558, .T. ) ;
#3959 = CARTESIAN_POINT ( 'NONE',  ( -0.3750000000000037748, 0.06999999999999975686, -0.1999999999999998723 ) ) ;
#3960 = ORIENTED_EDGE ( 'NONE', *, *, #4927, .F. ) ;
#3961 = CIRCLE ( 'NONE', #9595, 0.02000000000000005246 ) ;
#3962 = EDGE_CURVE ( 'NONE', #8869, #6677, #5667, .T. ) ;
#3963 = DIRECTION ( 'NONE',  ( -0.000000000000000000, -0.000000000000000000, 1.000000000000000000 ) ) ;
#3964 = DIRECTION ( 'NONE',  ( 0.000000000000000000, -1.000000000000000000, 0.000000000000000000 ) ) ;
#3965 = CARTESIAN_POINT ( 'NONE',  ( -0.02500000000000006384, 0.1199999999999999956, -1.000000000000000222 ) ) ;
#3966 = DIRECTION ( 'NONE',  ( -1.000000000000000000, 0.000000000000000000, 0.000000000000000000 ) ) ;
#3968 = VERTEX_POINT ( 'NONE', #6507 ) ;
#3967 = VECTOR ( 'NONE', #9154, 1000.000000000000000 ) ;
#3969 = DIRECTION ( 'NONE',  ( 1.000000000000000000, 0.000000000000000000, -0.000000000000000000 ) ) ;
#3970 = ORIENTED_EDGE ( 'NONE', *, *, #430, .T. ) ;
#3971 = ORIENTED_EDGE ( 'NONE', *, *, #1741, .F. ) ;
#3972 = SURFACE_STYLE_FILL_AREA ( #2447 ) ;
#3973 = DIRECTION ( 'NONE',  ( -0.000000000000000000, -1.000000000000000000, -0.000000000000000000 ) ) ;
#3974 = DIRECTION ( 'NONE',  ( 0.000000000000000000, 1.000000000000000000, 0.000000000000000000 ) ) ;
#3975 = LINE ( 'NONE', #7051, #1908 ) ;
#3976 = CARTESIAN_POINT ( 'NONE',  ( 0.4250000000000039302, 0.1199999999999999956, -1.000000000000000222 ) ) ;
#3977 = ORIENTED_EDGE ( 'NONE', *, *, #9161, .T. ) ;
#3978 = LINE ( 'NONE', #7055, #9832 ) ;
#3979 = CARTESIAN_POINT ( 'NONE',  ( -0.4250000000000039302, 0.06999999999999986788, 0.2500000000000004441 ) ) ;
#3980 = DIRECTION ( 'NONE',  ( 0.000000000000000000, 1.000000000000000000, 0.000000000000000000 ) ) ;
#3981 = AXIS2_PLACEMENT_3D ( 'NONE', #7111, #193, #4839 ) ;
#3982 = FACE_OUTER_BOUND ( 'NONE', #4035, .T. ) ;
#3983 = VECTOR ( 'NONE', #8643, 1000.000000000000000 ) ;
#3984 = CARTESIAN_POINT ( 'NONE',  ( 0.7549999999999903455, 0.05000000000000012768, 0.1450000000000001565 ) ) ;
#3985 = SURFACE_STYLE_USAGE ( .BOTH. , #896 ) ;
#3986 = CARTESIAN_POINT ( 'NONE',  ( 0.4250000000000039302, 0.1199999999999999956, 0.7000000000000005107 ) ) ;
#3987 = ORIENTED_EDGE ( 'NONE', *, *, #3079, .F. ) ;
#3988 = ORIENTED_EDGE ( 'NONE', *, *, #3531, .T. ) ;
#3989 = AXIS2_PLACEMENT_3D ( 'NONE', #6222, #2373, #9954 ) ;
#3990 = EDGE_CURVE ( 'NONE', #1536, #8586, #3472, .T. ) ;
#3991 = EDGE_CURVE ( 'NONE', #9779, #2223, #3158, .T. ) ;
#3992 = EDGE_CURVE ( 'NONE', #8283, #6855, #6816, .T. ) ;
#3993 = DIRECTION ( 'NONE',  ( 1.000000000000000000, 0.000000000000000000, 0.000000000000000000 ) ) ;
#3995 = AXIS2_PLACEMENT_3D ( 'NONE', #6014, #3701, #602 ) ;
#3994 = DIRECTION ( 'NONE',  ( 0.000000000000000000, 0.000000000000000000, -1.000000000000000000 ) ) ;
#3996 = VERTEX_POINT ( 'NONE', #4337 ) ;
#3997 = LINE ( 'NONE', #6367, #95 ) ;
#3998 = DIRECTION ( 'NONE',  ( -1.000000000000000000, 0.000000000000000000, 0.000000000000000000 ) ) ;
#3999 = DIRECTION ( 'NONE',  ( 0.000000000000000000, 1.000000000000000000, -0.000000000000000000 ) ) ;
#4000 = VERTEX_POINT ( 'NONE', #8194 ) ;
#4001 = DIRECTION ( 'NONE',  ( 0.000000000000000000, 1.000000000000000000, 0.000000000000000000 ) ) ;
#4002 = ORIENTED_EDGE ( 'NONE', *, *, #405, .F. ) ;
#4003 = ORIENTED_EDGE ( 'NONE', *, *, #9906, .F. ) ;
#4004 = AXIS2_PLACEMENT_3D ( 'NONE', #5954, #2112, #489 ) ;
#4005 = CARTESIAN_POINT ( 'NONE',  ( -0.9999999999999997780, 0.05000000000000012768, 0.9999999999999997780 ) ) ;
#4006 = FACE_OUTER_BOUND ( 'NONE', #2267, .T. ) ;
#4007 = CARTESIAN_POINT ( 'NONE',  ( 1.000000000000000222, 0.1199999999999999956, 0.7000000000000005107 ) ) ;
#4008 = CIRCLE ( 'NONE', #5305, 0.1000000000000001582 ) ;
#4009 = VECTOR ( 'NONE', #2847, 1000.000000000000000 ) ;
#4010 = CARTESIAN_POINT ( 'NONE',  ( 1.000000000000000222, 0.06999999999999975686, 0.6500000000000003553 ) ) ;
#4011 = VERTEX_POINT ( 'NONE', #2824 ) ;
#4012 = FACE_OUTER_BOUND ( 'NONE', #2682, .T. ) ;
#4013 = ORIENTED_EDGE ( 'NONE', *, *, #7262, .F. ) ;
#4014 = ORIENTED_EDGE ( 'NONE', *, *, #842, .T. ) ;
#4015 = ORIENTED_EDGE ( 'NONE', *, *, #6692, .T. ) ;
#4016 = ORIENTED_EDGE ( 'NONE', *, *, #3821, .F. ) ;
#4017 = AXIS2_PLACEMENT_3D ( 'NONE', #3145, #7791, #4558 ) ;
#4018 = VECTOR ( 'NONE', #8656, 1000.000000000000000 ) ;
#4019 = DIRECTION ( 'NONE',  ( -0.000000000000000000, 1.000000000000000000, -0.000000000000000000 ) ) ;
#4020 = FACE_BOUND ( 'NONE', #627, .T. ) ;
#4021 = CARTESIAN_POINT ( 'NONE',  ( -0.07999999999999993228, 0.05000000000000012768, -0.7549999999999997824 ) ) ;
#4022 = VERTEX_POINT ( 'NONE', #9795 ) ;
#4023 = EDGE_LOOP ( 'NONE', ( #382, #2926, #4251, #2251 ) ) ;
#4024 = DIRECTION ( 'NONE',  ( -0.000000000000000000, 1.000000000000000000, -0.000000000000000000 ) ) ;
#4025 = VECTOR ( 'NONE', #3538, 1000.000000000000000 ) ;
#4026 = DIRECTION ( 'NONE',  ( -1.161645184805899918E-15, -0.000000000000000000, -1.000000000000000000 ) ) ;
#4027 = ADVANCED_FACE ( 'NONE', ( #1455 ), #5861, .F. ) ;
#4028 = FACE_OUTER_BOUND ( 'NONE', #2348, .T. ) ;
#4029 = AXIS2_PLACEMENT_3D ( 'NONE', #6356, #7161, #9536 ) ;
#4030 = ORIENTED_EDGE ( 'NONE', *, *, #7205, .F. ) ;
#4031 = CARTESIAN_POINT ( 'NONE',  ( 0.9349999999999903944, 0.05000000000000012768, 0.1450000000000001565 ) ) ;
#4032 = VECTOR ( 'NONE', #9886, 1000.000000000000000 ) ;
#4033 = CARTESIAN_POINT ( 'NONE',  ( 0.9149999999999999245, 0.05000000000000012768, -0.7749999999999999112 ) ) ;
#4034 = PRESENTATION_STYLE_ASSIGNMENT (( #2418 ) ) ;
#4035 = EDGE_LOOP ( 'NONE', ( #2518, #8983, #5114, #158 ) ) ;
#4036 = LINE ( 'NONE', #7338, #4278 ) ;
#4037 = CARTESIAN_POINT ( 'NONE',  ( -0.4800000000000002043, 0.05000000000000012768, 0.4800000000000000377 ) ) ;
#4038 = VERTEX_POINT ( 'NONE', #494 ) ;
#4039 = EDGE_CURVE ( 'NONE', #105, #647, #3641, .T. ) ;
#4040 = UNCERTAINTY_MEASURE_WITH_UNIT (LENGTH_MEASURE( 1.000000000000000082E-05 ), #975, 'distance_accuracy_value', 'NONE');
#4041 = CLOSED_SHELL ( 'NONE', ( #228, #8350, #4737, #4475, #9488, #2667, #1160, #770, #3753, #2403 ) ) ;
#4042 = CARTESIAN_POINT ( 'NONE',  ( -0.3750000000000037748, 0.06999999999999986788, -0.7000000000000000666 ) ) ;
#4043 = DIRECTION ( 'NONE',  ( 1.000000000000000000, 0.000000000000000000, -0.000000000000000000 ) ) ;
#4044 = DIRECTION ( 'NONE',  ( 0.000000000000000000, -0.000000000000000000, 1.000000000000000000 ) ) ;
#4045 = FACE_OUTER_BOUND ( 'NONE', #8193, .T. ) ;
#4046 = EDGE_LOOP ( 'NONE', ( #5325, #4071, #5251, #1627 ) ) ;
#4047 = CARTESIAN_POINT ( 'NONE',  ( 0.9149999999999999245, 0.05000000000000012768, -0.7749999999999999112 ) ) ;
#4048 = EDGE_CURVE ( 'NONE', #463, #1625, #655, .T. ) ;
#4049 = EDGE_CURVE ( 'NONE', #271, #4186, #7421, .T. ) ;
#4050 = EDGE_LOOP ( 'NONE', ( #5316, #6370, #7097, #3444 ) ) ;
#4051 = EDGE_LOOP ( 'NONE', ( #3126, #848, #2354, #7081 ) ) ;
#4052 = CARTESIAN_POINT ( 'NONE',  ( -0.9149999999999905986, 0.05000000000000012768, 0.3049999999999999378 ) ) ;
#4053 = LINE ( 'NONE', #5570, #6756 ) ;
#4054 = DIRECTION ( 'NONE',  ( 0.000000000000000000, 1.000000000000000000, 0.000000000000000000 ) ) ;
#4055 = AXIS2_PLACEMENT_3D ( 'NONE', #5897, #5715, #3576 ) ;
#4056 = FACE_OUTER_BOUND ( 'NONE', #9339, .T. ) ;
#4057 = ORIENTED_EDGE ( 'NONE', *, *, #5126, .T. ) ;
#4059 = ADVANCED_FACE ( 'NONE', ( #8401 ), #7625, .F. ) ;
#4058 = CARTESIAN_POINT ( 'NONE',  ( 0.08000000000000043188, 0.05000000000000012768, 0.7550000000000000044 ) ) ;
#4060 = SURFACE_STYLE_FILL_AREA ( #3254 ) ;
#4061 = ORIENTED_EDGE ( 'NONE', *, *, #1926, .F. ) ;
#4062 = VERTEX_POINT ( 'NONE', #8300 ) ;
#4063 = ORIENTED_EDGE ( 'NONE', *, *, #6132, .T. ) ;
#4064 = ORIENTED_EDGE ( 'NONE', *, *, #4917, .F. ) ;
#4065 = DIRECTION ( 'NONE',  ( 0.000000000000000000, 0.000000000000000000, -1.000000000000000000 ) ) ;
#4066 = VECTOR ( 'NONE', #6748, 1000.000000000000000 ) ;
#4067 = ADVANCED_FACE ( 'NONE', ( #9051 ), #5252, .F. ) ;
#4068 = CARTESIAN_POINT ( 'NONE',  ( -0.9999999999999997780, 0.1199999999999999956, -0.7000000000000000666 ) ) ;
#4069 = DIRECTION ( 'NONE',  ( -0.000000000000000000, -1.000000000000000000, -0.000000000000000000 ) ) ;
#4070 = PLANE ( 'NONE',  #3111 ) ;
#4071 = ORIENTED_EDGE ( 'NONE', *, *, #2505, .F. ) ;
#4072 = VECTOR ( 'NONE', #724, 1000.000000000000000 ) ;
#4074 = VECTOR ( 'NONE', #5955, 1000.000000000000000 ) ;
#4073 = FACE_OUTER_BOUND ( 'NONE', #359, .T. ) ;
#4075 = CARTESIAN_POINT ( 'NONE',  ( -0.4800000000000080869, 0.05000000000000012768, -0.7549999999999948974 ) ) ;
#4076 = PLANE ( 'NONE',  #8113 ) ;
#4077 = ORIENTED_EDGE ( 'NONE', *, *, #7570, .T. ) ;
#4078 = CARTESIAN_POINT ( 'NONE',  ( 1.000000000000000222, 0.06999999999999975686, -0.1999999999999998723 ) ) ;
#4079 = AXIS2_PLACEMENT_3D ( 'NONE', #7327, #2838, #7430 ) ;
#4080 = VECTOR ( 'NONE', #1341, 1000.000000000000000 ) ;
#4081 = EDGE_CURVE ( 'NONE', #4405, #6373, #6011, .T. ) ;
#4082 = CARTESIAN_POINT ( 'NONE',  ( 0.3750000000000037748, 0.1199999999999999956, -0.2500000000000000000 ) ) ;
#4083 = DIRECTION ( 'NONE',  ( 0.000000000000000000, 0.000000000000000000, -1.000000000000000000 ) ) ;
#4084 = ORIENTED_EDGE ( 'NONE', *, *, #2630, .F. ) ;
#4085 = FACE_OUTER_BOUND ( 'NONE', #2942, .T. ) ;
#4086 = LINE ( 'NONE', #8835, #1769 ) ;
#4087 = ORIENTED_EDGE ( 'NONE', *, *, #7605, .T. ) ;
#4088 = ORIENTED_EDGE ( 'NONE', *, *, #6132, .F. ) ;
#4089 = ORIENTED_EDGE ( 'NONE', *, *, #9085, .T. ) ;
#4090 = DIRECTION ( 'NONE',  ( -0.000000000000000000, -0.000000000000000000, 1.000000000000000000 ) ) ;
#4091 = EDGE_CURVE ( 'NONE', #9693, #8147, #6649, .T. ) ;
#4092 = VECTOR ( 'NONE', #1680, 1000.000000000000000 ) ;
#4093 = LINE ( 'NONE', #4233, #3841 ) ;
#4094 = DIRECTION ( 'NONE',  ( -0.000000000000000000, -1.000000000000000000, -0.000000000000000000 ) ) ;
#4095 = ORIENTED_EDGE ( 'NONE', *, *, #9138, .F. ) ;
#4096 = LINE ( 'NONE', #448, #8499 ) ;
#4097 = DIRECTION ( 'NONE',  ( 0.000000000000000000, 0.000000000000000000, -1.000000000000000000 ) ) ;
#4098 = CARTESIAN_POINT ( 'NONE',  ( 0.3000000000000005440, 0.05000000000000012768, 0.9149999999999997025 ) ) ;
#4099 = VERTEX_POINT ( 'NONE', #9741 ) ;
#4100 = LINE ( 'NONE', #4148, #6314 ) ;
#4101 = ORIENTED_EDGE ( 'NONE', *, *, #3004, .T. ) ;
#4102 = VERTEX_POINT ( 'NONE', #2168 ) ;
#4103 = CARTESIAN_POINT ( 'NONE',  ( 0.02500000000000006384, 0.1199999999999999956, -0.2500000000000000000 ) ) ;
#4104 = EDGE_CURVE ( 'NONE', #6325, #3061, #5907, .T. ) ;
#4105 = EDGE_CURVE ( 'NONE', #4412, #6013, #9895, .T. ) ;
#4106 = LINE ( 'NONE', #3301, #5143 ) ;
#4107 = DIRECTION ( 'NONE',  ( -1.000000000000000000, 0.000000000000000000, -0.000000000000000000 ) ) ;
#4108 = DIRECTION ( 'NONE',  ( -1.000000000000000000, 0.000000000000000000, -0.000000000000000000 ) ) ;
#4109 = ORIENTED_EDGE ( 'NONE', *, *, #7816, .T. ) ;
#4110 = FACE_OUTER_BOUND ( 'NONE', #1726, .T. ) ;
#4111 = DIRECTION ( 'NONE',  ( -0.000000000000000000, 1.000000000000000000, -0.000000000000000000 ) ) ;
#4112 = ORIENTED_EDGE ( 'NONE', *, *, #298, .T. ) ;
#4113 = ORIENTED_EDGE ( 'NONE', *, *, #8384, .T. ) ;
#4114 = CIRCLE ( 'NONE', #3463, 0.02000000000000633910 ) ;
#4115 = EDGE_LOOP ( 'NONE', ( #3122, #5286, #6997, #273 ) ) ;
#4116 = EDGE_CURVE ( 'NONE', #5231, #2423, #4387, .T. ) ;
#4117 = ADVANCED_FACE ( 'NONE', ( #7469 ), #2984, .F. ) ;
#4118 = EDGE_CURVE ( 'NONE', #5848, #9426, #2119, .T. ) ;
#4120 = VECTOR ( 'NONE', #6548, 1000.000000000000000 ) ;
#4119 = FACE_OUTER_BOUND ( 'NONE', #5778, .T. ) ;
#4121 = CARTESIAN_POINT ( 'NONE',  ( -0.02500000000000006384, 0.1199999999999999956, -0.6500000000000000222 ) ) ;
#4122 = LINE ( 'NONE', #4213, #529 ) ;
#4123 = ORIENTED_EDGE ( 'NONE', *, *, #9098, .F. ) ;
#4124 = FACE_OUTER_BOUND ( 'NONE', #345, .T. ) ;
#4125 = CARTESIAN_POINT ( 'NONE',  ( 0.4250000000000039302, 0.06999999999999975686, 0.7000000000000005107 ) ) ;
#4126 = EDGE_CURVE ( 'NONE', #7807, #6419, #6762, .T. ) ;
#4127 = ORIENTED_EDGE ( 'NONE', *, *, #5923, .F. ) ;
#4128 = AXIS2_PLACEMENT_3D ( 'NONE', #4844, #198, #8221 ) ;
#4129 = DIRECTION ( 'NONE',  ( 0.000000000000000000, 1.000000000000000000, -0.000000000000000000 ) ) ;
#4130 = LINE ( 'NONE', #4936, #4834 ) ;
#4131 = VECTOR ( 'NONE', #8472, 1000.000000000000000 ) ;
#4132 = DIRECTION ( 'NONE',  ( 0.000000000000000000, 0.000000000000000000, 1.000000000000000000 ) ) ;
#4133 = EDGE_LOOP ( 'NONE', ( #8315, #7309, #6043, #4275 ) ) ;
#4134 = CARTESIAN_POINT ( 'NONE',  ( 0.3750000000000037748, 0.1199999999999999956, -0.2500000000000000000 ) ) ;
#4135 = EDGE_LOOP ( 'NONE', ( #1203, #5875, #962, #4325 ) ) ;
#4136 = EDGE_CURVE ( 'NONE', #7759, #5231, #802, .T. ) ;
#4137 = VERTEX_POINT ( 'NONE', #1555 ) ;
#4138 = EDGE_LOOP ( 'NONE', ( #875, #106, #4719, #7118 ) ) ;
#4139 = EDGE_CURVE ( 'NONE', #7406, #1951, #5453, .T. ) ;
#4140 = VECTOR ( 'NONE', #4747, 1000.000000000000000 ) ;
#4141 = CARTESIAN_POINT ( 'NONE',  ( 0.5000000000000000000, 0.05000000000000012768, -0.9149999999999997025 ) ) ;
#4142 = CARTESIAN_POINT ( 'NONE',  ( -0.9999999999999997780, 0.06999999999999975686, -0.6500000000000000222 ) ) ;
#4143 = CARTESIAN_POINT ( 'NONE',  ( -0.8249999999999997335, 0.5799999999999998490, -0.9250000000000002665 ) ) ;
#4144 = DIRECTION ( 'NONE',  ( -1.000000000000000000, 0.000000000000000000, 0.000000000000000000 ) ) ;
#4145 = DIRECTION ( 'NONE',  ( -1.000000000000000000, 0.000000000000000000, 0.000000000000000000 ) ) ;
#4147 = ORIENTED_EDGE ( 'NONE', *, *, #2735, .T. ) ;
#4146 =( GEOMETRIC_REPRESENTATION_CONTEXT ( 3 ) GLOBAL_UNCERTAINTY_ASSIGNED_CONTEXT ( ( #6870 ) ) GLOBAL_UNIT_ASSIGNED_CONTEXT ( ( #2992, #2687, #8112 ) ) REPRESENTATION_CONTEXT ( 'NONE', 'WORKASPACE' ) );
#4148 = CARTESIAN_POINT ( 'NONE',  ( -0.9149999999999952616, 0.000000000000000000, -0.3250000000000000666 ) ) ;
#4149 = EDGE_LOOP ( 'NONE', ( #3620, #8409, #1459, #8305 ) ) ;
#4151 = EDGE_CURVE ( 'NONE', #9568, #3522, #4742, .T. ) ;
#4150 = ORIENTED_EDGE ( 'NONE', *, *, #952, .T. ) ;
#4152 = VECTOR ( 'NONE', #3387, 1000.000000000000000 ) ;
#4153 = LINE ( 'NONE', #4956, #6126 ) ;
#4154 = CARTESIAN_POINT ( 'NONE',  ( -0.9350000000000000533, 0.05000000000000012768, -0.7549999999999998934 ) ) ;
#4155 = CYLINDRICAL_SURFACE ( 'NONE', #5024, 0.01999999999999690914 ) ;
#4156 = ORIENTED_EDGE ( 'NONE', *, *, #9200, .T. ) ;
#4157 = PLANE ( 'NONE',  #9069 ) ;
#4158 = EDGE_LOOP ( 'NONE', ( #9835, #9260, #7905, #6078 ) ) ;
#4159 = ORIENTED_EDGE ( 'NONE', *, *, #1451, .F. ) ;
#4160 = AXIS2_PLACEMENT_3D ( 'NONE', #5797, #2051, #5082 ) ;
#4161 = ADVANCED_FACE ( 'NONE', ( #8452 ), #56, .T. ) ;
#4162 = ORIENTED_EDGE ( 'NONE', *, *, #3331, .F. ) ;
#4163 = VECTOR ( 'NONE', #1904, 1000.000000000000000 ) ;
#4164 = VECTOR ( 'NONE', #9334, 1000.000000000000000 ) ;
#4165 = CARTESIAN_POINT ( 'NONE',  ( 0.7750000000000001332, 0.05000000000000012768, -0.7549999999999997824 ) ) ;
#4166 = CYLINDRICAL_SURFACE ( 'NONE', #8778, 0.02000000000000005246 ) ;
#4167 = ORIENTED_EDGE ( 'NONE', *, *, #4736, .T. ) ;
#4168 = LINE ( 'NONE', #8023, #3545 ) ;
#4169 = LINE ( 'NONE', #7250, #1655 ) ;
#4170 = DIRECTION ( 'NONE',  ( 0.000000000000000000, 0.000000000000000000, -1.000000000000000000 ) ) ;
#4171 = EDGE_CURVE ( 'NONE', #224, #7023, #1608, .T. ) ;
#4172 = EDGE_CURVE ( 'NONE', #976, #2174, #5502, .T. ) ;
#4173 = EDGE_CURVE ( 'NONE', #8299, #7031, #9945, .T. ) ;
#4174 = ORIENTED_EDGE ( 'NONE', *, *, #769, .T. ) ;
#4175 = AXIS2_PLACEMENT_3D ( 'NONE', #6549, #6415, #7998 ) ;
#4176 = VECTOR ( 'NONE', #7648, 1000.000000000000000 ) ;
#4177 = LINE ( 'NONE', #5597, #60 ) ;
#4178 = CARTESIAN_POINT ( 'NONE',  ( -0.9999999999999997780, 0.1199999999999999956, -0.1999999999999998723 ) ) ;
#4179 = CARTESIAN_POINT ( 'NONE',  ( 0.4250000000000039302, 0.06999999999999985401, -0.6500000000000000222 ) ) ;
#4180 = AXIS2_PLACEMENT_3D ( 'NONE', #4376, #5134, #3470 ) ;
#4182 = VECTOR ( 'NONE', #254, 1000.000000000000000 ) ;
#4181 = CARTESIAN_POINT ( 'NONE',  ( 0.9149999999999853806, 0.000000000000000000, 0.5750000000000003997 ) ) ;
#4183 = PRESENTATION_STYLE_ASSIGNMENT (( #8033 ) ) ;
#4184 = ORIENTED_EDGE ( 'NONE', *, *, #7476, .F. ) ;
#4185 = DIRECTION ( 'NONE',  ( 0.000000000000000000, 1.000000000000000000, 0.000000000000000000 ) ) ;
#4186 = VERTEX_POINT ( 'NONE', #7730 ) ;
#4187 = EDGE_CURVE ( 'NONE', #9506, #4405, #2468, .T. ) ;
#4188 = VECTOR ( 'NONE', #8636, 1000.000000000000000 ) ;
#4189 = EDGE_CURVE ( 'NONE', #6430, #3630, #3034, .T. ) ;
#4190 = DIRECTION ( 'NONE',  ( 0.000000000000000000, 0.000000000000000000, -1.000000000000000000 ) ) ;
#4191 = CARTESIAN_POINT ( 'NONE',  ( -0.9149999999999999245, 0.05000000000000012768, -0.5749999999999999556 ) ) ;
#4192 = LINE ( 'NONE', #1821, #1321 ) ;
#4193 = DIRECTION ( 'NONE',  ( -0.000000000000000000, 1.000000000000000000, -0.000000000000000000 ) ) ;
#4194 = LINE ( 'NONE', #308, #7233 ) ;
#4195 = DIRECTION ( 'NONE',  ( -1.000000000000000000, 0.000000000000000000, 0.000000000000000000 ) ) ;
#4196 = EDGE_LOOP ( 'NONE', ( #6360, #3088, #7153, #1792 ) ) ;
#4197 = ORIENTED_EDGE ( 'NONE', *, *, #8693, .T. ) ;
#4198 = DIRECTION ( 'NONE',  ( -0.000000000000000000, -1.000000000000000000, -0.000000000000000000 ) ) ;
#4199 = EDGE_CURVE ( 'NONE', #9184, #1429, #3084, .T. ) ;
#4200 = DIRECTION ( 'NONE',  ( 0.000000000000000000, 0.000000000000000000, -1.000000000000000000 ) ) ;
#4201 = LINE ( 'NONE', #3251, #4556 ) ;
#4202 = EDGE_LOOP ( 'NONE', ( #7322, #2695, #3665, #2943 ) ) ;
#4203 = LINE ( 'NONE', #367, #8424 ) ;
#4204 = EDGE_LOOP ( 'NONE', ( #2756, #3716, #4772, #8276 ) ) ;
#4205 = VERTEX_POINT ( 'NONE', #8602 ) ;
#4206 = ORIENTED_EDGE ( 'NONE', *, *, #2833, .T. ) ;
#4207 = LINE ( 'NONE', #5172, #3657 ) ;
#4208 = CARTESIAN_POINT ( 'NONE',  ( -0.9149999999999858247, 0.000000000000000000, 0.5950000000000000844 ) ) ;
#4209 = AXIS2_PLACEMENT_3D ( 'NONE', #6193, #5483, #7141 ) ;
#4210 = DIRECTION ( 'NONE',  ( 0.000000000000000000, 1.000000000000000000, 0.000000000000000000 ) ) ;
#4211 = EDGE_CURVE ( 'NONE', #3898, #1923, #6168, .T. ) ;
#4212 = CYLINDRICAL_SURFACE ( 'NONE', #9285, 0.02000000000000005246 ) ;
#4213 = CARTESIAN_POINT ( 'NONE',  ( -0.02500000000000006384, 0.1199999999999999956, 0.6500000000000003553 ) ) ;
#4214 = ORIENTED_EDGE ( 'NONE', *, *, #1472, .F. ) ;
#4215 = LINE ( 'NONE', #3509, #8242 ) ;
#4216 = FACE_OUTER_BOUND ( 'NONE', #7904, .T. ) ;
#4217 = DIRECTION ( 'NONE',  ( -0.000000000000000000, -0.000000000000000000, -1.000000000000000000 ) ) ;
#4218 = EDGE_CURVE ( 'NONE', #2371, #7748, #750, .T. ) ;
#4219 = EDGE_CURVE ( 'NONE', #2911, #4137, #6967, .T. ) ;
#4220 = LINE ( 'NONE', #4371, #5582 ) ;
#4221 = AXIS2_PLACEMENT_3D ( 'NONE', #2605, #5076, #1992 ) ;
#4222 = PLANE ( 'NONE',  #7725 ) ;
#4223 = ORIENTED_EDGE ( 'NONE', *, *, #3631, .F. ) ;
#4224 = PLANE ( 'NONE',  #9511 ) ;
#4225 = VERTEX_POINT ( 'NONE', #898 ) ;
#4226 = ORIENTED_EDGE ( 'NONE', *, *, #3331, .T. ) ;
#4227 = AXIS2_PLACEMENT_3D ( 'NONE', #4098, #7077, #5669 ) ;
#4228 = VECTOR ( 'NONE', #2309, 1000.000000000000000 ) ;
#4229 = CARTESIAN_POINT ( 'NONE',  ( -0.9349999999999858424, 0.000000000000000000, 0.7550000000000000044 ) ) ;
#4230 = EDGE_CURVE ( 'NONE', #6498, #9684, #4694, .T. ) ;
#4231 = LINE ( 'NONE', #5094, #4811 ) ;
#4232 = EDGE_CURVE ( 'NONE', #4497, #8002, #3178, .T. ) ;
#4233 = CARTESIAN_POINT ( 'NONE',  ( 0.3750000000000037748, 0.1199999999999999956, -1.000000000000000222 ) ) ;
#4234 = CARTESIAN_POINT ( 'NONE',  ( -0.9149999999999858247, 0.05000000000000012768, 0.5950000000000000844 ) ) ;
#4235 = CARTESIAN_POINT ( 'NONE',  ( -0.07999999999999958533, 0.05000000000000012768, 0.7750000000000001332 ) ) ;
#4236 = VERTEX_POINT ( 'NONE', #9208 ) ;
#4237 = DIRECTION ( 'NONE',  ( -1.161645184805899918E-15, -0.000000000000000000, -1.000000000000000000 ) ) ;
#4238 = PRESENTATION_LAYER_ASSIGNMENT (  '', '', ( #3274 ) ) ;
#4239 = CARTESIAN_POINT ( 'NONE',  ( -0.3750000000000037748, 0.06999999999999975686, 0.6500000000000003553 ) ) ;
#4240 = DIRECTION ( 'NONE',  ( 0.000000000000000000, 0.000000000000000000, 1.000000000000000000 ) ) ;
#4241 = ORIENTED_EDGE ( 'NONE', *, *, #9939, .T. ) ;
#4242 = CARTESIAN_POINT ( 'NONE',  ( -0.4250000000000039302, 0.06999999999999975686, -0.7000000000000000666 ) ) ;
#4243 = ORIENTED_EDGE ( 'NONE', *, *, #5588, .F. ) ;
#4244 = ADVANCED_FACE ( 'NONE', ( #7873 ), #5362, .F. ) ;
#4245 =( GEOMETRIC_REPRESENTATION_CONTEXT ( 3 ) GLOBAL_UNCERTAINTY_ASSIGNED_CONTEXT ( ( #9493 ) ) GLOBAL_UNIT_ASSIGNED_CONTEXT ( ( #6585, #1173, #5752 ) ) REPRESENTATION_CONTEXT ( 'NONE', 'WORKASPACE' ) );
#4246 = PLANE ( 'NONE',  #2895 ) ;
#4247 = CARTESIAN_POINT ( 'NONE',  ( 0.9149999999999853806, 0.05000000000000012768, 0.5950000000000005285 ) ) ;
#4248 = DIRECTION ( 'NONE',  ( 0.000000000000000000, 1.000000000000000000, 0.000000000000000000 ) ) ;
#4249 = EDGE_LOOP ( 'NONE', ( #5391, #5485, #6657, #5140 ) ) ;
#4250 = FACE_OUTER_BOUND ( 'NONE', #3933, .T. ) ;
#4251 = ORIENTED_EDGE ( 'NONE', *, *, #2314, .F. ) ;
#4252 = ORIENTED_EDGE ( 'NONE', *, *, #5553, .T. ) ;
#4253 = EDGE_CURVE ( 'NONE', #8518, #1258, #4361, .T. ) ;
#4254 = DIRECTION ( 'NONE',  ( -0.000000000000000000, -0.000000000000000000, 1.000000000000000000 ) ) ;
#4255 = LINE ( 'NONE', #9711, #5234 ) ;
#4256 = FACE_BOUND ( 'NONE', #654, .T. ) ;
#4259 = VERTEX_POINT ( 'NONE', #6403 ) ;
#4258 = AXIS2_PLACEMENT_3D ( 'NONE', #7713, #6800, #8434 ) ;
#4257 = CARTESIAN_POINT ( 'NONE',  ( -0.9999999999999997780, -2.828427124746189847, -1.000000000000000222 ) ) ;
#4260 = ORIENTED_EDGE ( 'NONE', *, *, #7370, .F. ) ;
#4261 = DIRECTION ( 'NONE',  ( 1.000000000000000000, 0.000000000000000000, 0.000000000000000000 ) ) ;
#4262 = FACE_OUTER_BOUND ( 'NONE', #9575, .T. ) ;
#4263 = DIRECTION ( 'NONE',  ( -0.000000000000000000, -1.000000000000000000, -0.000000000000000000 ) ) ;
#4264 = ADVANCED_FACE ( 'NONE', ( #8912 ), #8119, .F. ) ;
#4265 = CARTESIAN_POINT ( 'NONE',  ( 0.3750000000000037748, 0.06999999999999975686, -0.2500000000000000000 ) ) ;
#4266 = AXIS2_PLACEMENT_3D ( 'NONE', #2906, #5984, #9075 ) ;
#4267 = LINE ( 'NONE', #1948, #1198 ) ;
#4268 = LINE ( 'NONE', #1950, #7882 ) ;
#4269 = CARTESIAN_POINT ( 'NONE',  ( -0.9999999999999997780, 0.1199999999999999956, -0.6500000000000000222 ) ) ;
#4270 = VERTEX_POINT ( 'NONE', #997 ) ;
#4271 = ORIENTED_EDGE ( 'NONE', *, *, #5033, .T. ) ;
#4272 = CARTESIAN_POINT ( 'NONE',  ( -0.02500000000000006384, 0.1199999999999999956, -0.2500000000000000000 ) ) ;
#4273 = ORIENTED_EDGE ( 'NONE', *, *, #5718, .F. ) ;
#4274 = AXIS2_PLACEMENT_3D ( 'NONE', #6979, #8658, #4043 ) ;
#4275 = ORIENTED_EDGE ( 'NONE', *, *, #3946, .T. ) ;
#4276 = EDGE_CURVE ( 'NONE', #8022, #2423, #4305, .T. ) ;
#4277 = DIRECTION ( 'NONE',  ( 0.000000000000000000, 0.000000000000000000, -1.000000000000000000 ) ) ;
#4278 = VECTOR ( 'NONE', #421, 1000.000000000000000 ) ;
#4279 = DIRECTION ( 'NONE',  ( -0.000000000000000000, -1.000000000000000000, -0.000000000000000000 ) ) ;
#4280 = PLANE ( 'NONE',  #7088 ) ;
#4281 = PLANE ( 'NONE',  #1973 ) ;
#4282 = CARTESIAN_POINT ( 'NONE',  ( -0.3750000000000037748, 0.1199999999999999956, -0.1999999999999998723 ) ) ;
#4283 = CARTESIAN_POINT ( 'NONE',  ( 0.4250000000000039302, 0.1199999999999999956, -0.6500000000000000222 ) ) ;
#4284 = CARTESIAN_POINT ( 'NONE',  ( -0.9999999999999997780, 0.1199999999999999956, -0.2500000000000000000 ) ) ;
#4285 = ORIENTED_EDGE ( 'NONE', *, *, #1891, .F. ) ;
#4286 = EDGE_LOOP ( 'NONE', ( #6859, #5387, #4835, #3307 ) ) ;
#4287 = AXIS2_PLACEMENT_3D ( 'NONE', #4420, #8923, #8230 ) ;
#4288 = EDGE_CURVE ( 'NONE', #2787, #5177, #4036, .T. ) ;
#4289 = ADVANCED_FACE ( 'NONE', ( #470 ), #9487, .F. ) ;
#4290 = EDGE_CURVE ( 'NONE', #100, #439, #6623, .T. ) ;
#4292 = COLOUR_RGB ( '',0.7921568627450980005, 0.8196078431372548767, 0.9333333333333333481 ) ;
#4291 = CARTESIAN_POINT ( 'NONE',  ( 0.3200000000000000067, 0.05000000000000012768, -0.9149999999999998135 ) ) ;
#4293 = CARTESIAN_POINT ( 'NONE',  ( -0.9999999999999997780, 0.1199999999999999956, -0.2500000000000000000 ) ) ;
#4294 = LINE ( 'NONE', #7378, #3594 ) ;
#4295 = ORIENTED_EDGE ( 'NONE', *, *, #9883, .T. ) ;
#4296 = VERTEX_POINT ( 'NONE', #2796 ) ;
#4297 = ORIENTED_EDGE ( 'NONE', *, *, #4104, .F. ) ;
#4298 = VECTOR ( 'NONE', #3, 1000.000000000000000 ) ;
#4299 = CARTESIAN_POINT ( 'NONE',  ( -0.9999999999999997780, 0.1199999999999999956, -0.1999999999999998723 ) ) ;
#4300 = DIRECTION ( 'NONE',  ( 0.000000000000000000, 0.000000000000000000, 1.000000000000000000 ) ) ;
#4301 = CARTESIAN_POINT ( 'NONE',  ( 0.9150000000000000355, 0.05000000000000012768, -0.7549999999999997824 ) ) ;
#4302 = EDGE_CURVE ( 'NONE', #9913, #6849, #895, .T. ) ;
#4303 = VECTOR ( 'NONE', #8066, 1000.000000000000000 ) ;
#4304 = LINE ( 'NONE', #5175, #6328 ) ;
#4306 = ORIENTED_EDGE ( 'NONE', *, *, #527, .T. ) ;
#4305 = LINE ( 'NONE', #2741, #7187 ) ;
#4307 = ORIENTED_EDGE ( 'NONE', *, *, #238, .T. ) ;
#4308 = DIRECTION ( 'NONE',  ( 0.000000000000000000, 1.000000000000000000, 0.000000000000000000 ) ) ;
#4309 = DIRECTION ( 'NONE',  ( 1.000000000000000000, 0.000000000000000000, 0.000000000000000000 ) ) ;
#4310 = VERTEX_POINT ( 'NONE', #6676 ) ;
#4311 = AXIS2_PLACEMENT_3D ( 'NONE', #5146, #1233, #7419 ) ;
#4312 = DIRECTION ( 'NONE',  ( -0.000000000000000000, -1.000000000000000000, -0.000000000000000000 ) ) ;
#4313 = CARTESIAN_POINT ( 'NONE',  ( -0.3200000000000075562, 0.05000000000000012768, 0.7749999999999970246 ) ) ;
#4314 = DIRECTION ( 'NONE',  ( 0.000000000000000000, 0.000000000000000000, -1.000000000000000000 ) ) ;
#4315 = ADVANCED_FACE ( 'NONE', ( #3507 ), #2038, .T. ) ;
#4316 = DIRECTION ( 'NONE',  ( 0.000000000000000000, -1.000000000000000000, 0.000000000000000000 ) ) ;
#4317 = EDGE_CURVE ( 'NONE', #2174, #7023, #6573, .T. ) ;
#4318 =( NAMED_UNIT ( * ) SI_UNIT ( $, .STERADIAN. ) SOLID_ANGLE_UNIT ( ) );
#4319 = VERTEX_POINT ( 'NONE', #245 ) ;
#4320 = VERTEX_POINT ( 'NONE', #9765 ) ;
#4321 = DIRECTION ( 'NONE',  ( 0.000000000000000000, 0.000000000000000000, -1.000000000000000000 ) ) ;
#4322 = AXIS2_PLACEMENT_3D ( 'NONE', #7608, #2921, #1440 ) ;
#4323 = DIRECTION ( 'NONE',  ( 0.000000000000000000, 0.000000000000000000, 1.000000000000000000 ) ) ;
#4325 = ORIENTED_EDGE ( 'NONE', *, *, #6617, .F. ) ;
#4324 = VECTOR ( 'NONE', #4925, 1000.000000000000000 ) ;
#4326 = ORIENTED_EDGE ( 'NONE', *, *, #9750, .T. ) ;
#4327 = ORIENTED_EDGE ( 'NONE', *, *, #3005, .T. ) ;
#4328 = VECTOR ( 'NONE', #2377, 1000.000000000000000 ) ;
#4329 = VECTOR ( 'NONE', #2077, 1000.000000000000000 ) ;
#4330 = FACE_OUTER_BOUND ( 'NONE', #7410, .T. ) ;
#4331 = DIRECTION ( 'NONE',  ( -0.000000000000000000, 1.000000000000000000, -0.000000000000000000 ) ) ;
#4332 = CARTESIAN_POINT ( 'NONE',  ( 0.7750000000000001332, 0.000000000000000000, -0.7549999999999997824 ) ) ;
#4333 = DIRECTION ( 'NONE',  ( -0.000000000000000000, 0.000000000000000000, -1.000000000000000000 ) ) ;
#4334 = EDGE_CURVE ( 'NONE', #3968, #128, #9672, .T. ) ;
#4335 = CARTESIAN_POINT ( 'NONE',  ( 0.5000000000000001110, 0.05000000000000012768, -0.7750000000000000222 ) ) ;
#4336 = ORIENTED_EDGE ( 'NONE', *, *, #1135, .T. ) ;
#4337 = CARTESIAN_POINT ( 'NONE',  ( 0.4999999999999997780, 0.05000000000000012768, 0.4799999999999998712 ) ) ;
#4338 = LINE ( 'NONE', #6652, #317 ) ;
#4340 = ORIENTED_EDGE ( 'NONE', *, *, #9666, .T. ) ;
#4339 = VECTOR ( 'NONE', #8603, 1000.000000000000000 ) ;
#4341 = AXIS2_PLACEMENT_3D ( 'NONE', #2766, #4385, #7314 ) ;
#4342 = VECTOR ( 'NONE', #1320, 1000.000000000000000 ) ;
#4343 = CARTESIAN_POINT ( 'NONE',  ( 0.7749999999999854783, 0.05000000000000012768, 0.5750000000000003997 ) ) ;
#4344 = DIRECTION ( 'NONE',  ( 0.000000000000000000, 1.000000000000000000, 0.000000000000000000 ) ) ;
#4345 = EDGE_CURVE ( 'NONE', #6871, #4429, #6358, .T. ) ;
#4346 = ADVANCED_FACE ( 'NONE', ( #5603, #8698, #7927, #4085 ), #8868, .T. ) ;
#4347 = DIRECTION ( 'NONE',  ( -1.000000000000000000, -0.000000000000000000, -0.000000000000000000 ) ) ;
#4348 = FILL_AREA_STYLE ('',( #6663 ) ) ;
#4349 = DIRECTION ( 'NONE',  ( 0.000000000000000000, 0.000000000000000000, -1.000000000000000000 ) ) ;
#4350 = ORIENTED_EDGE ( 'NONE', *, *, #1113, .T. ) ;
#4351 = CARTESIAN_POINT ( 'NONE',  ( -0.07999999999999939104, 0.05000000000000012768, 0.9150000000000000355 ) ) ;
#4352 = ORIENTED_EDGE ( 'NONE', *, *, #3895, .T. ) ;
#4353 = ORIENTED_EDGE ( 'NONE', *, *, #2370, .F. ) ;
#4354 =( GEOMETRIC_REPRESENTATION_CONTEXT ( 3 ) GLOBAL_UNCERTAINTY_ASSIGNED_CONTEXT ( ( #4040 ) ) GLOBAL_UNIT_ASSIGNED_CONTEXT ( ( #975, #7850, #7042 ) ) REPRESENTATION_CONTEXT ( 'NONE', 'WORKASPACE' ) );
#4355 = CARTESIAN_POINT ( 'NONE',  ( -0.02500000000000006384, 0.06999999999999975686, 0.6500000000000003553 ) ) ;
#4356 = CARTESIAN_POINT ( 'NONE',  ( -0.7549999999999952305, 0.000000000000000000, -0.3050000000000000488 ) ) ;
#4357 = EDGE_CURVE ( 'NONE', #7960, #2501, #6844, .T. ) ;
#4358 = CARTESIAN_POINT ( 'NONE',  ( 0.3750000000000037748, 0.1199999999999999956, 0.9999999999999997780 ) ) ;
#4359 = EDGE_LOOP ( 'NONE', ( #921, #5552, #3256, #6936 ) ) ;
#4360 = CARTESIAN_POINT ( 'NONE',  ( -0.4250000000000039302, 0.06999999999999975686, 0.6500000000000003553 ) ) ;
#4362 = ORIENTED_EDGE ( 'NONE', *, *, #8331, .F. ) ;
#4361 = LINE ( 'NONE', #8171, #4617 ) ;
#4363 = DIRECTION ( 'NONE',  ( 1.000000000000000000, 0.000000000000000000, -0.000000000000000000 ) ) ;
#4364 = DIRECTION ( 'NONE',  ( 0.000000000000000000, 0.000000000000000000, -1.000000000000000000 ) ) ;
#4365 = DIRECTION ( 'NONE',  ( 0.000000000000000000, 1.000000000000000000, -0.000000000000000000 ) ) ;
#4366 = ORIENTED_EDGE ( 'NONE', *, *, #10, .T. ) ;
#4367 = EDGE_CURVE ( 'NONE', #5789, #4712, #8275, .T. ) ;
#4368 = CIRCLE ( 'NONE', #4209, 0.01999999999999999695 ) ;
#4369 = ORIENTED_EDGE ( 'NONE', *, *, #7246, .T. ) ;
#4370 = CARTESIAN_POINT ( 'NONE',  ( -0.9999999999999997780, 0.1199999999999999956, 0.2000000000000002054 ) ) ;
#4371 = CARTESIAN_POINT ( 'NONE',  ( -0.3750000000000037748, 0.06999999999999975686, 0.9999999999999997780 ) ) ;
#4372 = CARTESIAN_POINT ( 'NONE',  ( -0.2999999999999995448, 0.000000000000000000, 0.9150000000000001465 ) ) ;
#4373 = CARTESIAN_POINT ( 'NONE',  ( 0.9349999999999950573, 0.05000000000000012768, -0.1449999999999998512 ) ) ;
#4374 = VERTEX_POINT ( 'NONE', #9922 ) ;
#4375 = VERTEX_POINT ( 'NONE', #3011 ) ;
#4377 = AXIS2_PLACEMENT_3D ( 'NONE', #7943, #2584, #5671 ) ;
#4376 = CARTESIAN_POINT ( 'NONE',  ( -0.4800000000000080869, 0.05000000000000012768, -0.7749999999999952482 ) ) ;
#4378 = LINE ( 'NONE', #4860, #6629 ) ;
#4379 = ORIENTED_EDGE ( 'NONE', *, *, #9068, .T. ) ;
#4380 = ORIENTED_EDGE ( 'NONE', *, *, #6570, .F. ) ;
#4381 = EDGE_CURVE ( 'NONE', #7033, #6552, #6089, .T. ) ;
#4382 = AXIS2_PLACEMENT_3D ( 'NONE', #9341, #8547, #1041 ) ;
#4383 = CARTESIAN_POINT ( 'NONE',  ( -0.9999999999999997780, 0.06999999999999975686, 0.6500000000000003553 ) ) ;
#4384 = DIRECTION ( 'NONE',  ( 1.000000000000000000, -0.000000000000000000, 7.744301232039334431E-16 ) ) ;
#4385 = DIRECTION ( 'NONE',  ( 0.000000000000000000, 1.000000000000000000, -0.000000000000000000 ) ) ;
#4386 = CARTESIAN_POINT ( 'NONE',  ( 0.3750000000000037748, 0.06999999999999975686, 0.2500000000000004441 ) ) ;
#4387 = LINE ( 'NONE', #3747, #1192 ) ;
#4388 = CARTESIAN_POINT ( 'NONE',  ( -0.09999999999999942268, 0.000000000000000000, 0.9149999999999999245 ) ) ;
#4389 = EDGE_LOOP ( 'NONE', ( #2181, #6056, #7503, #1384 ) ) ;
#4390 = CARTESIAN_POINT ( 'NONE',  ( -0.9149999999999858247, 0.000000000000000000, 0.5749999999999999556 ) ) ;
#4391 = VECTOR ( 'NONE', #2539, 1000.000000000000000 ) ;
#4392 = VECTOR ( 'NONE', #5742, 1000.000000000000000 ) ;
#4393 = VERTEX_POINT ( 'NONE', #6038 ) ;
#4394 = EDGE_LOOP ( 'NONE', ( #7340, #6945, #8511, #7808 ) ) ;
#4395 = CARTESIAN_POINT ( 'NONE',  ( -0.3750000000000037748, 0.06999999999999985401, -0.6500000000000000222 ) ) ;
#4396 = VECTOR ( 'NONE', #4195, 1000.000000000000000 ) ;
#4397 = CYLINDRICAL_SURFACE ( 'NONE', #7349, 0.01999999999999999695 ) ;
#4398 = AXIS2_PLACEMENT_3D ( 'NONE', #447, #7420, #3535 ) ;
#4399 = CARTESIAN_POINT ( 'NONE',  ( 0.02500000000000006384, 0.06999999999999975686, 0.6500000000000003553 ) ) ;
#4400 = CARTESIAN_POINT ( 'NONE',  ( -0.9999999999999997780, -2.828427124746189847, 0.9999999999999997780 ) ) ;
#4401 = CARTESIAN_POINT ( 'NONE',  ( -0.4800000000000000933, 0.000000000000000000, 0.5000000000000000000 ) ) ;
#4402 = ORIENTED_EDGE ( 'NONE', *, *, #5168, .F. ) ;
#4403 = LINE ( 'NONE', #9170, #4702 ) ;
#4404 = ORIENTED_EDGE ( 'NONE', *, *, #7046, .F. ) ;
#4405 = VERTEX_POINT ( 'NONE', #6191 ) ;
#4406 = COLOUR_RGB ( '',1.000000000000000000, 1.000000000000000000, 1.000000000000000000 ) ;
#4407 = LINE ( 'NONE', #563, #4661 ) ;
#4408 = FACE_OUTER_BOUND ( 'NONE', #8137, .T. ) ;
#4409 = DIRECTION ( 'NONE',  ( 1.000000000000000000, -0.000000000000000000, -0.000000000000000000 ) ) ;
#4411 = ORIENTED_EDGE ( 'NONE', *, *, #903, .F. ) ;
#4410 = DIRECTION ( 'NONE',  ( -0.000000000000000000, -1.000000000000000000, -0.000000000000000000 ) ) ;
#4412 = VERTEX_POINT ( 'NONE', #3667 ) ;
#4413 = CARTESIAN_POINT ( 'NONE',  ( -0.4250000000000039302, 0.1199999999999999956, -0.2500000000000000000 ) ) ;
#4414 = ORIENTED_EDGE ( 'NONE', *, *, #3936, .F. ) ;
#4415 = EDGE_CURVE ( 'NONE', #5629, #8560, #9279, .T. ) ;
#4416 = EDGE_CURVE ( 'NONE', #6690, #8726, #1370, .T. ) ;
#4417 = EDGE_CURVE ( 'NONE', #541, #9728, #3870, .T. ) ;
#4418 = EDGE_LOOP ( 'NONE', ( #5420, #9273, #9302, #9878 ) ) ;
#4419 = CARTESIAN_POINT ( 'NONE',  ( -0.02500000000000006384, 0.06999999999999975686, 0.2000000000000003164 ) ) ;
#4420 = CARTESIAN_POINT ( 'NONE',  ( -0.9150000000000000355, 0.05000000000000012768, -0.7550000000000000044 ) ) ;
#4421 = CIRCLE ( 'NONE', #233, 0.02000000000000005246 ) ;
#4422 = CARTESIAN_POINT ( 'NONE',  ( 0.4250000000000039302, 0.06999999999999986788, -1.000000000000000222 ) ) ;
#4423 = LINE ( 'NONE', #1171, #6102 ) ;
#4424 = LINE ( 'NONE', #5799, #3372 ) ;
#4425 = ORIENTED_EDGE ( 'NONE', *, *, #7674, .F. ) ;
#4426 = EDGE_LOOP ( 'NONE', ( #251, #1345, #2237, #7765 ) ) ;
#4427 = DIRECTION ( 'NONE',  ( 0.000000000000000000, 1.000000000000000000, 0.000000000000000000 ) ) ;
#4428 = DIRECTION ( 'NONE',  ( -0.000000000000000000, -1.000000000000000000, -0.000000000000000000 ) ) ;
#4429 = VERTEX_POINT ( 'NONE', #7493 ) ;
#4430 = ORIENTED_EDGE ( 'NONE', *, *, #1640, .F. ) ;
#4431 = AXIS2_PLACEMENT_3D ( 'NONE', #6176, #3904, #1515 ) ;
#4432 = CARTESIAN_POINT ( 'NONE',  ( 0.3000000000000000444, 0.05000000000000012768, -0.9149999999999997025 ) ) ;
#4433 = CARTESIAN_POINT ( 'NONE',  ( 1.000000000000000222, 0.1199999999999999956, 0.7000000000000005107 ) ) ;
#4434 = PLANE ( 'NONE',  #9320 ) ;
#4435 = FACE_OUTER_BOUND ( 'NONE', #2153, .T. ) ;
#4436 = VECTOR ( 'NONE', #8996, 1000.000000000000000 ) ;
#4437 = PLANE ( 'NONE',  #5048 ) ;
#4438 = EDGE_LOOP ( 'NONE', ( #7915, #9263, #1883, #5127 ) ) ;
#4439 = CARTESIAN_POINT ( 'NONE',  ( 1.000000000000000222, 0.1199999999999999956, -0.7000000000000000666 ) ) ;
#4440 = EDGE_CURVE ( 'NONE', #1125, #8400, #4521, .T. ) ;
#4441 = CARTESIAN_POINT ( 'NONE',  ( 0.2999999999999999334, 0.05000000000000012768, -0.7750000000000000222 ) ) ;
#4442 = ORIENTED_EDGE ( 'NONE', *, *, #6449, .F. ) ;
#4443 = CARTESIAN_POINT ( 'NONE',  ( -0.02500000000000006384, 0.06999999999999975686, 0.6500000000000003553 ) ) ;
#4444 = VERTEX_POINT ( 'NONE', #6733 ) ;
#4445 = VERTEX_POINT ( 'NONE', #1530 ) ;
#4446 = AXIS2_PLACEMENT_3D ( 'NONE', #2753, #7346, #427 ) ;
#4447 = CARTESIAN_POINT ( 'NONE',  ( 0.3200000000000001177, 0.000000000000000000, -0.9349999999999998312 ) ) ;
#4448 = FACE_OUTER_BOUND ( 'NONE', #9650, .T. ) ;
#4449 = DIRECTION ( 'NONE',  ( 0.000000000000000000, 1.000000000000000000, -0.000000000000000000 ) ) ;
#4450 = ADVANCED_FACE ( 'NONE', ( #2245 ), #1478, .T. ) ;
#4451 = CARTESIAN_POINT ( 'NONE',  ( 0.4800000000000004263, 0.000000000000000000, 0.9149999999999998135 ) ) ;
#4453 = ORIENTED_EDGE ( 'NONE', *, *, #586, .F. ) ;
#4452 = AXIS2_PLACEMENT_3D ( 'NONE', #6799, #3675, #638 ) ;
#4454 = EDGE_CURVE ( 'NONE', #6871, #932, #31, .T. ) ;
#4455 = CARTESIAN_POINT ( 'NONE',  ( -0.7549999999999952305, 0.05000000000000012768, -0.3050000000000000488 ) ) ;
#4456 = ORIENTED_EDGE ( 'NONE', *, *, #8200, .F. ) ;
#4457 = EDGE_LOOP ( 'NONE', ( #1335, #2927, #9834, #1432 ) ) ;
#4458 = DIRECTION ( 'NONE',  ( -0.000000000000000000, 0.000000000000000000, -1.000000000000000000 ) ) ;
#4459 =( GEOMETRIC_REPRESENTATION_CONTEXT ( 3 ) GLOBAL_UNCERTAINTY_ASSIGNED_CONTEXT ( ( #7877 ) ) GLOBAL_UNIT_ASSIGNED_CONTEXT ( ( #9149, #2928, #7414 ) ) REPRESENTATION_CONTEXT ( 'NONE', 'WORKASPACE' ) );
#4460 = CARTESIAN_POINT ( 'NONE',  ( -0.9149999999999905986, 0.05000000000000012768, 0.3250000000000000111 ) ) ;
#4461 = DIRECTION ( 'NONE',  ( -1.161645184805899918E-15, 0.000000000000000000, 1.000000000000000000 ) ) ;
#4462 = FACE_OUTER_BOUND ( 'NONE', #4848, .T. ) ;
#4463 = FACE_OUTER_BOUND ( 'NONE', #4438, .T. ) ;
#4465 = ORIENTED_EDGE ( 'NONE', *, *, #7058, .F. ) ;
#4464 = LINE ( 'NONE', #7545, #9610 ) ;
#4466 = EDGE_CURVE ( 'NONE', #5438, #2991, #4464, .T. ) ;
#4467 = ORIENTED_EDGE ( 'NONE', *, *, #3380, .F. ) ;
#4468 = CARTESIAN_POINT ( 'NONE',  ( -0.9999999999999997780, 0.06999999999999975686, 0.6500000000000003553 ) ) ;
#4469 = ORIENTED_EDGE ( 'NONE', *, *, #3186, .F. ) ;
#4470 = VECTOR ( 'NONE', #1601, 1000.000000000000000 ) ;
#4471 = VERTEX_POINT ( 'NONE', #626 ) ;
#4472 = VECTOR ( 'NONE', #8017, 1000.000000000000000 ) ;
#4473 = CARTESIAN_POINT ( 'NONE',  ( 0.7750000000000002442, 0.05000000000000012768, -0.5749999999999997335 ) ) ;
#4474 = ORIENTED_EDGE ( 'NONE', *, *, #6631, .T. ) ;
#4475 = ADVANCED_FACE ( 'NONE', ( #3723 ), #4620, .F. ) ;
#4476 = ORIENTED_EDGE ( 'NONE', *, *, #8386, .F. ) ;
#4477 = EDGE_CURVE ( 'NONE', #484, #8807, #725, .T. ) ;
#4478 = EDGE_CURVE ( 'NONE', #2167, #3358, #2190, .T. ) ;
#4479 = DIRECTION ( 'NONE',  ( 0.000000000000000000, 0.000000000000000000, -1.000000000000000000 ) ) ;
#4480 = PLANE ( 'NONE',  #6987 ) ;
#4481 = FACE_OUTER_BOUND ( 'NONE', #642, .T. ) ;
#4482 = ORIENTED_EDGE ( 'NONE', *, *, #6304, .T. ) ;
#4483 = ORIENTED_EDGE ( 'NONE', *, *, #6186, .T. ) ;
#4484 = AXIS2_PLACEMENT_3D ( 'NONE', #7551, #4309, #476 ) ;
#4485 = LINE ( 'NONE', #6591, #9950 ) ;
#4486 = PLANE ( 'NONE',  #279 ) ;
#4487 = AXIS2_PLACEMENT_3D ( 'NONE', #6049, #1540, #8382 ) ;
#4488 = DIRECTION ( 'NONE',  ( 0.000000000000000000, 0.000000000000000000, -1.000000000000000000 ) ) ;
#4489 = CARTESIAN_POINT ( 'NONE',  ( 1.000000000000000222, 0.06999999999999975686, 0.7000000000000005107 ) ) ;
#4490 = EDGE_CURVE ( 'NONE', #5767, #7393, #6893, .T. ) ;
#4491 = VERTEX_POINT ( 'NONE', #3776 ) ;
#4492 = DIRECTION ( 'NONE',  ( -1.000000000000000000, 0.000000000000000000, 0.000000000000000000 ) ) ;
#4493 = FACE_OUTER_BOUND ( 'NONE', #5566, .T. ) ;
#4494 = ORIENTED_EDGE ( 'NONE', *, *, #2859, .F. ) ;
#4495 = DIRECTION ( 'NONE',  ( -0.000000000000000000, -1.000000000000000000, -0.000000000000000000 ) ) ;
#4496 = VERTEX_POINT ( 'NONE', #9179 ) ;
#4497 = VERTEX_POINT ( 'NONE', #9972 ) ;
#4498 = ORIENTED_EDGE ( 'NONE', *, *, #3103, .F. ) ;
#4499 = CIRCLE ( 'NONE', #2080, 0.02000000000000341435 ) ;
#4500 = DIRECTION ( 'NONE',  ( -1.000000000000000000, 0.000000000000000000, 0.000000000000000000 ) ) ;
#4501 = FILL_AREA_STYLE_COLOUR ( '', #8026 ) ;
#4502 = AXIS2_PLACEMENT_3D ( 'NONE', #2326, #9218, #5319 ) ;
#4503 = EDGE_CURVE ( 'NONE', #536, #4259, #3059, .T. ) ;
#4504 = CARTESIAN_POINT ( 'NONE',  ( 0.5000000000000006661, 0.05000000000000012768, 0.9149999999999994804 ) ) ;
#4505 = LINE ( 'NONE', #7639, #9440 ) ;
#4507 = CARTESIAN_POINT ( 'NONE',  ( 0.7749999999999854783, 0.05000000000000012768, 0.5950000000000005285 ) ) ;
#4506 = AXIS2_PLACEMENT_3D ( 'NONE', #4695, #1506, #4542 ) ;
#4508 = FACE_OUTER_BOUND ( 'NONE', #378, .T. ) ;
#4509 = ORIENTED_EDGE ( 'NONE', *, *, #9172, .T. ) ;
#4510 = DIRECTION ( 'NONE',  ( 0.000000000000000000, 0.000000000000000000, -1.000000000000000000 ) ) ;
#4511 = ORIENTED_EDGE ( 'NONE', *, *, #9827, .T. ) ;
#4512 = ORIENTED_EDGE ( 'NONE', *, *, #1051, .T. ) ;
#4513 = CARTESIAN_POINT ( 'NONE',  ( -0.3200000000000002287, 0.05000000000000012768, -0.9349999999999998312 ) ) ;
#4514 = CIRCLE ( 'NONE', #640, 0.1250000000000000000 ) ;
#4515 = DIRECTION ( 'NONE',  ( -0.000000000000000000, 0.000000000000000000, 1.000000000000000000 ) ) ;
#4516 = EDGE_CURVE ( 'NONE', #4780, #3630, #6996, .T. ) ;
#4517 = DIRECTION ( 'NONE',  ( 0.000000000000000000, 0.000000000000000000, -1.000000000000000000 ) ) ;
#4518 = LINE ( 'NONE', #957, #9096 ) ;
#4519 = PLANE ( 'NONE',  #9923 ) ;
#4520 = CARTESIAN_POINT ( 'NONE',  ( 0.3750000000000037748, 0.1199999999999999956, -1.000000000000000222 ) ) ;
#4522 = ORIENTED_EDGE ( 'NONE', *, *, #5354, .T. ) ;
#4521 = LINE ( 'NONE', #2341, #8814 ) ;
#4523 = ORIENTED_EDGE ( 'NONE', *, *, #1926, .T. ) ;
#4524 = STYLED_ITEM ( 'NONE', ( #6241 ), #8785 ) ;
#4525 = EDGE_CURVE ( 'NONE', #5395, #2277, #8177, .T. ) ;
#4526 = CARTESIAN_POINT ( 'NONE',  ( -0.9999999999999997780, 0.1199999999999999956, -0.6500000000000000222 ) ) ;
#4527 = CARTESIAN_POINT ( 'NONE',  ( 0.4250000000000039302, 0.1199999999999999956, -0.7000000000000000666 ) ) ;
#4528 = ORIENTED_EDGE ( 'NONE', *, *, #1378, .F. ) ;
#4529 = VERTEX_POINT ( 'NONE', #5434 ) ;
#4530 = CYLINDRICAL_SURFACE ( 'NONE', #7099, 0.02000000000000005246 ) ;
#4531 = DIRECTION ( 'NONE',  ( -0.000000000000000000, 0.000000000000000000, -1.000000000000000000 ) ) ;
#4532 = CYLINDRICAL_SURFACE ( 'NONE', #2457, 0.1000000000000001582 ) ;
#4533 = ORIENTED_EDGE ( 'NONE', *, *, #8116, .F. ) ;
#4534 = ORIENTED_EDGE ( 'NONE', *, *, #4317, .F. ) ;
#4535 = ADVANCED_FACE ( 'NONE', ( #8531 ), #1581, .T. ) ;
#4536 = EDGE_CURVE ( 'NONE', #4444, #5777, #3465, .T. ) ;
#4537 = EDGE_CURVE ( 'NONE', #8140, #1795, #480, .T. ) ;
#4538 = CARTESIAN_POINT ( 'NONE',  ( -0.02500000000000006384, 0.06999999999999986788, 0.9999999999999997780 ) ) ;
#4539 = CARTESIAN_POINT ( 'NONE',  ( 0.02500000000000006384, 0.1199999999999999956, -1.000000000000000222 ) ) ;
#4540 = ORIENTED_EDGE ( 'NONE', *, *, #7382, .F. ) ;
#4541 = DIRECTION ( 'NONE',  ( 1.000000000000000000, 0.000000000000000000, -0.000000000000000000 ) ) ;
#4542 = DIRECTION ( 'NONE',  ( -1.000000000000000000, 0.000000000000000000, 0.000000000000000000 ) ) ;
#4543 = ORIENTED_EDGE ( 'NONE', *, *, #8296, .F. ) ;
#4544 = CARTESIAN_POINT ( 'NONE',  ( -0.9149999999999905986, 0.05000000000000012768, 0.1249999999999998890 ) ) ;
#4545 = ORIENTED_EDGE ( 'NONE', *, *, #1376, .T. ) ;
#4546 = ORIENTED_EDGE ( 'NONE', *, *, #5033, .F. ) ;
#4547 = EDGE_LOOP ( 'NONE', ( #7442, #5498, #6384, #73 ) ) ;
#4548 = CIRCLE ( 'NONE', #6324, 0.02000000000000005246 ) ;
#4549 = DIRECTION ( 'NONE',  ( 0.000000000000000000, -1.000000000000000000, 0.000000000000000000 ) ) ;
#4550 = CARTESIAN_POINT ( 'NONE',  ( -0.3200000000000000622, 0.000000000000000000, -0.7549999999999950084 ) ) ;
#4551 = EDGE_CURVE ( 'NONE', #7006, #5506, #2651, .T. ) ;
#4552 = EDGE_CURVE ( 'NONE', #507, #128, #9632, .T. ) ;
#4553 = EDGE_CURVE ( 'NONE', #7512, #1202, #2050, .T. ) ;
#4554 = CARTESIAN_POINT ( 'NONE',  ( 0.3750000000000037748, 0.1199999999999999956, 0.2500000000000003331 ) ) ;
#4556 = VECTOR ( 'NONE', #6473, 1000.000000000000000 ) ;
#4555 = CARTESIAN_POINT ( 'NONE',  ( -0.7549999999999952305, 0.000000000000000000, -0.1450000000000000455 ) ) ;
#4557 = VECTOR ( 'NONE', #9614, 1000.000000000000000 ) ;
#4558 = DIRECTION ( 'NONE',  ( 1.000000000000000000, 0.000000000000000000, 0.000000000000000000 ) ) ;
#4559 = DIRECTION ( 'NONE',  ( 0.000000000000000000, 1.000000000000000000, 0.000000000000000000 ) ) ;
#4560 = ORIENTED_EDGE ( 'NONE', *, *, #6327, .F. ) ;
#4561 = DIRECTION ( 'NONE',  ( 1.000000000000000000, 0.000000000000000000, 0.000000000000000000 ) ) ;
#4562 = PRODUCT_RELATED_PRODUCT_CATEGORY ( 'part', '', ( #4819 ) ) ;
#4563 = ORIENTED_EDGE ( 'NONE', *, *, #4822, .T. ) ;
#4564 = ORIENTED_EDGE ( 'NONE', *, *, #7945, .F. ) ;
#4565 = VECTOR ( 'NONE', #9403, 1000.000000000000000 ) ;
#4566 = MECHANICAL_DESIGN_GEOMETRIC_PRESENTATION_REPRESENTATION (  '', ( #3274 ), #7798 ) ;
#4567 = PLANE ( 'NONE',  #2218 ) ;
#4568 = DIRECTION ( 'NONE',  ( 0.000000000000000000, 0.000000000000000000, -1.000000000000000000 ) ) ;
#4569 = DIRECTION ( 'NONE',  ( 1.000000000000000000, 0.000000000000000000, 0.000000000000000000 ) ) ;
#4570 = FACE_OUTER_BOUND ( 'NONE', #2144, .T. ) ;
#4571 = CARTESIAN_POINT ( 'NONE',  ( -0.9149999999999952616, 0.05000000000000012768, -0.1250000000000000000 ) ) ;
#4573 = ORIENTED_EDGE ( 'NONE', *, *, #596, .F. ) ;
#4572 = CARTESIAN_POINT ( 'NONE',  ( 0.4250000000000039302, 0.1199999999999999956, -0.6500000000000000222 ) ) ;
#4574 = ORIENTED_EDGE ( 'NONE', *, *, #4551, .F. ) ;
#4576 = STYLED_ITEM ( 'NONE', ( #4183 ), #1794 ) ;
#4575 = DIRECTION ( 'NONE',  ( 1.000000000000000000, -0.000000000000000000, -0.000000000000000000 ) ) ;
#4577 = ORIENTED_EDGE ( 'NONE', *, *, #756, .T. ) ;
#4578 = EDGE_CURVE ( 'NONE', #1484, #4102, #1902, .T. ) ;
#4579 = ORIENTED_EDGE ( 'NONE', *, *, #684, .F. ) ;
#4580 = VECTOR ( 'NONE', #8858, 1000.000000000000000 ) ;
#4581 = DIRECTION ( 'NONE',  ( 0.000000000000000000, 0.000000000000000000, -1.000000000000000000 ) ) ;
#4582 = DIRECTION ( 'NONE',  ( 1.000000000000000000, -0.000000000000000000, 7.744301232039334431E-16 ) ) ;
#4583 = ORIENTED_EDGE ( 'NONE', *, *, #3605, .T. ) ;
#4584 = VERTEX_POINT ( 'NONE', #4178 ) ;
#4585 = PLANE ( 'NONE',  #5807 ) ;
#4586 = LINE ( 'NONE', #4999, #8294 ) ;
#4587 = EDGE_CURVE ( 'NONE', #3150, #186, #5796, .T. ) ;
#4588 = LINE ( 'NONE', #9293, #2609 ) ;
#4589 = ORIENTED_EDGE ( 'NONE', *, *, #262, .F. ) ;
#4590 = LINE ( 'NONE', #697, #1213 ) ;
#4591 = VECTOR ( 'NONE', #4581, 1000.000000000000000 ) ;
#4592 = DIRECTION ( 'NONE',  ( 1.000000000000000000, 0.000000000000000000, 0.000000000000000000 ) ) ;
#4593 = CARTESIAN_POINT ( 'NONE',  ( 1.000000000000000222, 0.06999999999999975686, -0.7000000000000000666 ) ) ;
#4594 = EDGE_LOOP ( 'NONE', ( #7665, #3012, #6707, #3149 ) ) ;
#4595 = CARTESIAN_POINT ( 'NONE',  ( 0.4250000000000039302, 0.1199999999999999956, 0.7000000000000005107 ) ) ;
#4596 = FACE_OUTER_BOUND ( 'NONE', #613, .T. ) ;
#4597 = ORIENTED_EDGE ( 'NONE', *, *, #8628, .T. ) ;
#4598 = VECTOR ( 'NONE', #1879, 1000.000000000000000 ) ;
#4599 = ADVANCED_FACE ( 'NONE', ( #6633 ), #8132, .T. ) ;
#4600 = ORIENTED_EDGE ( 'NONE', *, *, #4736, .F. ) ;
#4601 = ORIENTED_EDGE ( 'NONE', *, *, #3943, .F. ) ;
#4602 = VECTOR ( 'NONE', #4347, 1000.000000000000000 ) ;
#4603 = CARTESIAN_POINT ( 'NONE',  ( -0.4800000000000110290, 0.05000000000000012768, -0.9149999999999951505 ) ) ;
#4604 = DIRECTION ( 'NONE',  ( -0.000000000000000000, -0.000000000000000000, 1.000000000000000000 ) ) ;
#4605 = CARTESIAN_POINT ( 'NONE',  ( 0.3200000000000000067, 0.000000000000000000, -0.9149999999999998135 ) ) ;
#4606 = DIRECTION ( 'NONE',  ( 0.000000000000000000, 1.000000000000000000, 0.000000000000000000 ) ) ;
#4607 = PLANE ( 'NONE',  #9095 ) ;
#4608 = ORIENTED_EDGE ( 'NONE', *, *, #1774, .T. ) ;
#4610 = EDGE_CURVE ( 'NONE', #9780, #6761, #4220, .T. ) ;
#4609 = DIRECTION ( 'NONE',  ( 1.000000000000000000, 0.000000000000000000, 0.000000000000000000 ) ) ;
#4611 = EDGE_CURVE ( 'NONE', #8697, #3442, #4267, .T. ) ;
#4612 = ORIENTED_EDGE ( 'NONE', *, *, #5233, .T. ) ;
#4613 = AXIS2_PLACEMENT_3D ( 'NONE', #5070, #1208, #5176 ) ;
#4614 = DIRECTION ( 'NONE',  ( -0.000000000000000000, -1.000000000000000000, -0.000000000000000000 ) ) ;
#4615 = CARTESIAN_POINT ( 'NONE',  ( -0.9999999999999997780, 0.06999999999999975686, -0.2500000000000000000 ) ) ;
#4617 = VECTOR ( 'NONE', #9023, 1000.000000000000000 ) ;
#4616 = LINE ( 'NONE', #5523, #1589 ) ;
#4618 = LINE ( 'NONE', #6891, #7324 ) ;
#4619 = DIRECTION ( 'NONE',  ( 0.000000000000000000, 0.000000000000000000, 1.000000000000000000 ) ) ;
#4621 = VERTEX_POINT ( 'NONE', #3570 ) ;
#4620 = PLANE ( 'NONE',  #5261 ) ;
#4623 = EDGE_CURVE ( 'NONE', #3881, #8938, #8830, .T. ) ;
#4622 = CARTESIAN_POINT ( 'NONE',  ( -0.02500000000000006384, 0.06999999999999975686, -0.2500000000000000000 ) ) ;
#4624 = VERTEX_POINT ( 'NONE', #5939 ) ;
#4625 = EDGE_LOOP ( 'NONE', ( #7107, #3897, #80, #9695 ) ) ;
#4626 = VECTOR ( 'NONE', #9509, 1000.000000000000000 ) ;
#4627 = ADVANCED_FACE ( 'NONE', ( #6534 ), #7256, .F. ) ;
#4628 = LINE ( 'NONE', #9287, #3853 ) ;
#4629 = DIRECTION ( 'NONE',  ( 0.000000000000000000, 0.000000000000000000, -1.000000000000000000 ) ) ;
#4630 = DIRECTION ( 'NONE',  ( 0.000000000000000000, 0.000000000000000000, -1.000000000000000000 ) ) ;
#4631 = VECTOR ( 'NONE', #394, 1000.000000000000000 ) ;
#4632 = ORIENTED_EDGE ( 'NONE', *, *, #9161, .F. ) ;
#4633 = ORIENTED_EDGE ( 'NONE', *, *, #1201, .F. ) ;
#4634 = CARTESIAN_POINT ( 'NONE',  ( -0.3750000000000037748, 0.06999999999999975686, -0.6500000000000000222 ) ) ;
#4635 = CARTESIAN_POINT ( 'NONE',  ( 0.9149999999999903766, 0.000000000000000000, 0.1250000000000001110 ) ) ;
#4636 = DIRECTION ( 'NONE',  ( -0.000000000000000000, -1.000000000000000000, -0.000000000000000000 ) ) ;
#4637 = AXIS2_PLACEMENT_3D ( 'NONE', #4419, #6798, #3513 ) ;
#4638 = EDGE_CURVE ( 'NONE', #5170, #4621, #6873, .T. ) ;
#4639 = CARTESIAN_POINT ( 'NONE',  ( 0.02500000000000006384, 0.06999999999999975686, 0.9999999999999997780 ) ) ;
#4640 = DIRECTION ( 'NONE',  ( -1.000000000000000000, 0.000000000000000000, 0.000000000000000000 ) ) ;
#4641 = ORIENTED_EDGE ( 'NONE', *, *, #5271, .T. ) ;
#4642 = CARTESIAN_POINT ( 'NONE',  ( -0.1000000000000001305, 0.05000000000000012768, -0.7750000000000000222 ) ) ;
#4643 = DIRECTION ( 'NONE',  ( -0.000000000000000000, 1.000000000000000000, -0.000000000000000000 ) ) ;
#4645 = ORIENTED_EDGE ( 'NONE', *, *, #5858, .T. ) ;
#4644 = AXIS2_PLACEMENT_3D ( 'NONE', #9157, #6765, #7523 ) ;
#4646 = UNCERTAINTY_MEASURE_WITH_UNIT (LENGTH_MEASURE( 1.000000000000000082E-05 ), #3921, 'distance_accuracy_value', 'NONE');
#4647 = VERTEX_POINT ( 'NONE', #5843 ) ;
#4648 = ORIENTED_EDGE ( 'NONE', *, *, #2323, .F. ) ;
#4649 = DIRECTION ( 'NONE',  ( 1.000000000000000000, 0.000000000000000000, 0.000000000000000000 ) ) ;
#4650 = CARTESIAN_POINT ( 'NONE',  ( -0.3750000000000037748, 0.1199999999999999956, -1.000000000000000222 ) ) ;
#4651 = AXIS2_PLACEMENT_3D ( 'NONE', #3120, #9380, #3932 ) ;
#4652 = DIRECTION ( 'NONE',  ( -1.000000000000000000, 0.000000000000000000, 0.000000000000000000 ) ) ;
#4653 = DIRECTION ( 'NONE',  ( -0.000000000000000000, -1.000000000000000000, -0.000000000000000000 ) ) ;
#4654 = CARTESIAN_POINT ( 'NONE',  ( -0.4250000000000039302, 0.1199999999999999956, -0.7000000000000000666 ) ) ;
#4655 = CARTESIAN_POINT ( 'NONE',  ( -0.4800000000000000933, 0.05000000000000012768, 0.5000000000000000000 ) ) ;
#4656 = PLANE ( 'NONE',  #7294 ) ;
#4657 = VERTEX_POINT ( 'NONE', #2803 ) ;
#4658 = FACE_BOUND ( 'NONE', #6244, .T. ) ;
#4659 = CIRCLE ( 'NONE', #6578, 0.02000000000000005246 ) ;
#4660 = ORIENTED_EDGE ( 'NONE', *, *, #619, .F. ) ;
#4661 = VECTOR ( 'NONE', #9074, 1000.000000000000000 ) ;
#4662 = ADVANCED_FACE ( 'NONE', ( #8980 ), #5890, .F. ) ;
#4663 = EDGE_CURVE ( 'NONE', #2813, #9119, #8178, .T. ) ;
#4664 = AXIS2_PLACEMENT_3D ( 'NONE', #9908, #2997, #6075 ) ;
#4665 = VECTOR ( 'NONE', #8412, 1000.000000000000000 ) ;
#4666 = DIRECTION ( 'NONE',  ( 0.000000000000000000, 1.000000000000000000, 0.000000000000000000 ) ) ;
#4667 = DIRECTION ( 'NONE',  ( 0.000000000000000000, 1.000000000000000000, 0.000000000000000000 ) ) ;
#4668 = LINE ( 'NONE', #9325, #3588 ) ;
#4670 = ORIENTED_EDGE ( 'NONE', *, *, #9566, .T. ) ;
#4669 = CARTESIAN_POINT ( 'NONE',  ( 0.7750000000000001332, 0.05000000000000012768, -0.5949999999999998623 ) ) ;
#4671 = CARTESIAN_POINT ( 'NONE',  ( -0.8249999999999997335, 0.5799999999999998490, -0.8250000000000000666 ) ) ;
#4672 = CARTESIAN_POINT ( 'NONE',  ( 0.02500000000000006384, 0.06999999999999975686, -0.2500000000000000000 ) ) ;
#4673 = ORIENTED_EDGE ( 'NONE', *, *, #8628, .F. ) ;
#4674 = EDGE_LOOP ( 'NONE', ( #9102, #5314, #9374, #6275 ) ) ;
#4675 = VECTOR ( 'NONE', #1765, 1000.000000000000000 ) ;
#4676 = VECTOR ( 'NONE', #3843, 1000.000000000000000 ) ;
#4677 = PRESENTATION_STYLE_ASSIGNMENT (( #8486 ) ) ;
#4678 = EDGE_CURVE ( 'NONE', #6969, #3791, #4980, .T. ) ;
#4679 = LINE ( 'NONE', #1538, #7229 ) ;
#4680 = FACE_OUTER_BOUND ( 'NONE', #545, .T. ) ;
#4681 = VECTOR ( 'NONE', #3123, 1000.000000000000000 ) ;
#4682 = SURFACE_STYLE_FILL_AREA ( #834 ) ;
#4683 = EDGE_LOOP ( 'NONE', ( #3573, #2214, #901, #4963 ) ) ;
#4684 = VERTEX_POINT ( 'NONE', #8083 ) ;
#4685 = CARTESIAN_POINT ( 'NONE',  ( 1.000000000000000222, 0.1199999999999999956, -0.2500000000000000000 ) ) ;
#4686 = PLANE ( 'NONE',  #7454 ) ;
#4687 = CARTESIAN_POINT ( 'NONE',  ( -0.3750000000000037748, 0.1199999999999999956, 0.7000000000000005107 ) ) ;
#4688 = EDGE_CURVE ( 'NONE', #3911, #5348, #1547, .T. ) ;
#4689 = LINE ( 'NONE', #7771, #759 ) ;
#4690 = DIRECTION ( 'NONE',  ( -0.000000000000000000, -0.000000000000000000, 1.000000000000000000 ) ) ;
#4691 = CARTESIAN_POINT ( 'NONE',  ( -0.7749999999999953593, 0.05000000000000012768, -0.3050000000000000488 ) ) ;
#4692 =( NAMED_UNIT ( * ) PLANE_ANGLE_UNIT ( ) SI_UNIT ( $, .RADIAN. ) );
#4693 = ORIENTED_EDGE ( 'NONE', *, *, #4118, .F. ) ;
#4694 = LINE ( 'NONE', #8649, #2021 ) ;
#4695 = CARTESIAN_POINT ( 'NONE',  ( -0.4250000000000039302, 0.06999999999999975686, -0.6500000000000000222 ) ) ;
#4696 = ORIENTED_EDGE ( 'NONE', *, *, #6220, .T. ) ;
#4697 = ORIENTED_EDGE ( 'NONE', *, *, #1072, .T. ) ;
#4698 = ORIENTED_EDGE ( 'NONE', *, *, #9762, .T. ) ;
#4699 = EDGE_CURVE ( 'NONE', #2005, #5757, #384, .T. ) ;
#4700 = CARTESIAN_POINT ( 'NONE',  ( 0.4800000000000000933, 0.000000000000000000, -0.7749999999999999112 ) ) ;
#4701 = DIRECTION ( 'NONE',  ( -1.000000000000000000, 0.000000000000000000, 0.000000000000000000 ) ) ;
#4702 = VECTOR ( 'NONE', #5920, 1000.000000000000000 ) ;
#4703 = CARTESIAN_POINT ( 'NONE',  ( -0.9999999999999997780, 0.06999999999999985401, 0.6500000000000003553 ) ) ;
#4704 = FACE_OUTER_BOUND ( 'NONE', #7224, .T. ) ;
#4705 = CARTESIAN_POINT ( 'NONE',  ( 0.7749999999999904743, 0.05000000000000012768, 0.1250000000000001110 ) ) ;
#4706 = ORIENTED_EDGE ( 'NONE', *, *, #4587, .T. ) ;
#4707 = CYLINDRICAL_SURFACE ( 'NONE', #1050, 0.02000000000000623154 ) ;
#4708 = CARTESIAN_POINT ( 'NONE',  ( -0.5000000000000002220, 0.05000000000000012768, -0.3750000000000000000 ) ) ;
#4709 = DIRECTION ( 'NONE',  ( -0.000000000000000000, -1.000000000000000000, -0.000000000000000000 ) ) ;
#4710 = ORIENTED_EDGE ( 'NONE', *, *, #3935, .T. ) ;
#4711 = DIRECTION ( 'NONE',  ( -1.000000000000000000, -0.000000000000000000, -0.000000000000000000 ) ) ;
#4712 = VERTEX_POINT ( 'NONE', #6101 ) ;
#4713 = VERTEX_POINT ( 'NONE', #9136 ) ;
#4714 = VECTOR ( 'NONE', #1212, 1000.000000000000000 ) ;
#4715 = CARTESIAN_POINT ( 'NONE',  ( -0.9999999999999997780, 0.1199999999999999956, 0.2500000000000003331 ) ) ;
#4716 = DIRECTION ( 'NONE',  ( 0.000000000000000000, 0.000000000000000000, 1.000000000000000000 ) ) ;
#4717 = ORIENTED_EDGE ( 'NONE', *, *, #9905, .F. ) ;
#4718 = DIRECTION ( 'NONE',  ( 1.000000000000000000, 0.000000000000000000, 0.000000000000000000 ) ) ;
#4719 = ORIENTED_EDGE ( 'NONE', *, *, #2345, .T. ) ;
#4720 = ORIENTED_EDGE ( 'NONE', *, *, #1831, .F. ) ;
#4721 = EDGE_CURVE ( 'NONE', #62, #6496, #7660, .T. ) ;
#4722 = VECTOR ( 'NONE', #320, 1000.000000000000000 ) ;
#4724 = ORIENTED_EDGE ( 'NONE', *, *, #4763, .T. ) ;
#4723 = AXIS2_PLACEMENT_3D ( 'NONE', #5230, #5281, #572 ) ;
#4725 = MANIFOLD_SOLID_BREP ( 'Boss-Extrude3[12]', #174 ) ;
#4726 = CARTESIAN_POINT ( 'NONE',  ( 0.02500000000000006384, 0.1199999999999999956, -1.000000000000000222 ) ) ;
#4727 = AXIS2_PLACEMENT_3D ( 'NONE', #9168, #8466, #116 ) ;
#4728 = CARTESIAN_POINT ( 'NONE',  ( -0.3000000000000000999, 0.05000000000000012768, -0.9149999999999997025 ) ) ;
#4729 = CARTESIAN_POINT ( 'NONE',  ( -0.7549999999999952305, 0.05000000000000012768, -0.3050000000000000488 ) ) ;
#4730 = ORIENTED_EDGE ( 'NONE', *, *, #9508, .T. ) ;
#4731 = VERTEX_POINT ( 'NONE', #2350 ) ;
#4732 = FACE_OUTER_BOUND ( 'NONE', #4625, .T. ) ;
#4733 = CARTESIAN_POINT ( 'NONE',  ( 0.9149999999999999245, 0.05000000000000012768, -0.7749999999999999112 ) ) ;
#4734 = LINE ( 'NONE', #7157, #358 ) ;
#4735 = EDGE_CURVE ( 'NONE', #7431, #2612, #6151, .T. ) ;
#4736 = EDGE_CURVE ( 'NONE', #3996, #5865, #4207, .T. ) ;
#4737 = ADVANCED_FACE ( 'NONE', ( #415 ), #2737, .T. ) ;
#4738 = MECHANICAL_DESIGN_GEOMETRIC_PRESENTATION_REPRESENTATION (  '', ( #5055 ), #7969 ) ;
#4739 = DIRECTION ( 'NONE',  ( -1.000000000000000000, 0.000000000000000000, 0.000000000000000000 ) ) ;
#4740 = SURFACE_STYLE_FILL_AREA ( #8647 ) ;
#4741 = ORIENTED_EDGE ( 'NONE', *, *, #1072, .F. ) ;
#4742 = LINE ( 'NONE', #849, #2660 ) ;
#4743 = CARTESIAN_POINT ( 'NONE',  ( 0.02500000000000006384, 0.06999999999999975686, -1.000000000000000222 ) ) ;
#4744 = ORIENTED_EDGE ( 'NONE', *, *, #2655, .T. ) ;
#4745 = ORIENTED_EDGE ( 'NONE', *, *, #4417, .F. ) ;
#4746 = ORIENTED_EDGE ( 'NONE', *, *, #2324, .T. ) ;
#4747 = DIRECTION ( 'NONE',  ( -0.000000000000000000, -0.000000000000000000, 1.000000000000000000 ) ) ;
#4748 = ADVANCED_FACE ( 'NONE', ( #2902 ), #9072, .T. ) ;
#4749 = DIRECTION ( 'NONE',  ( -1.000000000000000000, 0.000000000000000000, 0.000000000000000000 ) ) ;
#4750 = VECTOR ( 'NONE', #7490, 1000.000000000000000 ) ;
#4751 = ORIENTED_EDGE ( 'NONE', *, *, #4091, .F. ) ;
#4752 = CARTESIAN_POINT ( 'NONE',  ( -0.02500000000000006384, 0.1199999999999999956, 0.2500000000000004441 ) ) ;
#4753 = PLANE ( 'NONE',  #313 ) ;
#4754 = CARTESIAN_POINT ( 'NONE',  ( 0.4800000000000004263, 0.000000000000000000, 0.9149999999999998135 ) ) ;
#4755 = VERTEX_POINT ( 'NONE', #5827 ) ;
#4756 = CARTESIAN_POINT ( 'NONE',  ( 0.9349999999999950573, 0.05000000000000012768, -0.3049999999999998268 ) ) ;
#4757 = ORIENTED_EDGE ( 'NONE', *, *, #4136, .F. ) ;
#4758 = ORIENTED_EDGE ( 'NONE', *, *, #3386, .F. ) ;
#4759 = AXIS2_PLACEMENT_3D ( 'NONE', #6831, #1301, #6129 ) ;
#4760 = CARTESIAN_POINT ( 'NONE',  ( -0.9999999999999997780, 0.06999999999999975686, 0.2000000000000002054 ) ) ;
#4761 = EDGE_CURVE ( 'NONE', #8510, #9237, #2140, .T. ) ;
#4762 = DIRECTION ( 'NONE',  ( 1.000000000000000000, 0.000000000000000000, 0.000000000000000000 ) ) ;
#4763 = EDGE_CURVE ( 'NONE', #5151, #2788, #6525, .T. ) ;
#4764 = DIRECTION ( 'NONE',  ( 0.000000000000000000, 0.000000000000000000, -1.000000000000000000 ) ) ;
#4765 = CARTESIAN_POINT ( 'NONE',  ( 0.02500000000000006384, 0.1199999999999999956, 0.2500000000000003331 ) ) ;
#4767 = ORIENTED_EDGE ( 'NONE', *, *, #7070, .T. ) ;
#4766 = VECTOR ( 'NONE', #7939, 1000.000000000000000 ) ;
#4768 = VERTEX_POINT ( 'NONE', #5877 ) ;
#4769 = EDGE_LOOP ( 'NONE', ( #3919, #7238, #630, #6984 ) ) ;
#4770 = ORIENTED_EDGE ( 'NONE', *, *, #9589, .F. ) ;
#4771 = ORIENTED_EDGE ( 'NONE', *, *, #2382, .F. ) ;
#4772 = ORIENTED_EDGE ( 'NONE', *, *, #3934, .F. ) ;
#4773 = AXIS2_PLACEMENT_3D ( 'NONE', #5931, #1988, #2566 ) ;
#4774 = PLANE ( 'NONE',  #2543 ) ;
#4775 = DIRECTION ( 'NONE',  ( -0.000000000000000000, -1.000000000000000000, -0.000000000000000000 ) ) ;
#4776 = EDGE_CURVE ( 'NONE', #4647, #1828, #3101, .T. ) ;
#4777 = DIRECTION ( 'NONE',  ( -1.161645184805899918E-15, -0.000000000000000000, -1.000000000000000000 ) ) ;
#4778 = DIRECTION ( 'NONE',  ( -0.000000000000000000, 0.000000000000000000, 1.000000000000000000 ) ) ;
#4779 = CARTESIAN_POINT ( 'NONE',  ( -0.02500000000000006384, 0.1199999999999999956, -0.2500000000000000000 ) ) ;
#4780 = VERTEX_POINT ( 'NONE', #6885 ) ;
#4781 = CARTESIAN_POINT ( 'NONE',  ( 0.4799999999999999822, 0.000000000000000000, -0.7549999999999997824 ) ) ;
#4782 = DIRECTION ( 'NONE',  ( 0.000000000000000000, 1.000000000000000000, 0.000000000000000000 ) ) ;
#4783 = CARTESIAN_POINT ( 'NONE',  ( 0.4250000000000039302, 0.1199999999999999956, 0.7000000000000005107 ) ) ;
#4784 = CIRCLE ( 'NONE', #4452, 0.02000000000000005246 ) ;
#4785 = VECTOR ( 'NONE', #9097, 1000.000000000000000 ) ;
#4786 = EDGE_CURVE ( 'NONE', #3323, #4099, #8525, .T. ) ;
#4787 = EDGE_CURVE ( 'NONE', #2472, #3746, #1629, .T. ) ;
#4788 = PLANE ( 'NONE',  #6643 ) ;
#4789 = DIRECTION ( 'NONE',  ( -0.000000000000000000, 1.000000000000000000, -0.000000000000000000 ) ) ;
#4790 = ADVANCED_FACE ( 'NONE', ( #2187 ), #3153, .T. ) ;
#4791 = DIRECTION ( 'NONE',  ( -0.000000000000000000, -1.000000000000000000, -0.000000000000000000 ) ) ;
#4792 = DIRECTION ( 'NONE',  ( 0.000000000000000000, 0.000000000000000000, -1.000000000000000000 ) ) ;
#4793 = ORIENTED_EDGE ( 'NONE', *, *, #8811, .F. ) ;
#4794 = DIRECTION ( 'NONE',  ( -0.000000000000000000, 1.000000000000000000, -0.000000000000000000 ) ) ;
#4795 = DIRECTION ( 'NONE',  ( 0.000000000000000000, 1.000000000000000000, -0.000000000000000000 ) ) ;
#4796 = ORIENTED_EDGE ( 'NONE', *, *, #5950, .F. ) ;
#4797 = ORIENTED_EDGE ( 'NONE', *, *, #637, .T. ) ;
#4798 = VECTOR ( 'NONE', #1865, 1000.000000000000000 ) ;
#4799 = LINE ( 'NONE', #6925, #8676 ) ;
#4800 = ADVANCED_FACE ( 'NONE', ( #768 ), #9174, .T. ) ;
#4802 = AXIS2_PLACEMENT_3D ( 'NONE', #4615, #6990, #6033 ) ;
#4801 = FACE_OUTER_BOUND ( 'NONE', #6161, .T. ) ;
#4803 = LINE ( 'NONE', #9359, #888 ) ;
#4804 = FACE_OUTER_BOUND ( 'NONE', #3330, .T. ) ;
#4805 = LINE ( 'NONE', #5712, #4396 ) ;
#4806 = ORIENTED_EDGE ( 'NONE', *, *, #3094, .T. ) ;
#4807 = CARTESIAN_POINT ( 'NONE',  ( -0.9149999999999952616, 0.05000000000000012768, -0.1250000000000000000 ) ) ;
#4808 = ORIENTED_EDGE ( 'NONE', *, *, #5734, .F. ) ;
#4809 = ORIENTED_EDGE ( 'NONE', *, *, #8933, .F. ) ;
#4810 = EDGE_CURVE ( 'NONE', #9342, #81, #2387, .T. ) ;
#4811 = VECTOR ( 'NONE', #9640, 1000.000000000000000 ) ;
#4812 = CARTESIAN_POINT ( 'NONE',  ( 0.02500000000000006384, 0.06999999999999975686, -0.7000000000000000666 ) ) ;
#4813 = CARTESIAN_POINT ( 'NONE',  ( 0.3200000000000000067, 0.05000000000000012768, -0.9149999999999998135 ) ) ;
#4814 = PRESENTATION_LAYER_ASSIGNMENT (  '', '', ( #9980 ) ) ;
#4815 = AXIS2_PLACEMENT_3D ( 'NONE', #5879, #5927, #8966 ) ;
#4816 = LINE ( 'NONE', #1111, #6177 ) ;
#4817 = ORIENTED_EDGE ( 'NONE', *, *, #5780, .F. ) ;
#4818 = ORIENTED_EDGE ( 'NONE', *, *, #4964, .T. ) ;
#4819 = PRODUCT ( 'SKY13416-485LF', 'SKY13416-485LF', '', ( #8625 ) ) ;
#4820 = ORIENTED_EDGE ( 'NONE', *, *, #3529, .T. ) ;
#4821 = EDGE_LOOP ( 'NONE', ( #58, #6243, #4846, #9464 ) ) ;
#4822 = EDGE_CURVE ( 'NONE', #6461, #731, #6083, .T. ) ;
#4823 = AXIS2_PLACEMENT_3D ( 'NONE', #3699, #5814, #2169 ) ;
#4824 = VECTOR ( 'NONE', #7478, 1000.000000000000000 ) ;
#4825 = DIRECTION ( 'NONE',  ( -0.000000000000000000, -1.000000000000000000, -0.000000000000000000 ) ) ;
#4826 = DIRECTION ( 'NONE',  ( 1.000000000000000000, 0.000000000000000000, 0.000000000000000000 ) ) ;
#4827 = FACE_OUTER_BOUND ( 'NONE', #3271, .T. ) ;
#4828 = FACE_OUTER_BOUND ( 'NONE', #2262, .T. ) ;
#4829 = VERTEX_POINT ( 'NONE', #9966 ) ;
#4830 = CARTESIAN_POINT ( 'NONE',  ( -0.9150000000000000355, 0.05000000000000012768, -0.7550000000000000044 ) ) ;
#4831 = VECTOR ( 'NONE', #9438, 1000.000000000000000 ) ;
#4832 = CARTESIAN_POINT ( 'NONE',  ( -0.9149999999999905986, 0.05000000000000012768, 0.1449999999999999345 ) ) ;
#4833 = CARTESIAN_POINT ( 'NONE',  ( -0.9999999999999997780, 0.06999999999999975686, -0.7000000000000000666 ) ) ;
#4834 = VECTOR ( 'NONE', #7209, 1000.000000000000000 ) ;
#4835 = ORIENTED_EDGE ( 'NONE', *, *, #9721, .F. ) ;
#4836 = EDGE_CURVE ( 'NONE', #5898, #7125, #7751, .T. ) ;
#4837 = VECTOR ( 'NONE', #2151, 1000.000000000000000 ) ;
#4838 = PLANE ( 'NONE',  #3779 ) ;
#4839 = DIRECTION ( 'NONE',  ( 1.000000000000000000, 0.000000000000000000, -0.000000000000000000 ) ) ;
#4840 = DIRECTION ( 'NONE',  ( -0.000000000000000000, -0.000000000000000000, 1.000000000000000000 ) ) ;
#4841 = CARTESIAN_POINT ( 'NONE',  ( -0.9999999999999997780, 0.06999999999999975686, -0.1999999999999998723 ) ) ;
#4842 = CARTESIAN_POINT ( 'NONE',  ( -0.5000000000000002220, 0.05000000000000012768, -0.5000000000000000000 ) ) ;
#4843 = ORIENTED_EDGE ( 'NONE', *, *, #7400, .T. ) ;
#4844 = CARTESIAN_POINT ( 'NONE',  ( 0.02500000000000006384, 0.06999999999999975686, 0.6500000000000003553 ) ) ;
#4845 = CARTESIAN_POINT ( 'NONE',  ( -0.8249999999999997335, 0.5799999999999998490, -0.8250000000000000666 ) ) ;
#4846 = ORIENTED_EDGE ( 'NONE', *, *, #843, .F. ) ;
#4847 = UNCERTAINTY_MEASURE_WITH_UNIT (LENGTH_MEASURE( 1.000000000000000082E-05 ), #6814, 'distance_accuracy_value', 'NONE');
#4848 = EDGE_LOOP ( 'NONE', ( #7096, #4057, #9800, #5580 ) ) ;
#4849 = ADVANCED_FACE ( 'NONE', ( #3054 ), #6140, .F. ) ;
#4850 = EDGE_CURVE ( 'NONE', #6761, #945, #9275, .T. ) ;
#4851 = CARTESIAN_POINT ( 'NONE',  ( 0.4250000000000039302, 0.06999999999999975686, -0.7000000000000000666 ) ) ;
#4852 = DIRECTION ( 'NONE',  ( 1.000000000000000000, 0.000000000000000000, 0.000000000000000000 ) ) ;
#4853 = DIRECTION ( 'NONE',  ( -0.000000000000000000, -1.000000000000000000, -0.000000000000000000 ) ) ;
#4854 = LINE ( 'NONE', #3008, #9262 ) ;
#4855 = ORIENTED_EDGE ( 'NONE', *, *, #5852, .F. ) ;
#4856 = LINE ( 'NONE', #8045, #1860 ) ;
#4857 = DIRECTION ( 'NONE',  ( 1.000000000000000000, -0.000000000000000000, -0.000000000000000000 ) ) ;
#4858 = DIRECTION ( 'NONE',  ( 0.000000000000000000, 0.000000000000000000, 1.000000000000000000 ) ) ;
#4859 = ORIENTED_EDGE ( 'NONE', *, *, #3935, .F. ) ;
#4860 = CARTESIAN_POINT ( 'NONE',  ( 0.3750000000000037748, 0.1199999999999999956, 0.2500000000000004441 ) ) ;
#4861 = ORIENTED_EDGE ( 'NONE', *, *, #6618, .T. ) ;
#4862 = ORIENTED_EDGE ( 'NONE', *, *, #4525, .F. ) ;
#4863 = EDGE_CURVE ( 'NONE', #5088, #5985, #2844, .T. ) ;
#4864 = EDGE_CURVE ( 'NONE', #4731, #6180, #316, .T. ) ;
#4865 = CARTESIAN_POINT ( 'NONE',  ( -0.02500000000000006384, 0.06999999999999975686, 0.7000000000000005107 ) ) ;
#4866 = CARTESIAN_POINT ( 'NONE',  ( 0.02500000000000006384, 0.1199999999999999956, -1.000000000000000222 ) ) ;
#4867 = CARTESIAN_POINT ( 'NONE',  ( -0.4250000000000039302, 0.1199999999999999956, -0.1999999999999998723 ) ) ;
#4868 = FACE_OUTER_BOUND ( 'NONE', #5256, .T. ) ;
#4869 = VERTEX_POINT ( 'NONE', #8619 ) ;
#4870 = ORIENTED_EDGE ( 'NONE', *, *, #1831, .T. ) ;
#4871 = VERTEX_POINT ( 'NONE', #1677 ) ;
#4872 = VERTEX_POINT ( 'NONE', #4760 ) ;
#4873 = ORIENTED_EDGE ( 'NONE', *, *, #2871, .F. ) ;
#4874 = CIRCLE ( 'NONE', #3756, 0.02000000000000005246 ) ;
#4875 = DIRECTION ( 'NONE',  ( 0.000000000000000000, 1.000000000000000000, 0.000000000000000000 ) ) ;
#4876 = CARTESIAN_POINT ( 'NONE',  ( 0.7750000000000002442, 0.000000000000000000, -0.7749999999999999112 ) ) ;
#4877 = ADVANCED_FACE ( 'NONE', ( #7130 ), #2533, .F. ) ;
#4878 = CARTESIAN_POINT ( 'NONE',  ( -0.2999999999999995448, 0.05000000000000012768, 0.9150000000000001465 ) ) ;
#4879 = EDGE_CURVE ( 'NONE', #8510, #5679, #1016, .T. ) ;
#4880 = LINE ( 'NONE', #7914, #7470 ) ;
#4881 = ORIENTED_EDGE ( 'NONE', *, *, #4934, .F. ) ;
#4882 = AXIS2_PLACEMENT_3D ( 'NONE', #5069, #8170, #8372 ) ;
#4884 = VECTOR ( 'NONE', #8174, 1000.000000000000000 ) ;
#4883 = DIRECTION ( 'NONE',  ( 1.000000000000000000, -0.000000000000000000, -0.000000000000000000 ) ) ;
#4885 = CARTESIAN_POINT ( 'NONE',  ( -0.9149999999999952616, 0.05000000000000012768, -0.3250000000000000666 ) ) ;
#4886 = CARTESIAN_POINT ( 'NONE',  ( -0.7549999999999857936, 0.05000000000000012768, 0.7550000000000000044 ) ) ;
#4887 = AXIS2_PLACEMENT_3D ( 'NONE', #3857, #5265, #7792 ) ;
#4888 = VECTOR ( 'NONE', #8801, 1000.000000000000000 ) ;
#4889 = LINE ( 'NONE', #8031, #2211 ) ;
#4890 = EDGE_CURVE ( 'NONE', #22, #4062, #8853, .T. ) ;
#4891 = CARTESIAN_POINT ( 'NONE',  ( -0.07999999999999929390, 0.000000000000000000, 0.9350000000000000533 ) ) ;
#4892 = ADVANCED_FACE ( 'NONE', ( #3708 ), #6774, .F. ) ;
#4893 = CARTESIAN_POINT ( 'NONE',  ( 0.7749999999999904743, 0.000000000000000000, 0.3050000000000003819 ) ) ;
#4894 = ORIENTED_EDGE ( 'NONE', *, *, #5221, .T. ) ;
#4895 = PLANE ( 'NONE',  #5153 ) ;
#4896 = ORIENTED_EDGE ( 'NONE', *, *, #3198, .F. ) ;
#4897 = AXIS2_PLACEMENT_3D ( 'NONE', #5017, #6390, #6482 ) ;
#4898 = ORIENTED_EDGE ( 'NONE', *, *, #1033, .T. ) ;
#4899 = LINE ( 'NONE', #8243, #7207 ) ;
#4900 = DIRECTION ( 'NONE',  ( -0.000000000000000000, -1.000000000000000000, -0.000000000000000000 ) ) ;
#4901 = LINE ( 'NONE', #3289, #4182 ) ;
#4902 = ADVANCED_FACE ( 'NONE', ( #2699 ), #6491, .F. ) ;
#4903 = CARTESIAN_POINT ( 'NONE',  ( -0.4800000000000080869, 0.000000000000000000, -0.7549999999999948974 ) ) ;
#4904 = EDGE_LOOP ( 'NONE', ( #4608, #537, #3426, #3108 ) ) ;
#4905 = DIRECTION ( 'NONE',  ( 0.000000000000000000, 1.000000000000000000, 0.000000000000000000 ) ) ;
#4906 = DIRECTION ( 'NONE',  ( 1.000000000000000000, 0.000000000000000000, 0.000000000000000000 ) ) ;
#4907 = DIRECTION ( 'NONE',  ( 0.000000000000000000, 0.000000000000000000, 1.000000000000000000 ) ) ;
#4908 = ORIENTED_EDGE ( 'NONE', *, *, #9215, .F. ) ;
#4909 = DIRECTION ( 'NONE',  ( 0.000000000000000000, 1.000000000000000000, 0.000000000000000000 ) ) ;
#4910 = CARTESIAN_POINT ( 'NONE',  ( 1.000000000000000222, 0.1199999999999999956, 0.7000000000000005107 ) ) ;
#4911 = ORIENTED_EDGE ( 'NONE', *, *, #1563, .F. ) ;
#4912 = ORIENTED_EDGE ( 'NONE', *, *, #4536, .F. ) ;
#4913 = AXIS2_PLACEMENT_3D ( 'NONE', #9525, #7336, #6571 ) ;
#4914 = CARTESIAN_POINT ( 'NONE',  ( -0.02500000000000006384, 0.1199999999999999956, -1.000000000000000222 ) ) ;
#4915 = EDGE_CURVE ( 'NONE', #8289, #2429, #289, .T. ) ;
#4916 = ADVANCED_FACE ( 'NONE', ( #2048 ), #577, .T. ) ;
#4917 = EDGE_CURVE ( 'NONE', #3290, #808, #4784, .T. ) ;
#4918 = CARTESIAN_POINT ( 'NONE',  ( 0.4250000000000039302, 0.06999999999999975686, 0.6500000000000003553 ) ) ;
#4919 = VERTEX_POINT ( 'NONE', #9139 ) ;
#4920 = ORIENTED_EDGE ( 'NONE', *, *, #6901, .F. ) ;
#4921 = VERTEX_POINT ( 'NONE', #4526 ) ;
#4922 = AXIS2_PLACEMENT_3D ( 'NONE', #7686, #6224, #3144 ) ;
#4923 = ORIENTED_EDGE ( 'NONE', *, *, #1772, .T. ) ;
#4924 = CARTESIAN_POINT ( 'NONE',  ( -0.02500000000000006384, 0.1199999999999999956, 0.9999999999999997780 ) ) ;
#4926 = VECTOR ( 'NONE', #5513, 1000.000000000000000 ) ;
#4925 = DIRECTION ( 'NONE',  ( 0.000000000000000000, 0.000000000000000000, -1.000000000000000000 ) ) ;
#4927 = EDGE_CURVE ( 'NONE', #3100, #5673, #2752, .T. ) ;
#4928 = CARTESIAN_POINT ( 'NONE',  ( -0.9349999999999952793, 0.05000000000000012768, -0.1450000000000000455 ) ) ;
#4929 = CARTESIAN_POINT ( 'NONE',  ( -0.9149999999999952616, 0.05000000000000012768, -0.3050000000000000488 ) ) ;
#4930 = ORIENTED_EDGE ( 'NONE', *, *, #4218, .F. ) ;
#4931 = CARTESIAN_POINT ( 'NONE',  ( 0.3200000000000005618, 0.05000000000000012768, 0.9149999999999998135 ) ) ;
#4932 = CARTESIAN_POINT ( 'NONE',  ( -0.5000000000000002220, 0.05000000000000012768, -0.3750000000000000000 ) ) ;
#4933 = VECTOR ( 'NONE', #5747, 1000.000000000000000 ) ;
#4934 = EDGE_CURVE ( 'NONE', #1202, #7776, #8181, .T. ) ;
#4935 = DIRECTION ( 'NONE',  ( -0.000000000000000000, -1.000000000000000000, -0.000000000000000000 ) ) ;
#4936 = CARTESIAN_POINT ( 'NONE',  ( 0.4250000000000039302, 0.1199999999999999956, 0.9999999999999997780 ) ) ;
#4937 = VECTOR ( 'NONE', #8419, 1000.000000000000000 ) ;
#4938 = DIRECTION ( 'NONE',  ( 0.000000000000000000, 1.000000000000000000, -0.000000000000000000 ) ) ;
#4939 = ORIENTED_EDGE ( 'NONE', *, *, #2232, .T. ) ;
#4940 = CARTESIAN_POINT ( 'NONE',  ( -0.9999999999999997780, 0.06999999999999975686, -0.7000000000000000666 ) ) ;
#4941 = VERTEX_POINT ( 'NONE', #2352 ) ;
#4942 = UNCERTAINTY_MEASURE_WITH_UNIT (LENGTH_MEASURE( 1.000000000000000082E-05 ), #6432, 'distance_accuracy_value', 'NONE');
#4943 = ORIENTED_EDGE ( 'NONE', *, *, #7289, .T. ) ;
#4944 = VECTOR ( 'NONE', #8063, 1000.000000000000000 ) ;
#4945 = DIRECTION ( 'NONE',  ( -0.000000000000000000, -1.000000000000000000, -0.000000000000000000 ) ) ;
#4946 = CARTESIAN_POINT ( 'NONE',  ( 0.4250000000000039302, 0.06999999999999975686, 0.9999999999999997780 ) ) ;
#4947 = DIRECTION ( 'NONE',  ( 0.000000000000000000, 0.000000000000000000, 1.000000000000000000 ) ) ;
#4948 = ORIENTED_EDGE ( 'NONE', *, *, #3851, .F. ) ;
#4949 = DIRECTION ( 'NONE',  ( -0.000000000000000000, -1.000000000000000000, -0.000000000000000000 ) ) ;
#4950 = CARTESIAN_POINT ( 'NONE',  ( 0.3750000000000037748, 0.06999999999999975686, -0.7000000000000000666 ) ) ;
#4951 = FACE_BOUND ( 'NONE', #8101, .T. ) ;
#4952 = CIRCLE ( 'NONE', #6249, 0.02000000000000005246 ) ;
#4953 = EDGE_CURVE ( 'NONE', #2610, #3580, #6851, .T. ) ;
#4954 = AXIS2_PLACEMENT_3D ( 'NONE', #7965, #8677, #4966 ) ;
#4955 = MANIFOLD_SOLID_BREP ( 'Boss-Extrude3[13]', #7433 ) ;
#4956 = CARTESIAN_POINT ( 'NONE',  ( 0.7550000000000000044, 0.05000000000000012768, -0.7549999999999996714 ) ) ;
#4957 = DIRECTION ( 'NONE',  ( 0.000000000000000000, 0.000000000000000000, 1.000000000000000000 ) ) ;
#4958 = LINE ( 'NONE', #3400, #4722 ) ;
#4959 = ORIENTED_EDGE ( 'NONE', *, *, #7722, .F. ) ;
#4960 = CARTESIAN_POINT ( 'NONE',  ( 0.08000000000000061229, 0.05000000000000012768, 0.7750000000000001332 ) ) ;
#4961 = ORIENTED_EDGE ( 'NONE', *, *, #8520, .F. ) ;
#4962 = VECTOR ( 'NONE', #6125, 1000.000000000000000 ) ;
#4963 = ORIENTED_EDGE ( 'NONE', *, *, #9255, .T. ) ;
#4964 = EDGE_CURVE ( 'NONE', #8817, #9485, #5782, .T. ) ;
#4965 = EDGE_CURVE ( 'NONE', #4471, #8959, #575, .T. ) ;
#4966 = DIRECTION ( 'NONE',  ( 1.000000000000000000, 0.000000000000000000, -0.000000000000000000 ) ) ;
#4967 = VECTOR ( 'NONE', #7198, 1000.000000000000000 ) ;
#4968 = AXIS2_PLACEMENT_3D ( 'NONE', #6436, #4875, #8115 ) ;
#4969 = DIRECTION ( 'NONE',  ( -0.000000000000000000, -0.000000000000000000, -1.000000000000000000 ) ) ;
#4970 = LINE ( 'NONE', #7291, #9744 ) ;
#4971 = DIRECTION ( 'NONE',  ( -0.000000000000000000, 1.000000000000000000, -0.000000000000000000 ) ) ;
#4972 = EDGE_LOOP ( 'NONE', ( #5426, #878, #4206, #3048 ) ) ;
#4973 = CARTESIAN_POINT ( 'NONE',  ( -0.7749999999999953593, 0.05000000000000012768, -0.3250000000000000666 ) ) ;
#4974 = PLANE ( 'NONE',  #9088 ) ;
#4975 = PLANE ( 'NONE',  #4221 ) ;
#4976 = VECTOR ( 'NONE', #3046, 1000.000000000000000 ) ;
#4977 = AXIS2_PLACEMENT_3D ( 'NONE', #3104, #4666, #5383 ) ;
#4978 = ADVANCED_FACE ( 'NONE', ( #8203 ), #4397, .T. ) ;
#4979 = EDGE_CURVE ( 'NONE', #5681, #6496, #809, .T. ) ;
#4980 = LINE ( 'NONE', #8231, #9454 ) ;
#4981 = LINE ( 'NONE', #1759, #1393 ) ;
#4982 = AXIS2_PLACEMENT_3D ( 'NONE', #11, #703, #3896 ) ;
#4984 = AXIS2_PLACEMENT_3D ( 'NONE', #812, #3902, #5461 ) ;
#4983 = CARTESIAN_POINT ( 'NONE',  ( -0.3750000000000037748, 0.06999999999999975686, -1.000000000000000222 ) ) ;
#4985 = LINE ( 'NONE', #8880, #3281 ) ;
#4986 = ORIENTED_EDGE ( 'NONE', *, *, #2506, .F. ) ;
#4987 = ADVANCED_FACE ( 'NONE', ( #6828 ), #7785, .T. ) ;
#4988 = LINE ( 'NONE', #1088, #5964 ) ;
#4989 = ORIENTED_EDGE ( 'NONE', *, *, #5547, .T. ) ;
#4990 = ORIENTED_EDGE ( 'NONE', *, *, #6437, .T. ) ;
#4991 = ORIENTED_EDGE ( 'NONE', *, *, #2507, .F. ) ;
#4992 = VECTOR ( 'NONE', #9934, 1000.000000000000000 ) ;
#4993 = DIRECTION ( 'NONE',  ( -0.000000000000000000, -0.000000000000000000, 1.000000000000000000 ) ) ;
#4994 = LINE ( 'NONE', #3388, #6931 ) ;
#4995 = CARTESIAN_POINT ( 'NONE',  ( 0.4250000000000039302, 0.1199999999999999956, 0.2500000000000004441 ) ) ;
#4996 = ORIENTED_EDGE ( 'NONE', *, *, #8894, .F. ) ;
#4997 = CARTESIAN_POINT ( 'NONE',  ( -0.9149999999999952616, 0.000000000000000000, -0.3250000000000000666 ) ) ;
#4998 = PLANE ( 'NONE',  #1913 ) ;
#4999 = CARTESIAN_POINT ( 'NONE',  ( -0.7549999999999905675, 0.05000000000000012768, 0.1449999999999999345 ) ) ;
#5000 = ORIENTED_EDGE ( 'NONE', *, *, #2810, .T. ) ;
#5001 = PLANE ( 'NONE',  #9005 ) ;
#5002 = EDGE_CURVE ( 'NONE', #9818, #9884, #6363, .T. ) ;
#5003 = VERTEX_POINT ( 'NONE', #6504 ) ;
#5004 = VERTEX_POINT ( 'NONE', #6595 ) ;
#5005 = DIRECTION ( 'NONE',  ( -0.000000000000000000, -1.000000000000000000, -0.000000000000000000 ) ) ;
#5006 = CARTESIAN_POINT ( 'NONE',  ( -0.02500000000000006384, 0.06999999999999986788, -1.000000000000000222 ) ) ;
#5007 = VERTEX_POINT ( 'NONE', #9790 ) ;
#5008 = EDGE_CURVE ( 'NONE', #7371, #7601, #5195, .T. ) ;
#5009 = CARTESIAN_POINT ( 'NONE',  ( -0.3750000000000037748, 0.1199999999999999956, 0.2500000000000004441 ) ) ;
#5010 = CARTESIAN_POINT ( 'NONE',  ( 0.5000000000000000000, 0.05000000000000012768, -0.9149999999999997025 ) ) ;
#5011 = ORIENTED_EDGE ( 'NONE', *, *, #4091, .T. ) ;
#5012 = VERTEX_POINT ( 'NONE', #2930 ) ;
#5013 = DIRECTION ( 'NONE',  ( -0.000000000000000000, -1.000000000000000000, -0.000000000000000000 ) ) ;
#5014 = VECTOR ( 'NONE', #7032, 1000.000000000000000 ) ;
#5015 = DIRECTION ( 'NONE',  ( 0.000000000000000000, -1.000000000000000000, 0.000000000000000000 ) ) ;
#5016 = DIRECTION ( 'NONE',  ( -0.000000000000000000, 0.000000000000000000, 1.000000000000000000 ) ) ;
#5017 = CARTESIAN_POINT ( 'NONE',  ( 0.7750000000000001332, 0.05000000000000012768, -0.5949999999999998623 ) ) ;
#5019 = ORIENTED_EDGE ( 'NONE', *, *, #3692, .T. ) ;
#5018 = DIRECTION ( 'NONE',  ( -0.000000000000000000, 1.000000000000000000, -0.000000000000000000 ) ) ;
#5020 = EDGE_CURVE ( 'NONE', #6105, #3499, #5302, .T. ) ;
#5021 = FACE_OUTER_BOUND ( 'NONE', #3826, .T. ) ;
#5022 = CARTESIAN_POINT ( 'NONE',  ( -0.02500000000000006384, 0.1199999999999999956, -1.000000000000000222 ) ) ;
#5023 = VECTOR ( 'NONE', #8976, 1000.000000000000000 ) ;
#5024 = AXIS2_PLACEMENT_3D ( 'NONE', #1154, #3713, #1978 ) ;
#5025 = DIRECTION ( 'NONE',  ( 0.000000000000000000, 0.000000000000000000, 1.000000000000000000 ) ) ;
#5026 = CARTESIAN_POINT ( 'NONE',  ( -0.3750000000000037748, 0.1199999999999999956, 0.2000000000000003164 ) ) ;
#5027 = AXIS2_PLACEMENT_3D ( 'NONE', #5695, #7342, #9578 ) ;
#5028 = FILL_AREA_STYLE_COLOUR ( '', #9013 ) ;
#5029 = DIRECTION ( 'NONE',  ( 0.000000000000000000, 1.000000000000000000, 0.000000000000000000 ) ) ;
#5030 = EDGE_LOOP ( 'NONE', ( #7630, #36, #4855, #7475 ) ) ;
#5031 = EDGE_CURVE ( 'NONE', #4872, #8817, #7868, .T. ) ;
#5032 = ORIENTED_EDGE ( 'NONE', *, *, #5968, .F. ) ;
#5033 = EDGE_CURVE ( 'NONE', #8222, #3827, #7981, .T. ) ;
#5034 = ADVANCED_FACE ( 'NONE', ( #940 ), #7014, .F. ) ;
#5035 = DIRECTION ( 'NONE',  ( -0.000000000000000000, -1.000000000000000000, -0.000000000000000000 ) ) ;
#5036 = CARTESIAN_POINT ( 'NONE',  ( 0.4250000000000039302, 0.1199999999999999956, 0.2000000000000003164 ) ) ;
#5037 = ORIENTED_EDGE ( 'NONE', *, *, #9368, .F. ) ;
#5038 = EDGE_LOOP ( 'NONE', ( #7460, #5672, #2018, #2983 ) ) ;
#5039 = MANIFOLD_SOLID_BREP ( 'Boss-Extrude3[8]', #181 ) ;
#5040 = AXIS2_PLACEMENT_3D ( 'NONE', #6562, #2731, #4349 ) ;
#5041 = VECTOR ( 'NONE', #3414, 1000.000000000000000 ) ;
#5042 = DIRECTION ( 'NONE',  ( 0.000000000000000000, 0.000000000000000000, -1.000000000000000000 ) ) ;
#5043 = DIRECTION ( 'NONE',  ( 0.000000000000000000, -1.000000000000000000, 0.000000000000000000 ) ) ;
#5044 = CARTESIAN_POINT ( 'NONE',  ( 0.5000000000000001110, 0.05000000000000012768, -0.7750000000000000222 ) ) ;
#5045 = DIRECTION ( 'NONE',  ( -0.000000000000000000, 1.000000000000000000, -0.000000000000000000 ) ) ;
#5046 = FACE_OUTER_BOUND ( 'NONE', #573, .T. ) ;
#5047 = CARTESIAN_POINT ( 'NONE',  ( 0.3200000000000000067, 0.000000000000000000, -0.9149999999999998135 ) ) ;
#5048 = AXIS2_PLACEMENT_3D ( 'NONE', #8248, #6116, #7468 ) ;
#5049 = FACE_OUTER_BOUND ( 'NONE', #3243, .T. ) ;
#5050 = DIRECTION ( 'NONE',  ( -0.000000000000000000, -0.000000000000000000, 1.000000000000000000 ) ) ;
#5051 = ORIENTED_EDGE ( 'NONE', *, *, #5220, .T. ) ;
#5052 = FACE_OUTER_BOUND ( 'NONE', #3474, .T. ) ;
#5053 = ORIENTED_EDGE ( 'NONE', *, *, #5220, .F. ) ;
#5054 = ADVANCED_FACE ( 'NONE', ( #8786 ), #2701, .T. ) ;
#5055 = STYLED_ITEM ( 'NONE', ( #148 ), #1721 ) ;
#5056 = CYLINDRICAL_SURFACE ( 'NONE', #9989, 0.1000000000000001582 ) ;
#5057 = LINE ( 'NONE', #5772, #9130 ) ;
#5058 = FACE_OUTER_BOUND ( 'NONE', #7412, .T. ) ;
#5059 = CARTESIAN_POINT ( 'NONE',  ( 0.3000000000000004885, 0.05000000000000012768, 0.7750000000000000222 ) ) ;
#5060 = ORIENTED_EDGE ( 'NONE', *, *, #1451, .T. ) ;
#5061 = CARTESIAN_POINT ( 'NONE',  ( -0.4800000000000110290, 0.000000000000000000, -0.9149999999999951505 ) ) ;
#5062 = VERTEX_POINT ( 'NONE', #5081 ) ;
#5063 = ORIENTED_EDGE ( 'NONE', *, *, #3879, .F. ) ;
#5064 = EDGE_CURVE ( 'NONE', #1070, #5681, #481, .T. ) ;
#5065 = DIRECTION ( 'NONE',  ( 0.000000000000000000, 1.000000000000000000, 0.000000000000000000 ) ) ;
#5066 = ADVANCED_FACE ( 'NONE', ( #3359 ), #9469, .F. ) ;
#5067 = LINE ( 'NONE', #622, #2239 ) ;
#5068 = LINE ( 'NONE', #5787, #1687 ) ;
#5069 = CARTESIAN_POINT ( 'NONE',  ( 0.4799999999999999267, 0.05000000000000012768, -0.9149999999999998135 ) ) ;
#5072 = ORIENTED_EDGE ( 'NONE', *, *, #1641, .T. ) ;
#5071 = CIRCLE ( 'NONE', #4913, 0.01999999999999885897 ) ;
#5070 = CARTESIAN_POINT ( 'NONE',  ( 0.4250000000000039302, 0.06999999999999975686, 0.6500000000000003553 ) ) ;
#5073 = MANIFOLD_SOLID_BREP ( 'Boss-Extrude3[5]', #5819 ) ;
#5074 = LINE ( 'NONE', #7295, #2257 ) ;
#5075 = DIRECTION ( 'NONE',  ( 1.000000000000000000, 0.000000000000000000, 0.000000000000000000 ) ) ;
#5076 = DIRECTION ( 'NONE',  ( 0.000000000000000000, 1.000000000000000000, 0.000000000000000000 ) ) ;
#5077 = PLANE ( 'NONE',  #4484 ) ;
#5078 = VECTOR ( 'NONE', #611, 1000.000000000000000 ) ;
#5079 = EDGE_CURVE ( 'NONE', #4731, #6966, #3501, .T. ) ;
#5080 = CARTESIAN_POINT ( 'NONE',  ( -0.7749999999999859224, 0.000000000000000000, 0.5950000000000000844 ) ) ;
#5081 = CARTESIAN_POINT ( 'NONE',  ( 0.3750000000000037748, 0.06999999999999985401, -0.2500000000000000000 ) ) ;
#5082 = DIRECTION ( 'NONE',  ( 0.000000000000000000, 0.000000000000000000, -1.000000000000000000 ) ) ;
#5083 = DIRECTION ( 'NONE',  ( 1.000000000000000000, 0.000000000000000000, 0.000000000000000000 ) ) ;
#5084 = ORIENTED_EDGE ( 'NONE', *, *, #8077, .F. ) ;
#5085 = ORIENTED_EDGE ( 'NONE', *, *, #9187, .T. ) ;
#5086 = FACE_BOUND ( 'NONE', #9355, .T. ) ;
#5087 = CARTESIAN_POINT ( 'NONE',  ( -0.9349999999999952793, 0.05000000000000012768, -0.3050000000000000488 ) ) ;
#5088 = VERTEX_POINT ( 'NONE', #226 ) ;
#5089 = VECTOR ( 'NONE', #7019, 1000.000000000000000 ) ;
#5090 = SURFACE_SIDE_STYLE ('',( #8988 ) ) ;
#5091 = EDGE_CURVE ( 'NONE', #6325, #9889, #2945, .T. ) ;
#5092 = ADVANCED_FACE ( 'NONE', ( #1887 ), #6020, .F. ) ;
#5093 = AXIS2_PLACEMENT_3D ( 'NONE', #1129, #1218, #7302 ) ;
#5094 = CARTESIAN_POINT ( 'NONE',  ( -0.4250000000000039302, 0.06999999999999975686, 0.6500000000000003553 ) ) ;
#5095 = CARTESIAN_POINT ( 'NONE',  ( -0.3750000000000037748, 0.1199999999999999956, -0.1999999999999998723 ) ) ;
#5096 = DIRECTION ( 'NONE',  ( 0.000000000000000000, 0.000000000000000000, -1.000000000000000000 ) ) ;
#5097 = ORIENTED_EDGE ( 'NONE', *, *, #2155, .T. ) ;
#5098 = CARTESIAN_POINT ( 'NONE',  ( -0.4800000000000080869, 0.05000000000000012768, 0.9349999999999983880 ) ) ;
#5099 = PLANE ( 'NONE',  #3929 ) ;
#5100 = ORIENTED_EDGE ( 'NONE', *, *, #2010, .F. ) ;
#5101 = VERTEX_POINT ( 'NONE', #4550 ) ;
#5102 = COLOUR_RGB ( '',0.7921568627450980005, 0.8196078431372548767, 0.9333333333333333481 ) ;
#5103 = EDGE_CURVE ( 'NONE', #1155, #2941, #1353, .T. ) ;
#5104 = MANIFOLD_SOLID_BREP ( 'Boss-Extrude3[14]', #6788 ) ;
#5106 = VECTOR ( 'NONE', #6006, 1000.000000000000000 ) ;
#5105 = DIRECTION ( 'NONE',  ( 0.000000000000000000, 1.000000000000000000, 0.000000000000000000 ) ) ;
#5107 = FACE_BOUND ( 'NONE', #9050, .T. ) ;
#5108 = CARTESIAN_POINT ( 'NONE',  ( 0.4250000000000039302, 0.06999999999999975686, 0.9999999999999997780 ) ) ;
#5109 = CARTESIAN_POINT ( 'NONE',  ( 0.02500000000000006384, 0.06999999999999975686, -0.7000000000000000666 ) ) ;
#5110 = ORIENTED_EDGE ( 'NONE', *, *, #596, .T. ) ;
#5111 = DIRECTION ( 'NONE',  ( -0.000000000000000000, 1.000000000000000000, -0.000000000000000000 ) ) ;
#5112 = ADVANCED_FACE ( 'NONE', ( #2887 ), #9059, .F. ) ;
#5113 = ORIENTED_EDGE ( 'NONE', *, *, #1510, .F. ) ;
#5114 = ORIENTED_EDGE ( 'NONE', *, *, #5079, .F. ) ;
#5115 = VECTOR ( 'NONE', #1560, 1000.000000000000000 ) ;
#5116 = CARTESIAN_POINT ( 'NONE',  ( -0.07999999999999944655, 0.05000000000000012768, 0.7550000000000000044 ) ) ;
#5117 = LINE ( 'NONE', #6786, #2707 ) ;
#5118 = CARTESIAN_POINT ( 'NONE',  ( -0.9999999999999997780, 0.05000000000000012768, 0.9999999999999997780 ) ) ;
#5119 = VECTOR ( 'NONE', #2220, 1000.000000000000000 ) ;
#5120 = CARTESIAN_POINT ( 'NONE',  ( -0.07999999999999993228, 0.000000000000000000, -0.7549999999999997824 ) ) ;
#5121 = ORIENTED_EDGE ( 'NONE', *, *, #5697, .F. ) ;
#5122 = ORIENTED_EDGE ( 'NONE', *, *, #3486, .F. ) ;
#5123 = CARTESIAN_POINT ( 'NONE',  ( -0.9349999999999952793, 0.000000000000000000, -0.1450000000000000455 ) ) ;
#5124 = CARTESIAN_POINT ( 'NONE',  ( -0.3200000000000002287, 0.05000000000000012768, -0.9349999999999998312 ) ) ;
#5125 = CARTESIAN_POINT ( 'NONE',  ( 0.7549999999999950084, 0.05000000000000012768, -0.3049999999999998268 ) ) ;
#5126 = EDGE_CURVE ( 'NONE', #2054, #9485, #4799, .T. ) ;
#5127 = ORIENTED_EDGE ( 'NONE', *, *, #971, .T. ) ;
#5128 = EDGE_LOOP ( 'NONE', ( #4509, #4746, #1859, #8702 ) ) ;
#5129 = CIRCLE ( 'NONE', #4004, 0.02000000000000005246 ) ;
#5130 = CARTESIAN_POINT ( 'NONE',  ( 0.4250000000000039302, 0.1199999999999999956, -0.7000000000000000666 ) ) ;
#5131 = DIRECTION ( 'NONE',  ( 0.000000000000000000, -1.000000000000000000, 0.000000000000000000 ) ) ;
#5132 = VERTEX_POINT ( 'NONE', #3187 ) ;
#5133 = ORIENTED_EDGE ( 'NONE', *, *, #4290, .F. ) ;
#5134 = DIRECTION ( 'NONE',  ( -0.000000000000000000, -1.000000000000000000, -0.000000000000000000 ) ) ;
#5135 = AXIS2_PLACEMENT_3D ( 'NONE', #5237, #4582, #6904 ) ;
#5136 = CARTESIAN_POINT ( 'NONE',  ( -0.9149999999999905986, 0.05000000000000012768, 0.1449999999999999345 ) ) ;
#5138 = EDGE_LOOP ( 'NONE', ( #2570, #8328, #9290, #1371 ) ) ;
#5137 = CIRCLE ( 'NONE', #6269, 0.01999999999999614933 ) ;
#5139 = EDGE_CURVE ( 'NONE', #3844, #6465, #16, .T. ) ;
#5140 = ORIENTED_EDGE ( 'NONE', *, *, #3249, .T. ) ;
#5141 = ORIENTED_EDGE ( 'NONE', *, *, #6343, .T. ) ;
#5142 = AXIS2_PLACEMENT_3D ( 'NONE', #6012, #9796, #7576 ) ;
#5143 = VECTOR ( 'NONE', #363, 1000.000000000000000 ) ;
#5144 = DIRECTION ( 'NONE',  ( -0.000000000000000000, -1.000000000000000000, -0.000000000000000000 ) ) ;
#5145 = DIRECTION ( 'NONE',  ( -1.000000000000000000, 0.000000000000000000, 0.000000000000000000 ) ) ;
#5146 = CARTESIAN_POINT ( 'NONE',  ( 0.9149999999999950395, 0.05000000000000012768, -0.1449999999999998512 ) ) ;
#5147 = CARTESIAN_POINT ( 'NONE',  ( -0.7549999999999952305, 0.05000000000000012768, -0.3050000000000000488 ) ) ;
#5148 = ORIENTED_EDGE ( 'NONE', *, *, #9068, .F. ) ;
#5149 = DIRECTION ( 'NONE',  ( 0.000000000000000000, 0.000000000000000000, 1.000000000000000000 ) ) ;
#5150 = PLANE ( 'NONE',  #9657 ) ;
#5151 = VERTEX_POINT ( 'NONE', #5508 ) ;
#5152 = ADVANCED_FACE ( 'NONE', ( #2322 ), #954, .T. ) ;
#5153 = AXIS2_PLACEMENT_3D ( 'NONE', #3424, #1136, #7986 ) ;
#5154 = VECTOR ( 'NONE', #5045, 1000.000000000000000 ) ;
#5155 = ORIENTED_EDGE ( 'NONE', *, *, #2034, .T. ) ;
#5156 = LINE ( 'NONE', #2225, #1401 ) ;
#5157 = DIRECTION ( 'NONE',  ( 1.000000000000000000, -0.000000000000000000, -0.000000000000000000 ) ) ;
#5158 = AXIS2_PLACEMENT_3D ( 'NONE', #4830, #3221, #1804 ) ;
#5159 = LINE ( 'NONE', #4447, #2712 ) ;
#5160 = DIRECTION ( 'NONE',  ( 0.000000000000000000, -0.000000000000000000, 1.000000000000000000 ) ) ;
#5161 = DIRECTION ( 'NONE',  ( 0.000000000000000000, 0.000000000000000000, 1.000000000000000000 ) ) ;
#5162 =( NAMED_UNIT ( * ) PLANE_ANGLE_UNIT ( ) SI_UNIT ( $, .RADIAN. ) );
#5163 = CARTESIAN_POINT ( 'NONE',  ( -0.9999999999999997780, -2.828427124746189847, -1.000000000000000222 ) ) ;
#5164 = ORIENTED_EDGE ( 'NONE', *, *, #4139, .F. ) ;
#5166 = EDGE_CURVE ( 'NONE', #704, #6420, #253, .T. ) ;
#5165 = CARTESIAN_POINT ( 'NONE',  ( -0.3750000000000037748, 0.06999999999999985401, 0.2500000000000003331 ) ) ;
#5167 = EDGE_CURVE ( 'NONE', #3277, #5753, #3429, .T. ) ;
#5168 = EDGE_CURVE ( 'NONE', #3833, #1223, #6245, .T. ) ;
#5169 = ORIENTED_EDGE ( 'NONE', *, *, #1698, .F. ) ;
#5170 = VERTEX_POINT ( 'NONE', #6541 ) ;
#5171 = PRESENTATION_LAYER_ASSIGNMENT (  '', '', ( #4524 ) ) ;
#5172 = CARTESIAN_POINT ( 'NONE',  ( 0.4999999999999997780, 0.05000000000000012768, 0.4799999999999998712 ) ) ;
#5173 = PLANE ( 'NONE',  #7883 ) ;
#5174 = FACE_OUTER_BOUND ( 'NONE', #9811, .T. ) ;
#5175 = CARTESIAN_POINT ( 'NONE',  ( -0.9999999999999997780, 0.06999999999999985401, -0.6500000000000000222 ) ) ;
#5177 = VERTEX_POINT ( 'NONE', #4851 ) ;
#5176 = DIRECTION ( 'NONE',  ( 1.000000000000000000, 0.000000000000000000, 0.000000000000000000 ) ) ;
#5178 = ORIENTED_EDGE ( 'NONE', *, *, #2074, .T. ) ;
#5179 = DIRECTION ( 'NONE',  ( 0.000000000000000000, 0.000000000000000000, -1.000000000000000000 ) ) ;
#5180 = VERTEX_POINT ( 'NONE', #4229 ) ;
#5181 = CLOSED_SHELL ( 'NONE', ( #5380, #5622, #2782, #8948, #5589, #5092, #9665, #8091, #985, #9123 ) ) ;
#5182 = ORIENTED_EDGE ( 'NONE', *, *, #3908, .T. ) ;
#5183 = EDGE_CURVE ( 'NONE', #8324, #3283, #1863, .T. ) ;
#5184 = FACE_BOUND ( 'NONE', #6834, .T. ) ;
#5185 = FACE_OUTER_BOUND ( 'NONE', #9623, .T. ) ;
#5186 = ORIENTED_EDGE ( 'NONE', *, *, #7674, .T. ) ;
#5187 = VERTEX_POINT ( 'NONE', #5808 ) ;
#5188 = CARTESIAN_POINT ( 'NONE',  ( -0.3200000000000089995, 0.000000000000000000, 0.9149999999999969269 ) ) ;
#5189 = DIRECTION ( 'NONE',  ( 0.000000000000000000, 0.000000000000000000, 1.000000000000000000 ) ) ;
#5190 = ORIENTED_EDGE ( 'NONE', *, *, #8282, .F. ) ;
#5191 = VECTOR ( 'NONE', #8638, 1000.000000000000000 ) ;
#5192 = EDGE_CURVE ( 'NONE', #2031, #4000, #754, .T. ) ;
#5193 = EDGE_CURVE ( 'NONE', #2470, #62, #7356, .T. ) ;
#5194 = CARTESIAN_POINT ( 'NONE',  ( -0.9999999999999997780, 0.1199999999999999956, -0.6500000000000000222 ) ) ;
#5195 = LINE ( 'NONE', #2664, #3016 ) ;
#5196 = FACE_OUTER_BOUND ( 'NONE', #7872, .T. ) ;
#5197 = CARTESIAN_POINT ( 'NONE',  ( 0.7749999999999904743, 0.000000000000000000, 0.1450000000000001565 ) ) ;
#5198 = ORIENTED_EDGE ( 'NONE', *, *, #2899, .F. ) ;
#5199 = CARTESIAN_POINT ( 'NONE',  ( -0.9999999999999997780, 0.1199999999999999956, 0.7000000000000005107 ) ) ;
#5200 = CARTESIAN_POINT ( 'NONE',  ( -0.4800000000000080869, 0.000000000000000000, 0.7549999999999984501 ) ) ;
#5201 = ORIENTED_EDGE ( 'NONE', *, *, #9461, .T. ) ;
#5202 = FACE_OUTER_BOUND ( 'NONE', #1587, .T. ) ;
#5203 = VECTOR ( 'NONE', #3506, 1000.000000000000000 ) ;
#5204 = PRESENTATION_LAYER_ASSIGNMENT (  '', '', ( #9252 ) ) ;
#5205 = ORIENTED_EDGE ( 'NONE', *, *, #1945, .F. ) ;
#5206 = ORIENTED_EDGE ( 'NONE', *, *, #2953, .T. ) ;
#5207 = DIRECTION ( 'NONE',  ( -0.000000000000000000, -1.000000000000000000, -0.000000000000000000 ) ) ;
#5208 = EDGE_CURVE ( 'NONE', #8945, #3499, #2572, .T. ) ;
#5209 = MANIFOLD_SOLID_BREP ( 'Boss-Extrude3[1]', #1288 ) ;
#5210 = VECTOR ( 'NONE', #2896, 1000.000000000000000 ) ;
#5211 = STYLED_ITEM ( 'NONE', ( #6061 ), #1621 ) ;
#5212 = DIRECTION ( 'NONE',  ( -0.000000000000000000, -1.000000000000000000, -0.000000000000000000 ) ) ;
#5213 = DIRECTION ( 'NONE',  ( 0.000000000000000000, 1.000000000000000000, -0.000000000000000000 ) ) ;
#5214 = FACE_OUTER_BOUND ( 'NONE', #8236, .T. ) ;
#5215 = CARTESIAN_POINT ( 'NONE',  ( -0.4250000000000039302, 0.06999999999999986788, -1.000000000000000222 ) ) ;
#5216 = FACE_OUTER_BOUND ( 'NONE', #2343, .T. ) ;
#5217 = ORIENTED_EDGE ( 'NONE', *, *, #303, .T. ) ;
#5218 = VERTEX_POINT ( 'NONE', #5901 ) ;
#5219 = VERTEX_POINT ( 'NONE', #2210 ) ;
#5220 = EDGE_CURVE ( 'NONE', #4941, #1968, #4899, .T. ) ;
#5221 = EDGE_CURVE ( 'NONE', #9780, #2149, #441, .T. ) ;
#5222 = EDGE_CURVE ( 'NONE', #660, #3367, #4485, .T. ) ;
#5223 = CARTESIAN_POINT ( 'NONE',  ( -0.4800000000000080869, 0.000000000000000000, -0.7749999999999952482 ) ) ;
#5224 = CARTESIAN_POINT ( 'NONE',  ( 0.07999999999999993228, 0.05000000000000012768, -0.7549999999999997824 ) ) ;
#5225 = FACE_OUTER_BOUND ( 'NONE', #9329, .T. ) ;
#5227 = VERTEX_POINT ( 'NONE', #9785 ) ;
#5226 = CARTESIAN_POINT ( 'NONE',  ( 0.1000000000000005329, 0.05000000000000012768, 0.9149999999999999245 ) ) ;
#5228 = ORIENTED_EDGE ( 'NONE', *, *, #9012, .T. ) ;
#5229 = CARTESIAN_POINT ( 'NONE',  ( -0.4250000000000039302, 0.1199999999999999956, -0.1999999999999998723 ) ) ;
#5230 = CARTESIAN_POINT ( 'NONE',  ( 0.3200000000000005618, 0.05000000000000012768, 0.9149999999999998135 ) ) ;
#5231 = VERTEX_POINT ( 'NONE', #5951 ) ;
#5232 = ORIENTED_EDGE ( 'NONE', *, *, #607, .F. ) ;
#5233 = EDGE_CURVE ( 'NONE', #4755, #2223, #9045, .T. ) ;
#5234 = VECTOR ( 'NONE', #8776, 1000.000000000000000 ) ;
#5235 = DIRECTION ( 'NONE',  ( 0.000000000000000000, 1.000000000000000000, 0.000000000000000000 ) ) ;
#5236 = CARTESIAN_POINT ( 'NONE',  ( 0.08000000000000037637, 0.05000000000000012768, 0.9350000000000000533 ) ) ;
#5237 = CARTESIAN_POINT ( 'NONE',  ( -0.09999999999999999167, 0.05000000000000012768, -0.9149999999999997025 ) ) ;
#5238 = VERTEX_POINT ( 'NONE', #7567 ) ;
#5239 = ORIENTED_EDGE ( 'NONE', *, *, #5354, .F. ) ;
#5240 = DIRECTION ( 'NONE',  ( 0.000000000000000000, 0.000000000000000000, 1.000000000000000000 ) ) ;
#5241 = CARTESIAN_POINT ( 'NONE',  ( 0.9149999999999903766, 0.05000000000000012768, 0.1250000000000001110 ) ) ;
#5242 = ORIENTED_EDGE ( 'NONE', *, *, #6097, .F. ) ;
#5243 = EDGE_CURVE ( 'NONE', #2040, #2489, #648, .T. ) ;
#5244 = AXIS2_PLACEMENT_3D ( 'NONE', #970, #4764, #9458 ) ;
#5245 = CARTESIAN_POINT ( 'NONE',  ( -0.9999999999999997780, 0.06999999999999985401, 0.2000000000000002054 ) ) ;
#5246 =( LENGTH_UNIT ( ) NAMED_UNIT ( * ) SI_UNIT ( .MILLI., .METRE. ) );
#5247 = DIRECTION ( 'NONE',  ( 0.000000000000000000, 0.000000000000000000, 1.000000000000000000 ) ) ;
#5248 = DIRECTION ( 'NONE',  ( 0.000000000000000000, 1.000000000000000000, -0.000000000000000000 ) ) ;
#5249 = AXIS2_PLACEMENT_3D ( 'NONE', #958, #6272, #9399 ) ;
#5250 = SURFACE_STYLE_FILL_AREA ( #699 ) ;
#5251 = ORIENTED_EDGE ( 'NONE', *, *, #1528, .F. ) ;
#5252 = PLANE ( 'NONE',  #562 ) ;
#5253 = CARTESIAN_POINT ( 'NONE',  ( 0.4250000000000039302, 0.1199999999999999956, 0.6500000000000003553 ) ) ;
#5254 = VERTEX_POINT ( 'NONE', #3741 ) ;
#5255 = ORIENTED_EDGE ( 'NONE', *, *, #8271, .T. ) ;
#5256 = EDGE_LOOP ( 'NONE', ( #371, #9142, #2881, #5269 ) ) ;
#5257 = EDGE_CURVE ( 'NONE', #4684, #2884, #5300, .T. ) ;
#5258 = ORIENTED_EDGE ( 'NONE', *, *, #488, .T. ) ;
#5259 = CARTESIAN_POINT ( 'NONE',  ( 1.000000000000000222, 0.1199999999999999956, -0.1999999999999998723 ) ) ;
#5260 = CARTESIAN_POINT ( 'NONE',  ( -0.3750000000000037748, 0.06999999999999986788, -1.000000000000000222 ) ) ;
#5261 = AXIS2_PLACEMENT_3D ( 'NONE', #5336, #6944, #6790 ) ;
#5262 = FACE_OUTER_BOUND ( 'NONE', #8523, .T. ) ;
#5263 = CARTESIAN_POINT ( 'NONE',  ( 0.3750000000000037748, 0.1199999999999999956, -1.000000000000000222 ) ) ;
#5264 =( LENGTH_UNIT ( ) NAMED_UNIT ( * ) SI_UNIT ( .MILLI., .METRE. ) );
#5265 = DIRECTION ( 'NONE',  ( 0.000000000000000000, 1.000000000000000000, 0.000000000000000000 ) ) ;
#5267 = EDGE_LOOP ( 'NONE', ( #9475, #8711, #9316, #2487 ) ) ;
#5266 = VECTOR ( 'NONE', #9559, 1000.000000000000000 ) ;
#5268 = DIRECTION ( 'NONE',  ( -0.000000000000000000, -1.000000000000000000, -0.000000000000000000 ) ) ;
#5269 = ORIENTED_EDGE ( 'NONE', *, *, #3117, .T. ) ;
#5270 = ORIENTED_EDGE ( 'NONE', *, *, #327, .F. ) ;
#5271 = EDGE_CURVE ( 'NONE', #8505, #9406, #3832, .T. ) ;
#5272 = STYLED_ITEM ( 'NONE', ( #1030 ), #5073 ) ;
#5273 = DIRECTION ( 'NONE',  ( 1.000000000000000000, 0.000000000000000000, -0.000000000000000000 ) ) ;
#5274 = DIRECTION ( 'NONE',  ( 0.000000000000000000, 1.000000000000000000, -0.000000000000000000 ) ) ;
#5275 = LINE ( 'NONE', #2848, #8797 ) ;
#5276 = CYLINDRICAL_SURFACE ( 'NONE', #4882, 0.02000000000000005246 ) ;
#5278 = VERTEX_POINT ( 'NONE', #7819 ) ;
#5277 = CARTESIAN_POINT ( 'NONE',  ( -0.9149999999999952616, 0.05000000000000012768, -0.3050000000000000488 ) ) ;
#5279 = ORIENTED_EDGE ( 'NONE', *, *, #1773, .T. ) ;
#5280 = APPLICATION_PROTOCOL_DEFINITION ( 'draft international standard', 'automotive_design', 1998, #1352 ) ;
#5281 = DIRECTION ( 'NONE',  ( -0.000000000000000000, -1.000000000000000000, -0.000000000000000000 ) ) ;
#5282 = ORIENTED_EDGE ( 'NONE', *, *, #4126, .T. ) ;
#5283 = EDGE_CURVE ( 'NONE', #5062, #9237, #8598, .T. ) ;
#5284 = EDGE_CURVE ( 'NONE', #4225, #2501, #3174, .T. ) ;
#5285 = ORIENTED_EDGE ( 'NONE', *, *, #1274, .F. ) ;
#5286 = ORIENTED_EDGE ( 'NONE', *, *, #5064, .T. ) ;
#5287 = VECTOR ( 'NONE', #5330, 1000.000000000000000 ) ;
#5288 = DIRECTION ( 'NONE',  ( -0.000000000000000000, -1.000000000000000000, -0.000000000000000000 ) ) ;
#5289 = EDGE_LOOP ( 'NONE', ( #3813, #131, #4758, #3681, #6051, #6917, #3050, #6010 ) ) ;
#5290 = ORIENTED_EDGE ( 'NONE', *, *, #4516, .F. ) ;
#5291 = LINE ( 'NONE', #8388, #1612 ) ;
#5292 = CARTESIAN_POINT ( 'NONE',  ( 0.7749999999999904743, 0.000000000000000000, 0.1450000000000001565 ) ) ;
#5293 = DIRECTION ( 'NONE',  ( 0.000000000000000000, 0.000000000000000000, -1.000000000000000000 ) ) ;
#5294 = EDGE_LOOP ( 'NONE', ( #9962, #7676, #3083, #391 ) ) ;
#5295 = EDGE_CURVE ( 'NONE', #1951, #4296, #425, .T. ) ;
#5296 = ADVANCED_FACE ( 'NONE', ( #3982 ), #8444, .F. ) ;
#5297 = EDGE_CURVE ( 'NONE', #5757, #3453, #3226, .T. ) ;
#5298 = EDGE_LOOP ( 'NONE', ( #7644, #2234, #8377, #1958 ) ) ;
#5299 = VECTOR ( 'NONE', #8189, 1000.000000000000000 ) ;
#5300 = LINE ( 'NONE', #5406, #2856 ) ;
#5301 = FILL_AREA_STYLE ('',( #1338 ) ) ;
#5302 = LINE ( 'NONE', #7621, #6077 ) ;
#5303 = EDGE_CURVE ( 'NONE', #9628, #2542, #7618, .T. ) ;
#5304 = DIRECTION ( 'NONE',  ( -0.000000000000000000, 0.000000000000000000, -1.000000000000000000 ) ) ;
#5305 = AXIS2_PLACEMENT_3D ( 'NONE', #6802, #9983, #8490 ) ;
#5307 = AXIS2_PLACEMENT_3D ( 'NONE', #9125, #5274, #869 ) ;
#5306 = FACE_OUTER_BOUND ( 'NONE', #7535, .T. ) ;
#5308 = CARTESIAN_POINT ( 'NONE',  ( -0.07999999999999993228, 0.05000000000000012768, -0.7549999999999997824 ) ) ;
#5309 = ORIENTED_EDGE ( 'NONE', *, *, #4934, .T. ) ;
#5310 = DIRECTION ( 'NONE',  ( 0.000000000000000000, 0.000000000000000000, 1.000000000000000000 ) ) ;
#5311 = DIRECTION ( 'NONE',  ( -0.000000000000000000, -1.000000000000000000, -0.000000000000000000 ) ) ;
#5312 = ORIENTED_EDGE ( 'NONE', *, *, #3920, .F. ) ;
#5313 = DIRECTION ( 'NONE',  ( -1.000000000000000000, 0.000000000000000000, -0.000000000000000000 ) ) ;
#5314 = ORIENTED_EDGE ( 'NONE', *, *, #4879, .T. ) ;
#5315 = ORIENTED_EDGE ( 'NONE', *, *, #9602, .F. ) ;
#5316 = ORIENTED_EDGE ( 'NONE', *, *, #8200, .T. ) ;
#5317 = AXIS2_PLACEMENT_3D ( 'NONE', #1291, #7422, #599 ) ;
#5318 = AXIS2_PLACEMENT_3D ( 'NONE', #904, #3434, #305 ) ;
#5319 = DIRECTION ( 'NONE',  ( 0.000000000000000000, 0.000000000000000000, 1.000000000000000000 ) ) ;
#5320 = CARTESIAN_POINT ( 'NONE',  ( 0.9149999999999903766, 0.05000000000000012768, 0.3050000000000003819 ) ) ;
#5322 = FACE_OUTER_BOUND ( 'NONE', #4683, .T. ) ;
#5321 = AXIS2_PLACEMENT_3D ( 'NONE', #2319, #5412, #8507 ) ;
#5323 = VECTOR ( 'NONE', #8888, 1000.000000000000000 ) ;
#5324 = DIRECTION ( 'NONE',  ( 1.000000000000000000, 0.000000000000000000, 0.000000000000000000 ) ) ;
#5325 = ORIENTED_EDGE ( 'NONE', *, *, #6752, .T. ) ;
#5326 = CYLINDRICAL_SURFACE ( 'NONE', #1463, 0.02000000000000005246 ) ;
#5327 = ORIENTED_EDGE ( 'NONE', *, *, #5091, .F. ) ;
#5328 = ORIENTED_EDGE ( 'NONE', *, *, #5405, .T. ) ;
#5329 = VECTOR ( 'NONE', #5591, 1000.000000000000000 ) ;
#5330 = DIRECTION ( 'NONE',  ( 0.000000000000000000, 0.000000000000000000, -1.000000000000000000 ) ) ;
#5331 = EDGE_CURVE ( 'NONE', #8806, #5180, #3029, .T. ) ;
#5332 = DIRECTION ( 'NONE',  ( 1.000000000000000000, 0.000000000000000000, 0.000000000000000000 ) ) ;
#5333 = EDGE_CURVE ( 'NONE', #463, #1564, #4590, .T. ) ;
#5334 = DIRECTION ( 'NONE',  ( -0.000000000000000000, 1.000000000000000000, -0.000000000000000000 ) ) ;
#5335 = CARTESIAN_POINT ( 'NONE',  ( 0.7550000000000000044, 0.05000000000000012768, -0.5949999999999999734 ) ) ;
#5337 = ORIENTED_EDGE ( 'NONE', *, *, #5935, .F. ) ;
#5336 = CARTESIAN_POINT ( 'NONE',  ( 0.3200000000000006173, 0.05000000000000012768, 0.7549999999999997824 ) ) ;
#5338 = EDGE_LOOP ( 'NONE', ( #6039, #1728, #4469, #3668 ) ) ;
#5339 = DIRECTION ( 'NONE',  ( -1.000000000000000000, 0.000000000000000000, -0.000000000000000000 ) ) ;
#5340 = PRODUCT_DEFINITION_FORMATION_WITH_SPECIFIED_SOURCE ( 'ANY', '', #4819, .NOT_KNOWN. ) ;
#5341 = LINE ( 'NONE', #2854, #6822 ) ;
#5342 = ORIENTED_EDGE ( 'NONE', *, *, #3417, .F. ) ;
#5343 = EDGE_CURVE ( 'NONE', #7275, #9038, #3793, .T. ) ;
#5344 = LINE ( 'NONE', #4422, #9432 ) ;
#5345 = SURFACE_SIDE_STYLE ('',( #4682 ) ) ;
#5346 = DIRECTION ( 'NONE',  ( -1.000000000000000000, 0.000000000000000000, 0.000000000000000000 ) ) ;
#5347 = EDGE_LOOP ( 'NONE', ( #1881, #1279, #6767, #1157 ) ) ;
#5348 = VERTEX_POINT ( 'NONE', #6112 ) ;
#5349 = FACE_OUTER_BOUND ( 'NONE', #9043, .T. ) ;
#5350 = PLANE ( 'NONE',  #3300 ) ;
#5351 = FACE_OUTER_BOUND ( 'NONE', #3208, .T. ) ;
#5352 = VECTOR ( 'NONE', #5268, 1000.000000000000000 ) ;
#5353 = EDGE_CURVE ( 'NONE', #1658, #9119, #6162, .T. ) ;
#5354 = EDGE_CURVE ( 'NONE', #8329, #3060, #743, .T. ) ;
#5355 =( NAMED_UNIT ( * ) SI_UNIT ( $, .STERADIAN. ) SOLID_ANGLE_UNIT ( ) );
#5356 = EDGE_CURVE ( 'NONE', #1000, #4780, #4689, .T. ) ;
#5357 = CARTESIAN_POINT ( 'NONE',  ( 0.02500000000000006384, 0.06999999999999986788, -0.2500000000000000000 ) ) ;
#5358 = VECTOR ( 'NONE', #24, 1000.000000000000000 ) ;
#5359 = PRESENTATION_STYLE_ASSIGNMENT (( #7 ) ) ;
#5360 = DIRECTION ( 'NONE',  ( 1.000000000000000000, -0.000000000000000000, -0.000000000000000000 ) ) ;
#5361 = EDGE_LOOP ( 'NONE', ( #5413, #7560, #5962, #5239 ) ) ;
#5362 = PLANE ( 'NONE',  #4613 ) ;
#5363 = LINE ( 'NONE', #3799, #465 ) ;
#5364 = ORIENTED_EDGE ( 'NONE', *, *, #3129, .T. ) ;
#5365 = UNCERTAINTY_MEASURE_WITH_UNIT (LENGTH_MEASURE( 1.000000000000000082E-05 ), #690, 'distance_accuracy_value', 'NONE');
#5366 = ORIENTED_EDGE ( 'NONE', *, *, #9604, .F. ) ;
#5367 = ORIENTED_EDGE ( 'NONE', *, *, #1180, .T. ) ;
#5368 = AXIS2_PLACEMENT_3D ( 'NONE', #2978, #6055, #9146 ) ;
#5369 = CARTESIAN_POINT ( 'NONE',  ( 1.000000000000000222, 0.1199999999999999956, -0.1999999999999998723 ) ) ;
#5370 = DIRECTION ( 'NONE',  ( 0.000000000000000000, 1.000000000000000000, 0.000000000000000000 ) ) ;
#5372 = AXIS2_PLACEMENT_3D ( 'NONE', #280, #3366, #6440 ) ;
#5371 = CARTESIAN_POINT ( 'NONE',  ( 0.7549999999999853495, 0.000000000000000000, 0.5950000000000000844 ) ) ;
#5373 = AXIS2_PLACEMENT_3D ( 'NONE', #7447, #6681, #3780 ) ;
#5374 = DIRECTION ( 'NONE',  ( 0.000000000000000000, 0.000000000000000000, 1.000000000000000000 ) ) ;
#5375 = CARTESIAN_POINT ( 'NONE',  ( 0.4250000000000039302, 0.06999999999999985401, 0.7000000000000005107 ) ) ;
#5376 = ORIENTED_EDGE ( 'NONE', *, *, #4105, .T. ) ;
#5377 = CARTESIAN_POINT ( 'NONE',  ( -0.9999999999999997780, 0.06999999999999975686, 0.2000000000000002054 ) ) ;
#5378 = ORIENTED_EDGE ( 'NONE', *, *, #5233, .F. ) ;
#5379 = ORIENTED_EDGE ( 'NONE', *, *, #2507, .T. ) ;
#5380 = ADVANCED_FACE ( 'NONE', ( #8080 ), #5795, .T. ) ;
#5381 = VECTOR ( 'NONE', #6720, 1000.000000000000000 ) ;
#5382 = DIRECTION ( 'NONE',  ( -0.000000000000000000, -0.000000000000000000, 1.000000000000000000 ) ) ;
#5383 = DIRECTION ( 'NONE',  ( 0.000000000000000000, -0.000000000000000000, 1.000000000000000000 ) ) ;
#5384 = CARTESIAN_POINT ( 'NONE',  ( -0.8249999999999997335, 0.5999999999999999778, -0.8250000000000000666 ) ) ;
#5385 = CARTESIAN_POINT ( 'NONE',  ( -0.3200000000000081113, 0.000000000000000000, -0.7749999999999984679 ) ) ;
#5387 = ORIENTED_EDGE ( 'NONE', *, *, #7323, .F. ) ;
#5386 = CARTESIAN_POINT ( 'NONE',  ( -0.9999999999999997780, 0.1199999999999999956, -0.2500000000000000000 ) ) ;
#5388 = DIRECTION ( 'NONE',  ( 0.000000000000000000, 1.000000000000000000, 0.000000000000000000 ) ) ;
#5390 = VECTOR ( 'NONE', #5346, 1000.000000000000000 ) ;
#5389 = LINE ( 'NONE', #9133, #3554 ) ;
#5391 = ORIENTED_EDGE ( 'NONE', *, *, #5257, .F. ) ;
#5392 = ORIENTED_EDGE ( 'NONE', *, *, #9566, .F. ) ;
#5393 = EDGE_CURVE ( 'NONE', #6105, #8151, #7299, .T. ) ;
#5394 = EDGE_CURVE ( 'NONE', #3833, #1361, #8027, .T. ) ;
#5395 = VERTEX_POINT ( 'NONE', #4031 ) ;
#5396 = DIRECTION ( 'NONE',  ( -7.744301232039333445E-16, -0.000000000000000000, -1.000000000000000000 ) ) ;
#5397 = VECTOR ( 'NONE', #8813, 1000.000000000000000 ) ;
#5398 = LINE ( 'NONE', #7811, #9177 ) ;
#5399 = FACE_OUTER_BOUND ( 'NONE', #4196, .T. ) ;
#5400 = ORIENTED_EDGE ( 'NONE', *, *, #9450, .T. ) ;
#5401 = CARTESIAN_POINT ( 'NONE',  ( -0.4250000000000039302, 0.1199999999999999956, 0.2000000000000003164 ) ) ;
#5402 = DIRECTION ( 'NONE',  ( -0.000000000000000000, -1.000000000000000000, -0.000000000000000000 ) ) ;
#5403 = CARTESIAN_POINT ( 'NONE',  ( -0.4250000000000039302, 0.06999999999999975686, -0.7000000000000000666 ) ) ;
#5404 = EDGE_LOOP ( 'NONE', ( #1349, #7445, #3577, #8060 ) ) ;
#5405 = EDGE_CURVE ( 'NONE', #1971, #2626, #9431, .T. ) ;
#5406 = CARTESIAN_POINT ( 'NONE',  ( -0.02500000000000006384, 0.1199999999999999956, -1.000000000000000222 ) ) ;
#5407 = VECTOR ( 'NONE', #8020, 1000.000000000000000 ) ;
#5408 =( NAMED_UNIT ( * ) PLANE_ANGLE_UNIT ( ) SI_UNIT ( $, .RADIAN. ) );
#5409 = DIRECTION ( 'NONE',  ( -0.000000000000000000, 1.000000000000000000, -0.000000000000000000 ) ) ;
#5410 = ORIENTED_EDGE ( 'NONE', *, *, #9927, .T. ) ;
#5411 = CARTESIAN_POINT ( 'NONE',  ( -0.9999999999999997780, 0.5999999999999999778, 0.9999999999999997780 ) ) ;
#5412 = DIRECTION ( 'NONE',  ( 0.000000000000000000, 1.000000000000000000, 0.000000000000000000 ) ) ;
#5413 = ORIENTED_EDGE ( 'NONE', *, *, #6362, .F. ) ;
#5414 = VECTOR ( 'NONE', #6942, 1000.000000000000000 ) ;
#5415 = EDGE_CURVE ( 'NONE', #9193, #7407, #2509, .T. ) ;
#5416 = ADVANCED_FACE ( 'NONE', ( #1325 ), #7399, .T. ) ;
#5417 = ORIENTED_EDGE ( 'NONE', *, *, #9839, .F. ) ;
#5418 = VECTOR ( 'NONE', #4237, 1000.000000000000000 ) ;
#5419 = DIRECTION ( 'NONE',  ( 0.000000000000000000, 1.000000000000000000, 0.000000000000000000 ) ) ;
#5420 = ORIENTED_EDGE ( 'NONE', *, *, #3496, .F. ) ;
#5421 = FACE_OUTER_BOUND ( 'NONE', #7502, .T. ) ;
#5422 = CARTESIAN_POINT ( 'NONE',  ( 0.7749999999999904743, 0.05000000000000012768, 0.1450000000000001565 ) ) ;
#5423 = CARTESIAN_POINT ( 'NONE',  ( 0.3750000000000037748, 0.06999999999999975686, 0.2000000000000003164 ) ) ;
#5424 = VERTEX_POINT ( 'NONE', #9772 ) ;
#5425 = FACE_BOUND ( 'NONE', #300, .T. ) ;
#5426 = ORIENTED_EDGE ( 'NONE', *, *, #1214, .F. ) ;
#5427 = AXIS2_PLACEMENT_3D ( 'NONE', #79, #3157, #6237 ) ;
#5428 = ADVANCED_FACE ( 'NONE', ( #8978 ), #7553, .F. ) ;
#5430 = COLOUR_RGB ( '',0.7921568627450980005, 0.8196078431372548767, 0.9333333333333333481 ) ;
#5429 = DIRECTION ( 'NONE',  ( -1.000000000000000000, -0.000000000000000000, -0.000000000000000000 ) ) ;
#5431 = DIRECTION ( 'NONE',  ( 0.000000000000000000, 1.000000000000000000, 0.000000000000000000 ) ) ;
#5432 = ADVANCED_FACE ( 'NONE', ( #7450 ), #2751, .F. ) ;
#5433 = DIRECTION ( 'NONE',  ( 1.000000000000000000, 0.000000000000000000, 0.000000000000000000 ) ) ;
#5435 = VERTEX_POINT ( 'NONE', #2157 ) ;
#5434 = CARTESIAN_POINT ( 'NONE',  ( 0.02500000000000006384, 0.06999999999999975686, -0.1999999999999998723 ) ) ;
#5436 = CARTESIAN_POINT ( 'NONE',  ( 0.9149999999999853806, 0.05000000000000012768, 0.7750000000000004663 ) ) ;
#5437 = VERTEX_POINT ( 'NONE', #1947 ) ;
#5438 = VERTEX_POINT ( 'NONE', #2858 ) ;
#5439 = DIRECTION ( 'NONE',  ( -1.000000000000000000, -0.000000000000000000, -0.000000000000000000 ) ) ;
#5440 = LINE ( 'NONE', #8590, #7658 ) ;
#5441 = PLANE ( 'NONE',  #4487 ) ;
#5442 = AXIS2_PLACEMENT_3D ( 'NONE', #3082, #893, #7773 ) ;
#5443 = ADVANCED_FACE ( 'NONE', ( #3674 ), #8126, .T. ) ;
#5444 = EDGE_LOOP ( 'NONE', ( #2784, #3086, #9824, #3296 ) ) ;
#5445 = CARTESIAN_POINT ( 'NONE',  ( -0.9349999999999858424, 0.05000000000000012768, 0.5950000000000000844 ) ) ;
#5446 = CARTESIAN_POINT ( 'NONE',  ( 0.7749999999999904743, 0.05000000000000012768, 0.3250000000000003997 ) ) ;
#5447 = DIRECTION ( 'NONE',  ( 0.000000000000000000, 0.000000000000000000, 1.000000000000000000 ) ) ;
#5448 = DIRECTION ( 'NONE',  ( -0.000000000000000000, 1.000000000000000000, -0.000000000000000000 ) ) ;
#5449 = AXIS2_PLACEMENT_3D ( 'NONE', #4332, #8245, #7418 ) ;
#5450 = CARTESIAN_POINT ( 'NONE',  ( 0.4250000000000039302, 0.1199999999999999956, -1.000000000000000222 ) ) ;
#5451 = LINE ( 'NONE', #5551, #9890 ) ;
#5452 = ORIENTED_EDGE ( 'NONE', *, *, #216, .T. ) ;
#5453 = LINE ( 'NONE', #6260, #5736 ) ;
#5454 = CARTESIAN_POINT ( 'NONE',  ( 0.02500000000000006384, 0.1199999999999999956, -0.7000000000000000666 ) ) ;
#5456 = EDGE_LOOP ( 'NONE', ( #8605, #7615, #9830, #9862 ) ) ;
#5455 = AXIS2_PLACEMENT_3D ( 'NONE', #2882, #8999, #6066 ) ;
#5457 = ORIENTED_EDGE ( 'NONE', *, *, #5393, .T. ) ;
#5458 = CIRCLE ( 'NONE', #4322, 0.01999999999999999695 ) ;
#5459 = VECTOR ( 'NONE', #4649, 1000.000000000000000 ) ;
#5460 = CARTESIAN_POINT ( 'NONE',  ( -0.4250000000000039302, 0.1199999999999999956, 0.9999999999999997780 ) ) ;
#5461 = DIRECTION ( 'NONE',  ( 0.000000000000000000, 0.000000000000000000, -1.000000000000000000 ) ) ;
#5462 = EDGE_CURVE ( 'NONE', #4529, #7474, #1993, .T. ) ;
#5463 = ORIENTED_EDGE ( 'NONE', *, *, #9604, .T. ) ;
#5464 = CARTESIAN_POINT ( 'NONE',  ( -0.4250000000000039302, 0.1199999999999999956, -0.1999999999999998723 ) ) ;
#5465 = FACE_OUTER_BOUND ( 'NONE', #2098, .T. ) ;
#5466 = CARTESIAN_POINT ( 'NONE',  ( 0.02500000000000006384, 0.06999999999999975686, -0.7000000000000000666 ) ) ;
#5467 = EDGE_LOOP ( 'NONE', ( #1264, #6769, #560, #4350 ) ) ;
#5468 = DIRECTION ( 'NONE',  ( 0.000000000000000000, 0.000000000000000000, 1.000000000000000000 ) ) ;
#5469 = VECTOR ( 'NONE', #6832, 1000.000000000000000 ) ;
#5470 = ORIENTED_EDGE ( 'NONE', *, *, #9253, .F. ) ;
#5471 = VECTOR ( 'NONE', #822, 1000.000000000000000 ) ;
#5472 = CARTESIAN_POINT ( 'NONE',  ( -0.9999999999999997780, 0.1199999999999999956, -0.7000000000000000666 ) ) ;
#5473 = CARTESIAN_POINT ( 'NONE',  ( -0.9149999999999858247, 0.05000000000000012768, 0.5749999999999999556 ) ) ;
#5474 = AXIS2_PLACEMENT_3D ( 'NONE', #2866, #8138, #389 ) ;
#5475 = VECTOR ( 'NONE', #157, 1000.000000000000000 ) ;
#5476 = DIRECTION ( 'NONE',  ( -0.000000000000000000, 0.000000000000000000, -1.000000000000000000 ) ) ;
#5477 = EDGE_CURVE ( 'NONE', #4236, #5487, #66, .T. ) ;
#5478 = EDGE_CURVE ( 'NONE', #9728, #8383, #710, .T. ) ;
#5479 = PLANE ( 'NONE',  #2496 ) ;
#5480 = EDGE_CURVE ( 'NONE', #4310, #5777, #1217, .T. ) ;
#5481 = DIRECTION ( 'NONE',  ( -0.000000000000000000, 1.000000000000000000, -0.000000000000000000 ) ) ;
#5482 = ORIENTED_EDGE ( 'NONE', *, *, #4927, .T. ) ;
#5483 = DIRECTION ( 'NONE',  ( 0.000000000000000000, 1.000000000000000000, 0.000000000000000000 ) ) ;
#5484 = FACE_OUTER_BOUND ( 'NONE', #3063, .T. ) ;
#5485 = ORIENTED_EDGE ( 'NONE', *, *, #7085, .F. ) ;
#5486 = VERTEX_POINT ( 'NONE', #5460 ) ;
#5487 = VERTEX_POINT ( 'NONE', #6270 ) ;
#5488 = AXIS2_PLACEMENT_3D ( 'NONE', #4931, #8593, #9427 ) ;
#5489 = FILL_AREA_STYLE ('',( #7048 ) ) ;
#5490 = LINE ( 'NONE', #1745, #3514 ) ;
#5491 = CARTESIAN_POINT ( 'NONE',  ( -0.02500000000000006384, 0.1199999999999999956, 0.2000000000000003164 ) ) ;
#5492 = DIRECTION ( 'NONE',  ( -1.000000000000000000, 0.000000000000000000, -0.000000000000000000 ) ) ;
#5493 = SURFACE_SIDE_STYLE ('',( #1646 ) ) ;
#5494 = ORIENTED_EDGE ( 'NONE', *, *, #6035, .T. ) ;
#5495 = LINE ( 'NONE', #7007, #4992 ) ;
#5496 = CARTESIAN_POINT ( 'NONE',  ( 0.1000000000000006439, 0.05000000000000012768, 0.7750000000000002442 ) ) ;
#5497 = CARTESIAN_POINT ( 'NONE',  ( -0.08000000000000009881, 0.000000000000000000, -0.7749999999999999112 ) ) ;
#5498 = ORIENTED_EDGE ( 'NONE', *, *, #8563, .F. ) ;
#5499 = ADVANCED_FACE ( 'NONE', ( #4704 ), #9266, .F. ) ;
#5500 = PLANE ( 'NONE',  #9204 ) ;
#5501 = ORIENTED_EDGE ( 'NONE', *, *, #7617, .T. ) ;
#5502 = LINE ( 'NONE', #3136, #2508 ) ;
#5503 = LINE ( 'NONE', #7020, #3541 ) ;
#5504 = ORIENTED_EDGE ( 'NONE', *, *, #2690, .F. ) ;
#5505 = ORIENTED_EDGE ( 'NONE', *, *, #6874, .F. ) ;
#5506 = VERTEX_POINT ( 'NONE', #8564 ) ;
#5507 = ADVANCED_FACE ( 'NONE', ( #112 ), #6316, .F. ) ;
#5508 = CARTESIAN_POINT ( 'NONE',  ( -0.8249999999999997335, 0.5799999999999998490, -0.7249999999999999778 ) ) ;
#5509 = EDGE_CURVE ( 'NONE', #804, #2967, #7834, .T. ) ;
#5510 = AXIS2_PLACEMENT_3D ( 'NONE', #8209, #4561, #4510 ) ;
#5511 = CARTESIAN_POINT ( 'NONE',  ( 0.02500000000000006384, 0.06999999999999975686, -0.1999999999999998723 ) ) ;
#5512 = CARTESIAN_POINT ( 'NONE',  ( 0.3200000000000004508, 0.05000000000000012768, 0.7549999999999997824 ) ) ;
#5513 = DIRECTION ( 'NONE',  ( 0.000000000000000000, 0.000000000000000000, -1.000000000000000000 ) ) ;
#5514 = PLANE ( 'NONE',  #4017 ) ;
#5515 = CARTESIAN_POINT ( 'NONE',  ( 1.000000000000000222, 0.06999999999999975686, 0.7000000000000005107 ) ) ;
#5516 = ORIENTED_EDGE ( 'NONE', *, *, #1018, .F. ) ;
#5517 = LINE ( 'NONE', #7795, #3416 ) ;
#5518 = ORIENTED_EDGE ( 'NONE', *, *, #511, .F. ) ;
#5519 = EDGE_LOOP ( 'NONE', ( #8566, #3876, #7491, #3087 ) ) ;
#5520 = ADVANCED_FACE ( 'NONE', ( #156 ), #7738, .F. ) ;
#5521 = PLANE ( 'NONE',  #4954 ) ;
#5522 = AXIS2_PLACEMENT_3D ( 'NONE', #5125, #3511, #2746 ) ;
#5523 = CARTESIAN_POINT ( 'NONE',  ( 0.3750000000000037748, 0.06999999999999986788, 0.9999999999999997780 ) ) ;
#5524 = DIRECTION ( 'NONE',  ( 0.000000000000000000, 1.000000000000000000, 0.000000000000000000 ) ) ;
#5525 = DIRECTION ( 'NONE',  ( 0.000000000000000000, 1.000000000000000000, 0.000000000000000000 ) ) ;
#5526 = ORIENTED_EDGE ( 'NONE', *, *, #404, .F. ) ;
#5527 = CARTESIAN_POINT ( 'NONE',  ( 0.3200000000000001177, 0.05000000000000012768, -0.9349999999999998312 ) ) ;
#5528 = SURFACE_STYLE_USAGE ( .BOTH. , #9414 ) ;
#5529 = DIRECTION ( 'NONE',  ( -1.000000000000000000, 0.000000000000000000, -0.000000000000000000 ) ) ;
#5530 = ORIENTED_EDGE ( 'NONE', *, *, #4151, .T. ) ;
#5531 = VERTEX_POINT ( 'NONE', #3043 ) ;
#5532 = VECTOR ( 'NONE', #1253, 1000.000000000000000 ) ;
#5534 = ORIENTED_EDGE ( 'NONE', *, *, #9522, .T. ) ;
#5533 = VECTOR ( 'NONE', #3075, 1000.000000000000000 ) ;
#5535 = ADVANCED_FACE ( 'NONE', ( #757 ), #3092, .T. ) ;
#5536 = EDGE_CURVE ( 'NONE', #715, #7780, #1719, .T. ) ;
#5537 = DIRECTION ( 'NONE',  ( 0.000000000000000000, -0.000000000000000000, 1.000000000000000000 ) ) ;
#5538 = FACE_OUTER_BOUND ( 'NONE', #9376, .T. ) ;
#5539 = CARTESIAN_POINT ( 'NONE',  ( -0.7749999999999859224, 0.05000000000000012768, 0.7550000000000000044 ) ) ;
#5540 = VECTOR ( 'NONE', #7728, 1000.000000000000000 ) ;
#5541 = PLANE ( 'NONE',  #9343 ) ;
#5542 = LINE ( 'NONE', #4779, #5390 ) ;
#5543 = ORIENTED_EDGE ( 'NONE', *, *, #3619, .F. ) ;
#5544 = DIRECTION ( 'NONE',  ( 0.000000000000000000, 0.000000000000000000, -1.000000000000000000 ) ) ;
#5545 = LINE ( 'NONE', #9292, #5845 ) ;
#5546 = CARTESIAN_POINT ( 'NONE',  ( -0.3750000000000037748, 0.1199999999999999956, 0.7000000000000005107 ) ) ;
#5547 = EDGE_CURVE ( 'NONE', #6250, #2938, #6127, .T. ) ;
#5548 = PRESENTATION_LAYER_ASSIGNMENT (  '', '', ( #5055 ) ) ;
#5549 = DIRECTION ( 'NONE',  ( 1.000000000000000000, -0.000000000000000000, -0.000000000000000000 ) ) ;
#5550 = LINE ( 'NONE', #7870, #7071 ) ;
#5551 = CARTESIAN_POINT ( 'NONE',  ( 0.1000000000000001027, 0.05000000000000012768, -0.7750000000000000222 ) ) ;
#5552 = ORIENTED_EDGE ( 'NONE', *, *, #8862, .F. ) ;
#5553 = EDGE_CURVE ( 'NONE', #6978, #1714, #810, .T. ) ;
#5554 = FACE_OUTER_BOUND ( 'NONE', #7352, .T. ) ;
#5555 = VERTEX_POINT ( 'NONE', #7172 ) ;
#5556 = ORIENTED_EDGE ( 'NONE', *, *, #967, .T. ) ;
#5557 = CARTESIAN_POINT ( 'NONE',  ( 0.7749999999999951372, 0.05000000000000012768, -0.1449999999999998512 ) ) ;
#5558 = CARTESIAN_POINT ( 'NONE',  ( -0.9149999999999858247, 0.05000000000000012768, 0.5749999999999999556 ) ) ;
#5559 = AXIS2_PLACEMENT_3D ( 'NONE', #2256, #1489, #2497 ) ;
#5560 = DIRECTION ( 'NONE',  ( 1.000000000000000000, 0.000000000000000000, 0.000000000000000000 ) ) ;
#5561 = LINE ( 'NONE', #8804, #8054 ) ;
#5562 = CARTESIAN_POINT ( 'NONE',  ( 0.9149999999999903766, 0.000000000000000000, 0.3250000000000003997 ) ) ;
#5563 = ORIENTED_EDGE ( 'NONE', *, *, #785, .T. ) ;
#5564 = ADVANCED_FACE ( 'NONE', ( #205 ), #3288, .F. ) ;
#5565 = CARTESIAN_POINT ( 'NONE',  ( -0.4250000000000039302, 0.06999999999999975686, 0.9999999999999997780 ) ) ;
#5566 = EDGE_LOOP ( 'NONE', ( #1177, #6540, #4184, #1871 ) ) ;
#5567 = ORIENTED_EDGE ( 'NONE', *, *, #9654, .T. ) ;
#5568 = VECTOR ( 'NONE', #773, 1000.000000000000000 ) ;
#5569 = DIRECTION ( 'NONE',  ( 0.000000000000000000, 0.000000000000000000, 1.000000000000000000 ) ) ;
#5570 = CARTESIAN_POINT ( 'NONE',  ( 0.3750000000000037748, 0.06999999999999975686, -0.2500000000000000000 ) ) ;
#5571 = CARTESIAN_POINT ( 'NONE',  ( 0.3200000000000001177, 0.05000000000000012768, -0.9349999999999998312 ) ) ;
#5572 = DIRECTION ( 'NONE',  ( 0.000000000000000000, 1.000000000000000000, 0.000000000000000000 ) ) ;
#5574 = ORIENTED_EDGE ( 'NONE', *, *, #7169, .T. ) ;
#5573 = AXIS2_PLACEMENT_3D ( 'NONE', #598, #4492, #5960 ) ;
#5575 = EDGE_CURVE ( 'NONE', #1543, #2540, #4093, .T. ) ;
#5576 = CARTESIAN_POINT ( 'NONE',  ( 0.4250000000000039302, 0.1199999999999999956, 0.7000000000000005107 ) ) ;
#5577 = CARTESIAN_POINT ( 'NONE',  ( 1.000000000000000222, 0.06999999999999975686, -0.2500000000000000000 ) ) ;
#5578 = ORIENTED_EDGE ( 'NONE', *, *, #2586, .T. ) ;
#5579 = ORIENTED_EDGE ( 'NONE', *, *, #2046, .F. ) ;
#5580 = ORIENTED_EDGE ( 'NONE', *, *, #5031, .F. ) ;
#5581 = EDGE_LOOP ( 'NONE', ( #4366, #8199, #5470, #2123 ) ) ;
#5582 = VECTOR ( 'NONE', #7402, 1000.000000000000000 ) ;
#5583 = DIRECTION ( 'NONE',  ( -0.000000000000000000, -1.000000000000000000, -0.000000000000000000 ) ) ;
#5584 = DIRECTION ( 'NONE',  ( 0.000000000000000000, 1.000000000000000000, 0.000000000000000000 ) ) ;
#5585 = DIRECTION ( 'NONE',  ( 0.000000000000000000, 0.000000000000000000, -1.000000000000000000 ) ) ;
#5586 = CARTESIAN_POINT ( 'NONE',  ( 0.000000000000000000, 0.1199999999999999956, 0.000000000000000000 ) ) ;
#5587 = ORIENTED_EDGE ( 'NONE', *, *, #6240, .F. ) ;
#5588 = EDGE_CURVE ( 'NONE', #6784, #4872, #2665, .T. ) ;
#5589 = ADVANCED_FACE ( 'NONE', ( #5760 ), #3336, .T. ) ;
#5590 = EDGE_CURVE ( 'NONE', #2829, #9041, #9497, .T. ) ;
#5591 = DIRECTION ( 'NONE',  ( -0.000000000000000000, 1.000000000000000000, -0.000000000000000000 ) ) ;
#5592 = CARTESIAN_POINT ( 'NONE',  ( 0.4250000000000039302, 0.06999999999999975686, -0.6500000000000000222 ) ) ;
#5593 = LINE ( 'NONE', #140, #3420 ) ;
#5594 = VECTOR ( 'NONE', #5065, 1000.000000000000000 ) ;
#5595 = ORIENTED_EDGE ( 'NONE', *, *, #6740, .F. ) ;
#5596 = VECTOR ( 'NONE', #6206, 1000.000000000000000 ) ;
#5597 = CARTESIAN_POINT ( 'NONE',  ( -0.3750000000000037748, 0.1199999999999999956, -1.000000000000000222 ) ) ;
#5598 = DIRECTION ( 'NONE',  ( -1.000000000000000000, 0.000000000000000000, 0.000000000000000000 ) ) ;
#5599 = LINE ( 'NONE', #2365, #65 ) ;
#5600 = ADVANCED_FACE ( 'NONE', ( #8753 ), #304, .T. ) ;
#5601 = ORIENTED_EDGE ( 'NONE', *, *, #7957, .T. ) ;
#5602 = EDGE_CURVE ( 'NONE', #5618, #8781, #7992, .T. ) ;
#5603 = FACE_BOUND ( 'NONE', #3235, .T. ) ;
#5604 = ADVANCED_FACE ( 'NONE', ( #8040 ), #1095, .F. ) ;
#5605 = DIRECTION ( 'NONE',  ( 0.000000000000000000, -1.000000000000000000, 0.000000000000000000 ) ) ;
#5606 = ORIENTED_EDGE ( 'NONE', *, *, #1326, .F. ) ;
#5607 = ORIENTED_EDGE ( 'NONE', *, *, #333, .F. ) ;
#5608 = VECTOR ( 'NONE', #5648, 1000.000000000000000 ) ;
#5610 = CIRCLE ( 'NONE', #7219, 0.02000000000000633910 ) ;
#5609 = DIRECTION ( 'NONE',  ( 0.000000000000000000, 0.000000000000000000, -1.000000000000000000 ) ) ;
#5611 = CARTESIAN_POINT ( 'NONE',  ( -0.9999999999999997780, 0.1199999999999999956, -0.2500000000000000000 ) ) ;
#5612 = ORIENTED_EDGE ( 'NONE', *, *, #7058, .T. ) ;
#5613 = DIRECTION ( 'NONE',  ( 1.161645184805899918E-15, 0.000000000000000000, 1.000000000000000000 ) ) ;
#5614 = CARTESIAN_POINT ( 'NONE',  ( 0.02500000000000006384, 0.1199999999999999956, 0.2500000000000004441 ) ) ;
#5615 = DIRECTION ( 'NONE',  ( -1.000000000000000000, -0.000000000000000000, -0.000000000000000000 ) ) ;
#5616 = VERTEX_POINT ( 'NONE', #9047 ) ;
#5617 = LINE ( 'NONE', #3629, #5828 ) ;
#5618 = VERTEX_POINT ( 'NONE', #5044 ) ;
#5619 = ORIENTED_EDGE ( 'NONE', *, *, #3502, .F. ) ;
#5620 = CIRCLE ( 'NONE', #7066, 0.02000000000000005246 ) ;
#5621 = EDGE_CURVE ( 'NONE', #6373, #5424, #6700, .T. ) ;
#5622 = ADVANCED_FACE ( 'NONE', ( #6812 ), #5957, .F. ) ;
#5623 = CARTESIAN_POINT ( 'NONE',  ( 0.1000000000000001027, 0.000000000000000000, -0.7750000000000000222 ) ) ;
#5624 = LINE ( 'NONE', #8722, #881 ) ;
#5625 = VECTOR ( 'NONE', #6346, 1000.000000000000000 ) ;
#5626 = VECTOR ( 'NONE', #6285, 1000.000000000000000 ) ;
#5627 = CARTESIAN_POINT ( 'NONE',  ( 0.9149999999999999245, 0.05000000000000012768, -0.5749999999999997335 ) ) ;
#5628 = ORIENTED_EDGE ( 'NONE', *, *, #6489, .T. ) ;
#5629 = VERTEX_POINT ( 'NONE', #1339 ) ;
#5630 = ORIENTED_EDGE ( 'NONE', *, *, #2798, .T. ) ;
#5631 = EDGE_LOOP ( 'NONE', ( #8634, #1909, #8325, #7332 ) ) ;
#5632 = ORIENTED_EDGE ( 'NONE', *, *, #6991, .F. ) ;
#5633 = CIRCLE ( 'NONE', #2240, 0.02000000000000005246 ) ;
#5634 = ADVANCED_FACE ( 'NONE', ( #2765 ), #5859, .F. ) ;
#5635 = VECTOR ( 'NONE', #6073, 1000.000000000000000 ) ;
#5636 = ADVANCED_FACE ( 'NONE', ( #9891 ), #3583, .F. ) ;
#5637 = LINE ( 'NONE', #7149, #8379 ) ;
#5638 = CYLINDRICAL_SURFACE ( 'NONE', #7989, 0.02000000000000005246 ) ;
#5639 = LINE ( 'NONE', #7913, #5625 ) ;
#5640 = DIRECTION ( 'NONE',  ( -1.000000000000000000, 0.000000000000000000, 0.000000000000000000 ) ) ;
#5641 = EDGE_LOOP ( 'NONE', ( #9767, #3729, #5587, #8972 ) ) ;
#5642 = ORIENTED_EDGE ( 'NONE', *, *, #2415, .T. ) ;
#5643 = DIRECTION ( 'NONE',  ( -0.000000000000000000, -1.000000000000000000, -0.000000000000000000 ) ) ;
#5644 = VECTOR ( 'NONE', #199, 1000.000000000000000 ) ;
#5645 = DIRECTION ( 'NONE',  ( 0.000000000000000000, 0.000000000000000000, -1.000000000000000000 ) ) ;
#5646 = FACE_OUTER_BOUND ( 'NONE', #7354, .T. ) ;
#5647 = AXIS2_PLACEMENT_3D ( 'NONE', #4539, #3795, #4488 ) ;
#5648 = DIRECTION ( 'NONE',  ( -1.000000000000000000, 0.000000000000000000, 0.000000000000000000 ) ) ;
#5649 = ADVANCED_FACE ( 'NONE', ( #2874 ), #5905, .F. ) ;
#5650 = CIRCLE ( 'NONE', #13, 0.1000000000000001582 ) ;
#5651 = CARTESIAN_POINT ( 'NONE',  ( 0.4250000000000039302, 0.1199999999999999956, 0.2000000000000003164 ) ) ;
#5652 = DIRECTION ( 'NONE',  ( -0.000000000000000000, 0.000000000000000000, 1.000000000000000000 ) ) ;
#5653 = SURFACE_STYLE_USAGE ( .BOTH. , #9483 ) ;
#5654 = VERTEX_POINT ( 'NONE', #7466 ) ;
#5655 = CARTESIAN_POINT ( 'NONE',  ( 0.7750000000000001332, 0.05000000000000012768, -0.7549999999999997824 ) ) ;
#5656 = LINE ( 'NONE', #4940, #3877 ) ;
#5657 = EDGE_LOOP ( 'NONE', ( #8338, #4442, #4991, #2136 ) ) ;
#5658 = ORIENTED_EDGE ( 'NONE', *, *, #6146, .F. ) ;
#5659 = EDGE_LOOP ( 'NONE', ( #5990, #9078, #7938, #9794 ) ) ;
#5660 = ADVANCED_FACE ( 'NONE', ( #5196 ), #4434, .F. ) ;
#5661 = EDGE_CURVE ( 'NONE', #6784, #987, #9843, .T. ) ;
#5662 = ADVANCED_FACE ( 'NONE', ( #8346 ), #4486, .F. ) ;
#5663 = CARTESIAN_POINT ( 'NONE',  ( -0.3750000000000037748, 0.1199999999999999956, -0.2500000000000000000 ) ) ;
#5664 = CARTESIAN_POINT ( 'NONE',  ( -0.9149999999999999245, 0.000000000000000000, -0.7750000000000001332 ) ) ;
#5665 = CARTESIAN_POINT ( 'NONE',  ( 0.3200000000000006173, 0.05000000000000012768, 0.7549999999999997824 ) ) ;
#5666 = ORIENTED_EDGE ( 'NONE', *, *, #7966, .F. ) ;
#5667 = LINE ( 'NONE', #3437, #7025 ) ;
#5668 = CARTESIAN_POINT ( 'NONE',  ( -0.9149999999999952616, 0.05000000000000012768, -0.3250000000000000666 ) ) ;
#5669 = DIRECTION ( 'NONE',  ( -7.744301232039334431E-16, 0.000000000000000000, -1.000000000000000000 ) ) ;
#5670 = ORIENTED_EDGE ( 'NONE', *, *, #6478, .F. ) ;
#5671 = DIRECTION ( 'NONE',  ( 0.000000000000000000, -0.000000000000000000, 1.000000000000000000 ) ) ;
#5672 = ORIENTED_EDGE ( 'NONE', *, *, #4367, .T. ) ;
#5673 = VERTEX_POINT ( 'NONE', #2416 ) ;
#5674 = EDGE_CURVE ( 'NONE', #7449, #1496, #8501, .T. ) ;
#5675 = DIRECTION ( 'NONE',  ( 1.000000000000000000, 0.000000000000000000, 0.000000000000000000 ) ) ;
#5676 = CARTESIAN_POINT ( 'NONE',  ( -0.8249999999999997335, 0.5999999999999999778, -0.8250000000000000666 ) ) ;
#5677 = VECTOR ( 'NONE', #2004, 1000.000000000000000 ) ;
#5678 = CARTESIAN_POINT ( 'NONE',  ( 0.7749999999999951372, 0.000000000000000000, -0.3249999999999999001 ) ) ;
#5679 = VERTEX_POINT ( 'NONE', #5357 ) ;
#5680 = ADVANCED_FACE ( 'NONE', ( #6 ), #8599, .T. ) ;
#5681 = VERTEX_POINT ( 'NONE', #6163 ) ;
#5682 = EDGE_LOOP ( 'NONE', ( #3603, #6366, #1137, #4352, #2823, #8428, #9808, #464 ) ) ;
#5683 = ORIENTED_EDGE ( 'NONE', *, *, #8129, .T. ) ;
#5684 = AXIS2_PLACEMENT_3D ( 'NONE', #9451, #8712, #3891 ) ;
#5685 = DIRECTION ( 'NONE',  ( -0.000000000000000000, 1.000000000000000000, -0.000000000000000000 ) ) ;
#5686 = LINE ( 'NONE', #7967, #3525 ) ;
#5687 = LINE ( 'NONE', #1845, #7168 ) ;
#5688 = DIRECTION ( 'NONE',  ( -0.000000000000000000, -0.000000000000000000, -1.000000000000000000 ) ) ;
#5689 = CARTESIAN_POINT ( 'NONE',  ( 0.3750000000000037748, 0.06999999999999975686, 0.9999999999999997780 ) ) ;
#5690 = ORIENTED_EDGE ( 'NONE', *, *, #843, .T. ) ;
#5691 = ORIENTED_EDGE ( 'NONE', *, *, #2749, .T. ) ;
#5692 = AXIS2_PLACEMENT_3D ( 'NONE', #5738, #8823, #9622 ) ;
#5694 = VECTOR ( 'NONE', #2914, 1000.000000000000000 ) ;
#5693 = CARTESIAN_POINT ( 'NONE',  ( 1.000000000000000222, 0.1199999999999999956, 0.6500000000000003553 ) ) ;
#5695 = CARTESIAN_POINT ( 'NONE',  ( -0.7750000000000001332, 0.05000000000000012768, -0.7550000000000000044 ) ) ;
#5696 = DIRECTION ( 'NONE',  ( 1.000000000000000000, 0.000000000000000000, 0.000000000000000000 ) ) ;
#5697 = EDGE_CURVE ( 'NONE', #6935, #1714, #1550, .T. ) ;
#5698 = CIRCLE ( 'NONE', #1319, 0.02000000000000005246 ) ;
#5699 = VECTOR ( 'NONE', #7061, 1000.000000000000000 ) ;
#5700 = DIRECTION ( 'NONE',  ( -0.000000000000000000, -1.000000000000000000, -0.000000000000000000 ) ) ;
#5701 = EDGE_LOOP ( 'NONE', ( #7423, #3356, #6030, #9673 ) ) ;
#5702 = CARTESIAN_POINT ( 'NONE',  ( -0.4799999999999999267, 0.05000000000000012768, -0.9349999999999998312 ) ) ;
#5703 = VERTEX_POINT ( 'NONE', #6863 ) ;
#5704 = EDGE_CURVE ( 'NONE', #4099, #3283, #3794, .T. ) ;
#5705 = COLOUR_RGB ( '',0.7921568627450980005, 0.8196078431372548767, 0.9333333333333333481 ) ;
#5706 = ORIENTED_EDGE ( 'NONE', *, *, #3920, .T. ) ;
#5707 = CARTESIAN_POINT ( 'NONE',  ( -0.9999999999999997780, 0.06999999999999985401, 0.7000000000000005107 ) ) ;
#5708 = CARTESIAN_POINT ( 'NONE',  ( 0.7549999999999853495, 0.000000000000000000, 0.5950000000000000844 ) ) ;
#5709 = CARTESIAN_POINT ( 'NONE',  ( -0.09999999999999958922, 0.000000000000000000, 0.7750000000000002442 ) ) ;
#5710 = DIRECTION ( 'NONE',  ( 1.000000000000000000, 0.000000000000000000, 0.000000000000000000 ) ) ;
#5711 = CARTESIAN_POINT ( 'NONE',  ( -0.9349999999999858424, 0.05000000000000012768, 0.7550000000000000044 ) ) ;
#5712 = CARTESIAN_POINT ( 'NONE',  ( 0.3750000000000037748, 0.1199999999999999956, -0.2500000000000000000 ) ) ;
#5713 = ORIENTED_EDGE ( 'NONE', *, *, #4199, .F. ) ;
#5714 = CARTESIAN_POINT ( 'NONE',  ( 0.4799999999999998157, 0.05000000000000012768, -0.4800000000000000377 ) ) ;
#5716 = EDGE_CURVE ( 'NONE', #8959, #5004, #9256, .T. ) ;
#5715 = DIRECTION ( 'NONE',  ( 0.000000000000000000, 1.000000000000000000, -0.000000000000000000 ) ) ;
#5717 = EDGE_CURVE ( 'NONE', #976, #7522, #2363, .T. ) ;
#5718 = EDGE_CURVE ( 'NONE', #9838, #5231, #7112, .T. ) ;
#5719 = VERTEX_POINT ( 'NONE', #5651 ) ;
#5720 = ORIENTED_EDGE ( 'NONE', *, *, #9254, .T. ) ;
#5721 = AXIS2_PLACEMENT_3D ( 'NONE', #9930, #3018, #9192 ) ;
#5722 = LINE ( 'NONE', #2536, #1107 ) ;
#5723 = CARTESIAN_POINT ( 'NONE',  ( 0.3750000000000037748, 0.06999999999999986788, 0.7000000000000005107 ) ) ;
#5724 = CARTESIAN_POINT ( 'NONE',  ( 0.4250000000000039302, 0.06999999999999975686, 0.2500000000000004441 ) ) ;
#5725 = ORIENTED_EDGE ( 'NONE', *, *, #5783, .F. ) ;
#5727 = ADVANCED_FACE ( 'NONE', ( #242 ), #7304, .F. ) ;
#5726 = CARTESIAN_POINT ( 'NONE',  ( -0.3750000000000037748, 0.06999999999999975686, -0.2500000000000000000 ) ) ;
#5728 = EDGE_CURVE ( 'NONE', #9106, #7787, #4952, .T. ) ;
#5729 = ORIENTED_EDGE ( 'NONE', *, *, #3298, .F. ) ;
#5730 = EDGE_LOOP ( 'NONE', ( #2755, #3423, #356, #4930, #5666, #6920, #7283, #14 ) ) ;
#5731 = CIRCLE ( 'NONE', #5249, 0.02000000000000005246 ) ;
#5732 = ORIENTED_EDGE ( 'NONE', *, *, #5902, .F. ) ;
#5733 = DIRECTION ( 'NONE',  ( -1.000000000000000000, 0.000000000000000000, -0.000000000000000000 ) ) ;
#5734 = EDGE_CURVE ( 'NONE', #5679, #5062, #4889, .T. ) ;
#5736 = VECTOR ( 'NONE', #6213, 1000.000000000000000 ) ;
#5735 = FACE_OUTER_BOUND ( 'NONE', #3646, .T. ) ;
#5737 = CARTESIAN_POINT ( 'NONE',  ( -0.7549999999999905675, 0.000000000000000000, 0.1449999999999999345 ) ) ;
#5738 = CARTESIAN_POINT ( 'NONE',  ( 0.07999999999999989064, 0.000000000000000000, -0.9149999999999998135 ) ) ;
#5739 = ORIENTED_EDGE ( 'NONE', *, *, #2859, .T. ) ;
#5740 = VERTEX_POINT ( 'NONE', #7923 ) ;
#5741 = DIRECTION ( 'NONE',  ( 0.000000000000000000, 0.000000000000000000, -1.000000000000000000 ) ) ;
#5742 = DIRECTION ( 'NONE',  ( -7.744301232039333445E-16, 0.000000000000000000, 1.000000000000000000 ) ) ;
#5743 = DIRECTION ( 'NONE',  ( -0.000000000000000000, -0.000000000000000000, -1.000000000000000000 ) ) ;
#5744 = COLOUR_RGB ( '',0.7921568627450980005, 0.8196078431372548767, 0.9333333333333333481 ) ;
#5745 = CARTESIAN_POINT ( 'NONE',  ( 0.4250000000000039302, 0.1199999999999999956, -1.000000000000000222 ) ) ;
#5746 = EDGE_CURVE ( 'NONE', #5437, #4713, #4981, .T. ) ;
#5747 = DIRECTION ( 'NONE',  ( -0.000000000000000000, -1.000000000000000000, -0.000000000000000000 ) ) ;
#5748 = FILL_AREA_STYLE ('',( #8084 ) ) ;
#5749 = FACE_OUTER_BOUND ( 'NONE', #7320, .T. ) ;
#5750 = DIRECTION ( 'NONE',  ( -1.000000000000000000, 0.000000000000000000, -5.808225924029499591E-16 ) ) ;
#5751 = VECTOR ( 'NONE', #5207, 1000.000000000000000 ) ;
#5752 =( NAMED_UNIT ( * ) SI_UNIT ( $, .STERADIAN. ) SOLID_ANGLE_UNIT ( ) );
#5753 = VERTEX_POINT ( 'NONE', #992 ) ;
#5754 = DIRECTION ( 'NONE',  ( 0.000000000000000000, 0.000000000000000000, 1.000000000000000000 ) ) ;
#5755 = ORIENTED_EDGE ( 'NONE', *, *, #1498, .F. ) ;
#5756 = VERTEX_POINT ( 'NONE', #4082 ) ;
#5757 = VERTEX_POINT ( 'NONE', #385 ) ;
#5758 = AXIS2_PLACEMENT_3D ( 'NONE', #1703, #7059, #6962 ) ;
#5759 = LINE ( 'NONE', #395, #2392 ) ;
#5760 = FACE_OUTER_BOUND ( 'NONE', #3632, .T. ) ;
#5761 = DIRECTION ( 'NONE',  ( -0.000000000000000000, 1.000000000000000000, -0.000000000000000000 ) ) ;
#5762 = DIRECTION ( 'NONE',  ( 0.000000000000000000, 0.000000000000000000, -1.000000000000000000 ) ) ;
#5763 = DIRECTION ( 'NONE',  ( 0.000000000000000000, 0.000000000000000000, 1.000000000000000000 ) ) ;
#5764 = CARTESIAN_POINT ( 'NONE',  ( 0.02500000000000006384, 0.06999999999999975686, -0.2500000000000000000 ) ) ;
#5765 = LINE ( 'NONE', #1922, #6671 ) ;
#5767 = VERTEX_POINT ( 'NONE', #7869 ) ;
#5766 = VECTOR ( 'NONE', #6355, 1000.000000000000000 ) ;
#5768 = ORIENTED_EDGE ( 'NONE', *, *, #4776, .F. ) ;
#5769 = VECTOR ( 'NONE', #2624, 1000.000000000000000 ) ;
#5770 = ADVANCED_FACE ( 'NONE', ( #5749 ), #3326, .F. ) ;
#5771 = CARTESIAN_POINT ( 'NONE',  ( 0.4250000000000039302, 0.1199999999999999956, -0.7000000000000000666 ) ) ;
#5772 = CARTESIAN_POINT ( 'NONE',  ( -0.7549999999999905675, 0.05000000000000012768, 0.3049999999999999378 ) ) ;
#5773 = LINE ( 'NONE', #7900, #4580 ) ;
#5774 = ORIENTED_EDGE ( 'NONE', *, *, #3218, .F. ) ;
#5775 = DIRECTION ( 'NONE',  ( 0.000000000000000000, -0.000000000000000000, 1.000000000000000000 ) ) ;
#5776 = PLANE ( 'NONE',  #1483 ) ;
#5777 = VERTEX_POINT ( 'NONE', #9481 ) ;
#5778 = EDGE_LOOP ( 'NONE', ( #5228, #7680, #1508, #9586 ) ) ;
#5779 = VECTOR ( 'NONE', #1961, 1000.000000000000000 ) ;
#5780 = EDGE_CURVE ( 'NONE', #6096, #3751, #1084, .T. ) ;
#5781 = CARTESIAN_POINT ( 'NONE',  ( 0.02500000000000006384, 0.1199999999999999956, -0.1999999999999998723 ) ) ;
#5782 = LINE ( 'NONE', #7278, #9307 ) ;
#5783 = EDGE_CURVE ( 'NONE', #672, #2107, #9165, .T. ) ;
#5784 = VECTOR ( 'NONE', #9034, 1000.000000000000000 ) ;
#5785 = AXIS2_PLACEMENT_3D ( 'NONE', #787, #3883, #38 ) ;
#5786 = CARTESIAN_POINT ( 'NONE',  ( -0.7550000000000000044, 0.000000000000000000, -0.7549999999999998934 ) ) ;
#5787 = CARTESIAN_POINT ( 'NONE',  ( -0.9999999999999997780, 0.06999999999999975686, 0.2500000000000003331 ) ) ;
#5788 = FACE_BOUND ( 'NONE', #4051, .T. ) ;
#5789 = VERTEX_POINT ( 'NONE', #4179 ) ;
#5790 = ORIENTED_EDGE ( 'NONE', *, *, #8666, .T. ) ;
#5791 = PLANE ( 'NONE',  #6294 ) ;
#5792 = ORIENTED_EDGE ( 'NONE', *, *, #4688, .T. ) ;
#5793 = CIRCLE ( 'NONE', #4823, 0.02000000000000005246 ) ;
#5794 = VECTOR ( 'NONE', #7218, 1000.000000000000000 ) ;
#5795 = CYLINDRICAL_SURFACE ( 'NONE', #7052, 0.02000000000000005246 ) ;
#5796 = LINE ( 'NONE', #6685, #3163 ) ;
#5797 = CARTESIAN_POINT ( 'NONE',  ( -0.9999999999999997780, 0.06999999999999985401, 0.7000000000000005107 ) ) ;
#5798 = VECTOR ( 'NONE', #1858, 1000.000000000000000 ) ;
#5800 = VECTOR ( 'NONE', #3479, 1000.000000000000000 ) ;
#5799 = CARTESIAN_POINT ( 'NONE',  ( 1.000000000000000222, -2.828427124746189847, -1.000000000000000222 ) ) ;
#5801 = SURFACE_STYLE_FILL_AREA ( #7925 ) ;
#5802 = ORIENTED_EDGE ( 'NONE', *, *, #456, .T. ) ;
#5803 = ORIENTED_EDGE ( 'NONE', *, *, #3184, .T. ) ;
#5804 = CARTESIAN_POINT ( 'NONE',  ( 0.3750000000000037748, 0.06999999999999975686, 0.2000000000000003164 ) ) ;
#5805 = ORIENTED_EDGE ( 'NONE', *, *, #9773, .T. ) ;
#5806 = EDGE_CURVE ( 'NONE', #987, #1663, #7208, .T. ) ;
#5807 = AXIS2_PLACEMENT_3D ( 'NONE', #9291, #9985, #6053 ) ;
#5808 = CARTESIAN_POINT ( 'NONE',  ( 0.7550000000000000044, 0.05000000000000012768, -0.5949999999999999734 ) ) ;
#5809 = CARTESIAN_POINT ( 'NONE',  ( 0.3200000000000000067, 0.05000000000000012768, -0.9149999999999998135 ) ) ;
#5810 = CARTESIAN_POINT ( 'NONE',  ( 0.02500000000000006384, 0.1199999999999999956, 0.6500000000000003553 ) ) ;
#5811 = CARTESIAN_POINT ( 'NONE',  ( 0.4799999999999998157, 0.000000000000000000, 0.4800000000000000377 ) ) ;
#5812 = DIRECTION ( 'NONE',  ( -0.000000000000000000, -1.000000000000000000, -0.000000000000000000 ) ) ;
#5813 = DIRECTION ( 'NONE',  ( -0.000000000000000000, 1.000000000000000000, -0.000000000000000000 ) ) ;
#5814 = DIRECTION ( 'NONE',  ( 0.000000000000000000, 1.000000000000000000, -0.000000000000000000 ) ) ;
#5815 = CARTESIAN_POINT ( 'NONE',  ( -0.4250000000000039302, 0.06999999999999975686, 0.2000000000000003164 ) ) ;
#5816 = VERTEX_POINT ( 'NONE', #8645 ) ;
#5817 = ORIENTED_EDGE ( 'NONE', *, *, #4536, .T. ) ;
#5818 = EDGE_CURVE ( 'NONE', #9015, #9590, #7257, .T. ) ;
#5819 = CLOSED_SHELL ( 'NONE', ( #6580, #5604, #7091, #2383, #1888, #1350, #2060, #3451, #7425, #7592 ) ) ;
#5820 = CARTESIAN_POINT ( 'NONE',  ( -0.3750000000000037748, 0.06999999999999975686, -0.2500000000000000000 ) ) ;
#5821 = CARTESIAN_POINT ( 'NONE',  ( -0.7749999999999906963, 0.000000000000000000, 0.3049999999999999378 ) ) ;
#5822 = DIRECTION ( 'NONE',  ( -0.000000000000000000, -1.000000000000000000, -0.000000000000000000 ) ) ;
#5823 = ORIENTED_EDGE ( 'NONE', *, *, #5331, .F. ) ;
#5824 = ORIENTED_EDGE ( 'NONE', *, *, #2655, .F. ) ;
#5825 = ORIENTED_EDGE ( 'NONE', *, *, #9603, .T. ) ;
#5826 = EDGE_CURVE ( 'NONE', #4869, #7852, #337, .T. ) ;
#5827 = CARTESIAN_POINT ( 'NONE',  ( 0.3000000000000000444, 0.05000000000000012768, -0.9149999999999997025 ) ) ;
#5828 = VECTOR ( 'NONE', #2625, 1000.000000000000000 ) ;
#5829 = DIRECTION ( 'NONE',  ( -0.000000000000000000, 0.000000000000000000, -1.000000000000000000 ) ) ;
#5830 = LINE ( 'NONE', #1987, #1505 ) ;
#5832 = ORIENTED_EDGE ( 'NONE', *, *, #7105, .T. ) ;
#5831 = DIRECTION ( 'NONE',  ( 0.000000000000000000, 0.000000000000000000, 1.000000000000000000 ) ) ;
#5833 = ORIENTED_EDGE ( 'NONE', *, *, #4516, .T. ) ;
#5834 = DIRECTION ( 'NONE',  ( 0.000000000000000000, 0.000000000000000000, -1.000000000000000000 ) ) ;
#5835 = DIRECTION ( 'NONE',  ( 1.000000000000000000, 0.000000000000000000, 0.000000000000000000 ) ) ;
#5836 = CARTESIAN_POINT ( 'NONE',  ( -0.7749999999999859224, 0.05000000000000012768, 0.5950000000000000844 ) ) ;
#5837 = EDGE_CURVE ( 'NONE', #5985, #8586, #2464, .T. ) ;
#5838 = ADVANCED_FACE ( 'NONE', ( #429 ), #9677, .F. ) ;
#5840 = ORIENTED_EDGE ( 'NONE', *, *, #127, .F. ) ;
#5839 = VECTOR ( 'NONE', #9429, 1000.000000000000000 ) ;
#5841 = DIRECTION ( 'NONE',  ( -0.000000000000000000, 0.000000000000000000, -1.000000000000000000 ) ) ;
#5842 = AXIS2_PLACEMENT_3D ( 'NONE', #4010, #365, #9564 ) ;
#5843 = CARTESIAN_POINT ( 'NONE',  ( -0.9999999999999997780, 0.1199999999999999956, 0.6500000000000003553 ) ) ;
#5844 = SURFACE_STYLE_USAGE ( .BOTH. , #1170 ) ;
#5845 = VECTOR ( 'NONE', #2503, 1000.000000000000000 ) ;
#5846 = CARTESIAN_POINT ( 'NONE',  ( -0.4250000000000039302, 0.1199999999999999956, -1.000000000000000222 ) ) ;
#5847 = CARTESIAN_POINT ( 'NONE',  ( -0.7550000000000000044, 0.000000000000000000, -0.5950000000000001954 ) ) ;
#5848 = VERTEX_POINT ( 'NONE', #5236 ) ;
#5849 = ORIENTED_EDGE ( 'NONE', *, *, #249, .F. ) ;
#5850 = FACE_BOUND ( 'NONE', #1308, .T. ) ;
#5851 = ORIENTED_EDGE ( 'NONE', *, *, #7966, .T. ) ;
#5852 = EDGE_CURVE ( 'NONE', #558, #8771, #8336, .T. ) ;
#5853 = ORIENTED_EDGE ( 'NONE', *, *, #7300, .T. ) ;
#5854 = VECTOR ( 'NONE', #6858, 1000.000000000000000 ) ;
#5855 = COLOUR_RGB ( '',0.7921568627450980005, 0.8196078431372548767, 0.9333333333333333481 ) ;
#5856 = PRESENTATION_STYLE_ASSIGNMENT (( #9840 ) ) ;
#5857 = CYLINDRICAL_SURFACE ( 'NONE', #9970, 0.02000000000000005246 ) ;
#5858 = EDGE_CURVE ( 'NONE', #7716, #3601, #9032, .T. ) ;
#5859 = PLANE ( 'NONE',  #5449 ) ;
#5860 = LINE ( 'NONE', #1963, #1771 ) ;
#5861 = PLANE ( 'NONE',  #9758 ) ;
#5862 = CARTESIAN_POINT ( 'NONE',  ( 0.02500000000000006384, 0.06999999999999975686, -0.6500000000000000222 ) ) ;
#5863 = CARTESIAN_POINT ( 'NONE',  ( -0.9149999999999905986, 0.05000000000000012768, 0.3049999999999999378 ) ) ;
#5864 = EDGE_LOOP ( 'NONE', ( #8253, #5980, #4402, #7902 ) ) ;
#5865 = VERTEX_POINT ( 'NONE', #7557 ) ;
#5866 = CIRCLE ( 'NONE', #685, 0.1000000000000001582 ) ;
#5867 = CARTESIAN_POINT ( 'NONE',  ( 0.3750000000000037748, 0.06999999999999975686, -0.6500000000000000222 ) ) ;
#5868 = ADVANCED_FACE ( 'NONE', ( #8286, #2754, #5999, #5184, #1329, #3466, #9726 ), #3624, .F. ) ;
#5869 = FACE_OUTER_BOUND ( 'NONE', #6745, .T. ) ;
#5870 = DIRECTION ( 'NONE',  ( 0.000000000000000000, 0.000000000000000000, 1.000000000000000000 ) ) ;
#5871 = CARTESIAN_POINT ( 'NONE',  ( 0.02500000000000006384, 0.06999999999999975686, 0.9999999999999997780 ) ) ;
#5872 = ORIENTED_EDGE ( 'NONE', *, *, #829, .F. ) ;
#5873 = FACE_OUTER_BOUND ( 'NONE', #9637, .T. ) ;
#5874 = ORIENTED_EDGE ( 'NONE', *, *, #4917, .T. ) ;
#5875 = ORIENTED_EDGE ( 'NONE', *, *, #5167, .F. ) ;
#5876 = VECTOR ( 'NONE', #2919, 1000.000000000000000 ) ;
#5877 = CARTESIAN_POINT ( 'NONE',  ( -0.3750000000000037748, 0.06999999999999975686, -0.6500000000000000222 ) ) ;
#5878 = CARTESIAN_POINT ( 'NONE',  ( 0.7749999999999951372, 0.000000000000000000, -0.1249999999999997918 ) ) ;
#5879 = CARTESIAN_POINT ( 'NONE',  ( 0.7749999999999951372, 0.05000000000000012768, -0.3049999999999998268 ) ) ;
#5880 = EDGE_CURVE ( 'NONE', #5531, #7655, #2104, .T. ) ;
#5881 = CARTESIAN_POINT ( 'NONE',  ( -0.02500000000000006384, 0.1199999999999999956, -1.000000000000000222 ) ) ;
#5882 = CARTESIAN_POINT ( 'NONE',  ( 0.3750000000000037748, 0.1199999999999999956, 0.9999999999999997780 ) ) ;
#5885 = VERTEX_POINT ( 'NONE', #5026 ) ;
#5884 = CIRCLE ( 'NONE', #9288, 0.02000000000000005246 ) ;
#5883 = CARTESIAN_POINT ( 'NONE',  ( -0.9999999999999997780, 0.1199999999999999956, -0.1999999999999998723 ) ) ;
#5886 = CARTESIAN_POINT ( 'NONE',  ( -0.9149999999999952616, 0.05000000000000012768, -0.3050000000000000488 ) ) ;
#5887 = CARTESIAN_POINT ( 'NONE',  ( 0.4250000000000039302, 0.06999999999999986788, -1.000000000000000222 ) ) ;
#5888 = VECTOR ( 'NONE', #1343, 1000.000000000000000 ) ;
#5889 = EDGE_CURVE ( 'NONE', #3508, #3160, #4423, .T. ) ;
#5890 = PLANE ( 'NONE',  #3819 ) ;
#5891 = EDGE_CURVE ( 'NONE', #1635, #4011, #440, .T. ) ;
#5892 = LINE ( 'NONE', #8981, #1229 ) ;
#5893 = CARTESIAN_POINT ( 'NONE',  ( 1.000000000000000222, 0.1199999999999999956, 0.2500000000000003331 ) ) ;
#5894 = ORIENTED_EDGE ( 'NONE', *, *, #9317, .T. ) ;
#5895 = VERTEX_POINT ( 'NONE', #4372 ) ;
#5896 = DIRECTION ( 'NONE',  ( 1.000000000000000000, 0.000000000000000000, 0.000000000000000000 ) ) ;
#5897 = CARTESIAN_POINT ( 'NONE',  ( 0.7749999999999951372, 0.05000000000000012768, -0.1449999999999998512 ) ) ;
#5898 = VERTEX_POINT ( 'NONE', #3679 ) ;
#5899 = AXIS2_PLACEMENT_3D ( 'NONE', #2670, #4905, #5763 ) ;
#5900 = ORIENTED_EDGE ( 'NONE', *, *, #4763, .F. ) ;
#5901 = CARTESIAN_POINT ( 'NONE',  ( 0.02500000000000006384, 0.1199999999999999956, 0.2000000000000003164 ) ) ;
#5902 = EDGE_CURVE ( 'NONE', #5254, #2911, #8179, .T. ) ;
#5903 = CARTESIAN_POINT ( 'NONE',  ( -0.5000000000000002220, 0.05000000000000012768, 0.4799999999999998712 ) ) ;
#5904 = EDGE_CURVE ( 'NONE', #8418, #177, #5892, .T. ) ;
#5905 = PLANE ( 'NONE',  #8029 ) ;
#5906 = DIRECTION ( 'NONE',  ( 0.000000000000000000, 0.000000000000000000, 1.000000000000000000 ) ) ;
#5907 = LINE ( 'NONE', #2768, #6060 ) ;
#5908 = CARTESIAN_POINT ( 'NONE',  ( 0.02500000000000006384, 0.1199999999999999956, -1.000000000000000222 ) ) ;
#5909 = CARTESIAN_POINT ( 'NONE',  ( 0.07999999999999993228, 0.000000000000000000, -0.7549999999999997824 ) ) ;
#5910 = VERTEX_POINT ( 'NONE', #2862 ) ;
#5911 = EDGE_LOOP ( 'NONE', ( #6259, #2793, #4989, #7456 ) ) ;
#5912 = EDGE_CURVE ( 'NONE', #7140, #3458, #3732, .T. ) ;
#5913 = LINE ( 'NONE', #609, #2692 ) ;
#5915 = VECTOR ( 'NONE', #3476, 1000.000000000000000 ) ;
#5914 = DIRECTION ( 'NONE',  ( 0.000000000000000000, 0.000000000000000000, -1.000000000000000000 ) ) ;
#5916 = CARTESIAN_POINT ( 'NONE',  ( 1.000000000000000222, 0.06999999999999975686, -0.1999999999999998723 ) ) ;
#5917 = DIRECTION ( 'NONE',  ( 0.000000000000000000, 1.000000000000000000, 0.000000000000000000 ) ) ;
#5918 = LINE ( 'NONE', #9807, #5210 ) ;
#5919 = ORIENTED_EDGE ( 'NONE', *, *, #4638, .F. ) ;
#5920 = DIRECTION ( 'NONE',  ( -0.000000000000000000, 1.000000000000000000, -0.000000000000000000 ) ) ;
#5921 = ORIENTED_EDGE ( 'NONE', *, *, #1510, .T. ) ;
#5922 = ORIENTED_EDGE ( 'NONE', *, *, #2128, .T. ) ;
#5923 = EDGE_CURVE ( 'NONE', #4712, #5424, #6714, .T. ) ;
#5924 = VECTOR ( 'NONE', #3132, 1000.000000000000000 ) ;
#5925 = ADVANCED_FACE ( 'NONE', ( #3595 ), #8411, .F. ) ;
#5926 = SURFACE_STYLE_USAGE ( .BOTH. , #8166 ) ;
#5927 = DIRECTION ( 'NONE',  ( 0.000000000000000000, 1.000000000000000000, 0.000000000000000000 ) ) ;
#5928 = CARTESIAN_POINT ( 'NONE',  ( 1.000000000000000222, 0.1199999999999999956, 0.2000000000000002054 ) ) ;
#5929 = VECTOR ( 'NONE', #1458, 1000.000000000000000 ) ;
#5930 = CARTESIAN_POINT ( 'NONE',  ( -0.4250000000000039302, 0.1199999999999999956, 0.2500000000000003331 ) ) ;
#5932 = ORIENTED_EDGE ( 'NONE', *, *, #5704, .F. ) ;
#5931 = CARTESIAN_POINT ( 'NONE',  ( -0.9999999999999997780, 0.06999999999999975686, 0.7000000000000005107 ) ) ;
#5933 = DIRECTION ( 'NONE',  ( 0.000000000000000000, 0.000000000000000000, -1.000000000000000000 ) ) ;
#5934 = ORIENTED_EDGE ( 'NONE', *, *, #6240, .T. ) ;
#5935 = EDGE_CURVE ( 'NONE', #808, #1951, #5913, .T. ) ;
#5936 = AXIS2_PLACEMENT_3D ( 'NONE', #6154, #641, #9833 ) ;
#5937 = CARTESIAN_POINT ( 'NONE',  ( 0.7549999999999903455, 0.05000000000000012768, 0.1450000000000001565 ) ) ;
#5938 = VECTOR ( 'NONE', #4993, 1000.000000000000000 ) ;
#5939 = CARTESIAN_POINT ( 'NONE',  ( 0.9149999999999950395, 0.000000000000000000, -0.1249999999999997918 ) ) ;
#5940 = CARTESIAN_POINT ( 'NONE',  ( 0.4799999999999996492, 0.05000000000000012768, -0.5000000000000000000 ) ) ;
#5941 = LINE ( 'NONE', #8134, #6425 ) ;
#5942 = ORIENTED_EDGE ( 'NONE', *, *, #4367, .F. ) ;
#5943 = ORIENTED_EDGE ( 'NONE', *, *, #7605, .F. ) ;
#5944 = DIRECTION ( 'NONE',  ( 1.000000000000000000, -0.000000000000000000, 0.000000000000000000 ) ) ;
#5945 = VECTOR ( 'NONE', #4144, 1000.000000000000000 ) ;
#5946 = FACE_BOUND ( 'NONE', #6845, .T. ) ;
#5948 = ORIENTED_EDGE ( 'NONE', *, *, #6529, .T. ) ;
#5947 = VECTOR ( 'NONE', #4969, 1000.000000000000000 ) ;
#5949 = ORIENTED_EDGE ( 'NONE', *, *, #9544, .T. ) ;
#5950 = EDGE_CURVE ( 'NONE', #7021, #4919, #821, .T. ) ;
#5951 = CARTESIAN_POINT ( 'NONE',  ( -0.4250000000000039302, 0.1199999999999999956, -0.6500000000000000222 ) ) ;
#5952 = CIRCLE ( 'NONE', #7403, 0.01999999999999690914 ) ;
#5953 = CIRCLE ( 'NONE', #9356, 0.02000000000000005246 ) ;
#5954 = CARTESIAN_POINT ( 'NONE',  ( -0.7750000000000001332, 0.000000000000000000, -0.5950000000000000844 ) ) ;
#5955 = DIRECTION ( 'NONE',  ( -0.000000000000000000, 1.000000000000000000, -0.000000000000000000 ) ) ;
#5956 = CARTESIAN_POINT ( 'NONE',  ( 0.4250000000000039302, 0.06999999999999975686, -0.2500000000000000000 ) ) ;
#5957 = PLANE ( 'NONE',  #2534 ) ;
#5958 = LINE ( 'NONE', #8994, #955 ) ;
#5959 = ORIENTED_EDGE ( 'NONE', *, *, #1274, .T. ) ;
#5960 = DIRECTION ( 'NONE',  ( 0.000000000000000000, 0.000000000000000000, 1.000000000000000000 ) ) ;
#5961 = CARTESIAN_POINT ( 'NONE',  ( -0.9999999999999997780, 0.1199999999999999956, -0.2500000000000000000 ) ) ;
#5962 = ORIENTED_EDGE ( 'NONE', *, *, #6664, .T. ) ;
#5963 = DIRECTION ( 'NONE',  ( -1.000000000000000000, -0.000000000000000000, -0.000000000000000000 ) ) ;
#5965 = ORIENTED_EDGE ( 'NONE', *, *, #216, .F. ) ;
#5964 = VECTOR ( 'NONE', #294, 1000.000000000000000 ) ;
#5966 = ORIENTED_EDGE ( 'NONE', *, *, #3379, .F. ) ;
#5967 = VECTOR ( 'NONE', #7359, 1000.000000000000000 ) ;
#5968 = EDGE_CURVE ( 'NONE', #4712, #541, #1525, .T. ) ;
#5969 = ADVANCED_FACE ( 'NONE', ( #75 ), #3913, .F. ) ;
#5970 = ORIENTED_EDGE ( 'NONE', *, *, #468, .F. ) ;
#5971 = EDGE_CURVE ( 'NONE', #2541, #3792, #9321, .T. ) ;
#5972 = DIRECTION ( 'NONE',  ( 0.000000000000000000, 1.000000000000000000, 0.000000000000000000 ) ) ;
#5973 = PLANE ( 'NONE',  #8228 ) ;
#5974 = CARTESIAN_POINT ( 'NONE',  ( 0.4799999999999999267, 0.000000000000000000, -0.9149999999999998135 ) ) ;
#5975 = DIRECTION ( 'NONE',  ( -0.000000000000000000, 0.000000000000000000, 1.000000000000000000 ) ) ;
#5976 = DIRECTION ( 'NONE',  ( -0.000000000000000000, 1.000000000000000000, -0.000000000000000000 ) ) ;
#5977 = DIRECTION ( 'NONE',  ( -1.000000000000000000, 0.000000000000000000, 0.000000000000000000 ) ) ;
#5978 = ORIENTED_EDGE ( 'NONE', *, *, #6810, .F. ) ;
#5979 = DIRECTION ( 'NONE',  ( 1.000000000000000000, 0.000000000000000000, 0.000000000000000000 ) ) ;
#5980 = ORIENTED_EDGE ( 'NONE', *, *, #6489, .F. ) ;
#5981 = ORIENTED_EDGE ( 'NONE', *, *, #1005, .F. ) ;
#5982 = ADVANCED_FACE ( 'NONE', ( #2388 ), #4567, .F. ) ;
#5983 = DIRECTION ( 'NONE',  ( -0.000000000000000000, -1.000000000000000000, -0.000000000000000000 ) ) ;
#5984 = DIRECTION ( 'NONE',  ( -0.000000000000000000, 0.000000000000000000, -1.000000000000000000 ) ) ;
#5985 = VERTEX_POINT ( 'NONE', #4460 ) ;
#5986 = EDGE_CURVE ( 'NONE', #3401, #7204, #7594, .T. ) ;
#5987 = DIRECTION ( 'NONE',  ( -1.000000000000000000, 0.000000000000000000, -1.885568995626977845E-16 ) ) ;
#5989 = ORIENTED_EDGE ( 'NONE', *, *, #5717, .T. ) ;
#5988 = DIRECTION ( 'NONE',  ( 1.000000000000000000, -0.000000000000000000, -0.000000000000000000 ) ) ;
#5990 = ORIENTED_EDGE ( 'NONE', *, *, #953, .T. ) ;
#5991 = CARTESIAN_POINT ( 'NONE',  ( -0.02500000000000006384, 0.06999999999999975686, -0.6500000000000000222 ) ) ;
#5992 = DIRECTION ( 'NONE',  ( -1.000000000000000000, -0.000000000000000000, -0.000000000000000000 ) ) ;
#5993 = ORIENTED_EDGE ( 'NONE', *, *, #6406, .F. ) ;
#5994 = DIRECTION ( 'NONE',  ( 0.000000000000000000, 0.000000000000000000, 1.000000000000000000 ) ) ;
#5995 = VERTEX_POINT ( 'NONE', #674 ) ;
#5996 = CIRCLE ( 'NONE', #346, 0.01999999999999614933 ) ;
#5997 = VERTEX_POINT ( 'NONE', #7647 ) ;
#5998 = CARTESIAN_POINT ( 'NONE',  ( -0.3750000000000037748, 0.1199999999999999956, -0.2500000000000000000 ) ) ;
#5999 = FACE_BOUND ( 'NONE', #550, .T. ) ;
#6000 = EDGE_CURVE ( 'NONE', #5885, #7894, #6889, .T. ) ;
#6001 = EDGE_LOOP ( 'NONE', ( #521, #8090, #2657, #8198 ) ) ;
#6002 = ORIENTED_EDGE ( 'NONE', *, *, #5477, .F. ) ;
#6003 = CARTESIAN_POINT ( 'NONE',  ( -0.3750000000000037748, 0.1199999999999999956, -0.7000000000000000666 ) ) ;
#6004 = DIRECTION ( 'NONE',  ( 0.000000000000000000, 0.000000000000000000, -1.000000000000000000 ) ) ;
#6005 = ORIENTED_EDGE ( 'NONE', *, *, #2434, .T. ) ;
#6006 = DIRECTION ( 'NONE',  ( -0.000000000000000000, -1.000000000000000000, -0.000000000000000000 ) ) ;
#6007 = DIRECTION ( 'NONE',  ( 1.000000000000000000, -0.000000000000000000, -0.000000000000000000 ) ) ;
#6008 = ADVANCED_FACE ( 'NONE', ( #867 ), #5521, .F. ) ;
#6009 = PLANE ( 'NONE',  #2965 ) ;
#6010 = ORIENTED_EDGE ( 'NONE', *, *, #7158, .F. ) ;
#6011 = LINE ( 'NONE', #4439, #2342 ) ;
#6012 = CARTESIAN_POINT ( 'NONE',  ( -0.4250000000000039302, 0.1199999999999999956, -1.000000000000000222 ) ) ;
#6013 = VERTEX_POINT ( 'NONE', #7100 ) ;
#6014 = CARTESIAN_POINT ( 'NONE',  ( -0.9999999999999997780, 0.1199999999999999956, 0.2000000000000002054 ) ) ;
#6015 = AXIS2_PLACEMENT_3D ( 'NONE', #1724, #2428, #4907 ) ;
#6016 = AXIS2_PLACEMENT_3D ( 'NONE', #5022, #3510, #3461 ) ;
#6017 = VERTEX_POINT ( 'NONE', #3214 ) ;
#6018 = ORIENTED_EDGE ( 'NONE', *, *, #820, .F. ) ;
#6019 = ORIENTED_EDGE ( 'NONE', *, *, #5192, .F. ) ;
#6020 = PLANE ( 'NONE',  #2203 ) ;
#6021 = VECTOR ( 'NONE', #5360, 1000.000000000000000 ) ;
#6022 = CARTESIAN_POINT ( 'NONE',  ( 0.9150000000000000355, 0.05000000000000012768, -0.5949999999999998623 ) ) ;
#6023 = ADVANCED_FACE ( 'NONE', ( #1742 ), #8774, .F. ) ;
#6024 = ADVANCED_FACE ( 'NONE', ( #1031 ), #4774, .T. ) ;
#6025 = FACE_OUTER_BOUND ( 'NONE', #1613, .T. ) ;
#6026 = EDGE_CURVE ( 'NONE', #7067, #225, #3360, .T. ) ;
#6027 = DIRECTION ( 'NONE',  ( 0.000000000000000000, -0.000000000000000000, 1.000000000000000000 ) ) ;
#6028 = ORIENTED_EDGE ( 'NONE', *, *, #1450, .T. ) ;
#6029 = LINE ( 'NONE', #9118, #6614 ) ;
#6030 = ORIENTED_EDGE ( 'NONE', *, *, #4735, .F. ) ;
#6031 = ORIENTED_EDGE ( 'NONE', *, *, #9484, .F. ) ;
#6032 = PRESENTATION_LAYER_ASSIGNMENT (  '', '', ( #8461 ) ) ;
#6033 = DIRECTION ( 'NONE',  ( 1.000000000000000000, 0.000000000000000000, 0.000000000000000000 ) ) ;
#6034 = CARTESIAN_POINT ( 'NONE',  ( -0.3200000000000081113, 0.05000000000000012768, -0.7749999999999984679 ) ) ;
#6035 = EDGE_CURVE ( 'NONE', #4102, #1258, #9523, .T. ) ;
#6036 = PLANE ( 'NONE',  #877 ) ;
#6037 = DIRECTION ( 'NONE',  ( 1.000000000000000000, 0.000000000000000000, 0.000000000000000000 ) ) ;
#6039 = ORIENTED_EDGE ( 'NONE', *, *, #8130, .T. ) ;
#6038 = CARTESIAN_POINT ( 'NONE',  ( -0.09999999999999999167, 0.000000000000000000, -0.9149999999999997025 ) ) ;
#6040 = EDGE_LOOP ( 'NONE', ( #7901, #9517, #5595, #5817 ) ) ;
#6041 = DIRECTION ( 'NONE',  ( 1.000000000000000000, -0.000000000000000000, -0.000000000000000000 ) ) ;
#6042 = CARTESIAN_POINT ( 'NONE',  ( 0.7549999999999853495, 0.000000000000000000, 0.7550000000000000044 ) ) ;
#6043 = ORIENTED_EDGE ( 'NONE', *, *, #9839, .T. ) ;
#6044 = EDGE_CURVE ( 'NONE', #8002, #6180, #9377, .T. ) ;
#6045 = DIRECTION ( 'NONE',  ( 0.000000000000000000, 0.000000000000000000, -1.000000000000000000 ) ) ;
#6046 = AXIS2_PLACEMENT_3D ( 'NONE', #3830, #688, #2305 ) ;
#6047 = DIRECTION ( 'NONE',  ( -0.000000000000000000, -0.000000000000000000, 1.000000000000000000 ) ) ;
#6048 = DIRECTION ( 'NONE',  ( 0.000000000000000000, 0.000000000000000000, -1.000000000000000000 ) ) ;
#6049 = CARTESIAN_POINT ( 'NONE',  ( 0.5000000000000006661, 0.05000000000000012768, 0.9149999999999994804 ) ) ;
#6050 =( LENGTH_UNIT ( ) NAMED_UNIT ( * ) SI_UNIT ( .MILLI., .METRE. ) );
#6051 = ORIENTED_EDGE ( 'NONE', *, *, #6409, .F. ) ;
#6052 = ORIENTED_EDGE ( 'NONE', *, *, #3352, .T. ) ;
#6053 = DIRECTION ( 'NONE',  ( 0.000000000000000000, 0.000000000000000000, -1.000000000000000000 ) ) ;
#6054 = LINE ( 'NONE', #5815, #8916 ) ;
#6055 = DIRECTION ( 'NONE',  ( 0.000000000000000000, 1.000000000000000000, 0.000000000000000000 ) ) ;
#6056 = ORIENTED_EDGE ( 'NONE', *, *, #983, .F. ) ;
#6057 = VECTOR ( 'NONE', #4957, 1000.000000000000000 ) ;
#6058 = EDGE_CURVE ( 'NONE', #6461, #3630, #3407, .T. ) ;
#6059 = FILL_AREA_STYLE ('',( #1501 ) ) ;
#6060 = VECTOR ( 'NONE', #8942, 1000.000000000000000 ) ;
#6061 = PRESENTATION_STYLE_ASSIGNMENT (( #2821 ) ) ;
#6062 = ORIENTED_EDGE ( 'NONE', *, *, #3017, .T. ) ;
#6063 = CARTESIAN_POINT ( 'NONE',  ( -0.9999999999999997780, 0.06999999999999985401, -0.7000000000000000666 ) ) ;
#6064 = FACE_OUTER_BOUND ( 'NONE', #570, .T. ) ;
#6065 = EDGE_LOOP ( 'NONE', ( #6242, #9556, #9635, #4808 ) ) ;
#6066 = DIRECTION ( 'NONE',  ( 1.000000000000000000, 0.000000000000000000, -0.000000000000000000 ) ) ;
#6067 = UNCERTAINTY_MEASURE_WITH_UNIT (LENGTH_MEASURE( 1.000000000000000082E-05 ), #3200, 'distance_accuracy_value', 'NONE');
#6068 = ORIENTED_EDGE ( 'NONE', *, *, #8694, .T. ) ;
#6069 = ORIENTED_EDGE ( 'NONE', *, *, #6264, .F. ) ;
#6070 = ORIENTED_EDGE ( 'NONE', *, *, #7312, .T. ) ;
#6071 = DIRECTION ( 'NONE',  ( -0.000000000000000000, 1.000000000000000000, -0.000000000000000000 ) ) ;
#6072 = VECTOR ( 'NONE', #3107, 1000.000000000000000 ) ;
#6073 = DIRECTION ( 'NONE',  ( 0.000000000000000000, 0.000000000000000000, 1.000000000000000000 ) ) ;
#6074 = FACE_OUTER_BOUND ( 'NONE', #2288, .T. ) ;
#6075 = DIRECTION ( 'NONE',  ( 0.000000000000000000, 0.000000000000000000, -1.000000000000000000 ) ) ;
#6076 = DIRECTION ( 'NONE',  ( 1.000000000000000000, 0.000000000000000000, 0.000000000000000000 ) ) ;
#6078 = ORIENTED_EDGE ( 'NONE', *, *, #6383, .T. ) ;
#6077 = VECTOR ( 'NONE', #4789, 1000.000000000000000 ) ;
#6079 = DIRECTION ( 'NONE',  ( 1.000000000000000000, 0.000000000000000000, 0.000000000000000000 ) ) ;
#6080 = ORIENTED_EDGE ( 'NONE', *, *, #5904, .F. ) ;
#6081 = VERTEX_POINT ( 'NONE', #1890 ) ;
#6082 = ADVANCED_FACE ( 'NONE', ( #1119 ), #1690, .F. ) ;
#6083 = LINE ( 'NONE', #6232, #4937 ) ;
#6084 = VECTOR ( 'NONE', #6303, 1000.000000000000000 ) ;
#6085 = CARTESIAN_POINT ( 'NONE',  ( 0.3750000000000037748, 0.1199999999999999956, -0.7000000000000000666 ) ) ;
#6086 = CARTESIAN_POINT ( 'NONE',  ( -0.02500000000000006384, 0.1199999999999999956, 0.2500000000000004441 ) ) ;
#6087 = CARTESIAN_POINT ( 'NONE',  ( -0.7749999999999859224, 0.000000000000000000, 0.7750000000000001332 ) ) ;
#6088 = LINE ( 'NONE', #8425, #4072 ) ;
#6090 = ORIENTED_EDGE ( 'NONE', *, *, #9510, .T. ) ;
#6089 = LINE ( 'NONE', #9820, #7345 ) ;
#6091 = VERTEX_POINT ( 'NONE', #179 ) ;
#6092 = LINE ( 'NONE', #7757, #811 ) ;
#6093 = CYLINDRICAL_SURFACE ( 'NONE', #4723, 0.02000000000000005246 ) ;
#6094 = VERTEX_POINT ( 'NONE', #6727 ) ;
#6095 = VECTOR ( 'NONE', #8085, 1000.000000000000000 ) ;
#6096 = VERTEX_POINT ( 'NONE', #4299 ) ;
#6097 = EDGE_CURVE ( 'NONE', #7144, #1784, #1311, .T. ) ;
#6098 = EDGE_CURVE ( 'NONE', #5004, #8262, #6256, .T. ) ;
#6099 = EDGE_CURVE ( 'NONE', #175, #1520, #373, .T. ) ;
#6100 = ORIENTED_EDGE ( 'NONE', *, *, #7823, .T. ) ;
#6101 = CARTESIAN_POINT ( 'NONE',  ( 0.4250000000000039302, 0.1199999999999999956, -0.6500000000000000222 ) ) ;
#6102 = VECTOR ( 'NONE', #1276, 1000.000000000000000 ) ;
#6103 = CARTESIAN_POINT ( 'NONE',  ( -0.9999999999999997780, 0.5999999999999999778, -1.000000000000000222 ) ) ;
#6104 = FACE_OUTER_BOUND ( 'NONE', #7285, .T. ) ;
#6105 = VERTEX_POINT ( 'NONE', #7488 ) ;
#6106 = ORIENTED_EDGE ( 'NONE', *, *, #3431, .F. ) ;
#6107 = DIRECTION ( 'NONE',  ( -0.000000000000000000, -1.000000000000000000, -0.000000000000000000 ) ) ;
#6108 = CARTESIAN_POINT ( 'NONE',  ( 0.9999999999999997780, 0.05000000000000012768, 0.9999999999999997780 ) ) ;
#6109 = CARTESIAN_POINT ( 'NONE',  ( 0.7749999999999951372, 0.05000000000000012768, -0.1249999999999997918 ) ) ;
#6110 = ORIENTED_EDGE ( 'NONE', *, *, #9979, .T. ) ;
#6111 = VECTOR ( 'NONE', #5439, 1000.000000000000000 ) ;
#6112 = CARTESIAN_POINT ( 'NONE',  ( -0.9349999999999952793, 0.000000000000000000, -0.3050000000000000488 ) ) ;
#6113 = VECTOR ( 'NONE', #4069, 1000.000000000000000 ) ;
#6115 = VECTOR ( 'NONE', #3963, 1000.000000000000000 ) ;
#6114 = CARTESIAN_POINT ( 'NONE',  ( 1.000000000000000222, 0.06999999999999985401, -0.1999999999999998723 ) ) ;
#6116 = DIRECTION ( 'NONE',  ( 1.000000000000000000, 0.000000000000000000, 0.000000000000000000 ) ) ;
#6117 = ORIENTED_EDGE ( 'NONE', *, *, #6752, .F. ) ;
#6118 = CARTESIAN_POINT ( 'NONE',  ( -0.02500000000000006384, 0.06999999999999975686, 0.9999999999999997780 ) ) ;
#6119 = EDGE_CURVE ( 'NONE', #7474, #5132, #2688, .T. ) ;
#6120 = DIRECTION ( 'NONE',  ( 0.000000000000000000, 1.000000000000000000, -0.000000000000000000 ) ) ;
#6121 = ORIENTED_EDGE ( 'NONE', *, *, #8990, .T. ) ;
#6122 = ORIENTED_EDGE ( 'NONE', *, *, #2436, .T. ) ;
#6123 = EDGE_LOOP ( 'NONE', ( #605, #3567, #2321, #755 ) ) ;
#6124 = VERTEX_POINT ( 'NONE', #5878 ) ;
#6125 = DIRECTION ( 'NONE',  ( -0.000000000000000000, -0.000000000000000000, 1.000000000000000000 ) ) ;
#6126 = VECTOR ( 'NONE', #1836, 1000.000000000000000 ) ;
#6127 = LINE ( 'NONE', #9216, #1730 ) ;
#6128 = FACE_OUTER_BOUND ( 'NONE', #2531, .T. ) ;
#6129 = DIRECTION ( 'NONE',  ( 0.000000000000000000, 0.000000000000000000, -1.000000000000000000 ) ) ;
#6131 = PLANE ( 'NONE',  #6433 ) ;
#6130 = AXIS2_PLACEMENT_3D ( 'NONE', #7678, #8558, #3845 ) ;
#6132 = EDGE_CURVE ( 'NONE', #4829, #5681, #2846, .T. ) ;
#6133 = COLOUR_RGB ( '',0.7921568627450980005, 0.8196078431372548767, 0.9333333333333333481 ) ;
#6134 = DIRECTION ( 'NONE',  ( 0.000000000000000000, -0.000000000000000000, 1.000000000000000000 ) ) ;
#6135 = EDGE_LOOP ( 'NONE', ( #3333, #3987, #1688, #8895 ) ) ;
#6136 = EDGE_CURVE ( 'NONE', #41, #9821, #8964, .T. ) ;
#6137 = DIRECTION ( 'NONE',  ( 0.000000000000000000, 0.000000000000000000, -1.000000000000000000 ) ) ;
#6138 = EDGE_LOOP ( 'NONE', ( #5516, #7922, #7616, #9801 ) ) ;
#6139 = VECTOR ( 'NONE', #6958, 1000.000000000000000 ) ;
#6140 = PLANE ( 'NONE',  #9771 ) ;
#6141 = LINE ( 'NONE', #9967, #4176 ) ;
#6142 = CARTESIAN_POINT ( 'NONE',  ( 0.3750000000000037748, 0.06999999999999975686, 0.9999999999999997780 ) ) ;
#6143 = FACE_OUTER_BOUND ( 'NONE', #6197, .T. ) ;
#6145 = ORIENTED_EDGE ( 'NONE', *, *, #3578, .F. ) ;
#6144 = CARTESIAN_POINT ( 'NONE',  ( -0.9149999999999999245, 0.05000000000000012768, -0.5749999999999999556 ) ) ;
#6146 = EDGE_CURVE ( 'NONE', #4621, #9207, #2091, .T. ) ;
#6147 = ORIENTED_EDGE ( 'NONE', *, *, #1074, .F. ) ;
#6148 = FILL_AREA_STYLE_COLOUR ( '', #1934 ) ;
#6149 = ORIENTED_EDGE ( 'NONE', *, *, #3405, .F. ) ;
#6150 = ORIENTED_EDGE ( 'NONE', *, *, #6667, .F. ) ;
#6151 = LINE ( 'NONE', #85, #8014 ) ;
#6152 = DIRECTION ( 'NONE',  ( -0.000000000000000000, -1.000000000000000000, -0.000000000000000000 ) ) ;
#6153 = LINE ( 'NONE', #9242, #8155 ) ;
#6154 = CARTESIAN_POINT ( 'NONE',  ( 0.3200000000000004508, 0.05000000000000012768, 0.7749999999999999112 ) ) ;
#6155 = ORIENTED_EDGE ( 'NONE', *, *, #42, .F. ) ;
#6156 = EDGE_LOOP ( 'NONE', ( #4014, #8601, #8582, #3193 ) ) ;
#6157 = ADVANCED_FACE ( 'NONE', ( #658 ), #1346, .F. ) ;
#6158 = EDGE_CURVE ( 'NONE', #2429, #681, #1403, .T. ) ;
#6159 = DIRECTION ( 'NONE',  ( 0.000000000000000000, 0.000000000000000000, 1.000000000000000000 ) ) ;
#6160 = CARTESIAN_POINT ( 'NONE',  ( 0.5000000000000000000, 0.05000000000000012768, -0.9149999999999997025 ) ) ;
#6161 = EDGE_LOOP ( 'NONE', ( #9576, #5063, #3526, #6335 ) ) ;
#6162 = LINE ( 'NONE', #9202, #4470 ) ;
#6163 = CARTESIAN_POINT ( 'NONE',  ( 0.4250000000000039302, 0.06999999999999986788, 0.6500000000000003553 ) ) ;
#6164 = CARTESIAN_POINT ( 'NONE',  ( -0.9999999999999997780, 0.06999999999999975686, -0.2500000000000000000 ) ) ;
#6165 = LINE ( 'NONE', #1606, #6354 ) ;
#6166 = EDGE_CURVE ( 'NONE', #6180, #4270, #1293, .T. ) ;
#6167 = ORIENTED_EDGE ( 'NONE', *, *, #4276, .F. ) ;
#6168 = LINE ( 'NONE', #2274, #6221 ) ;
#6169 = LINE ( 'NONE', #899, #6755 ) ;
#6170 = ORIENTED_EDGE ( 'NONE', *, *, #9666, .F. ) ;
#6171 = VERTEX_POINT ( 'NONE', #4544 ) ;
#6172 = VECTOR ( 'NONE', #3224, 1000.000000000000000 ) ;
#6173 = ADVANCED_FACE ( 'NONE', ( #9055 ), #2827, .F. ) ;
#6174 = DIRECTION ( 'NONE',  ( 1.000000000000000000, 0.000000000000000000, 1.885568995626977845E-16 ) ) ;
#6175 = CARTESIAN_POINT ( 'NONE',  ( 0.3750000000000037748, 0.06999999999999975686, -1.000000000000000222 ) ) ;
#6177 = VECTOR ( 'NONE', #6520, 1000.000000000000000 ) ;
#6176 = CARTESIAN_POINT ( 'NONE',  ( 0.4800000000000004263, 0.05000000000000012768, 0.9149999999999998135 ) ) ;
#6178 = CARTESIAN_POINT ( 'NONE',  ( 0.1000000000000001027, 0.05000000000000012768, -0.7750000000000000222 ) ) ;
#6179 = CARTESIAN_POINT ( 'NONE',  ( 0.3750000000000037748, 0.06999999999999975686, 0.7000000000000005107 ) ) ;
#6180 = VERTEX_POINT ( 'NONE', #3750 ) ;
#6181 = FACE_OUTER_BOUND ( 'NONE', #2204, .T. ) ;
#6182 = EDGE_LOOP ( 'NONE', ( #9284, #2565, #1739, #8973 ) ) ;
#6183 = EDGE_LOOP ( 'NONE', ( #7933, #1491, #5993, #8663 ) ) ;
#6184 = VECTOR ( 'NONE', #7941, 1000.000000000000000 ) ;
#6185 = VECTOR ( 'NONE', #9845, 1000.000000000000000 ) ;
#6186 = EDGE_CURVE ( 'NONE', #9162, #1667, #546, .T. ) ;
#6187 = FACE_OUTER_BOUND ( 'NONE', #8407, .T. ) ;
#6188 = LINE ( 'NONE', #8422, #1009 ) ;
#6189 = PLANE ( 'NONE',  #7333 ) ;
#6190 = CARTESIAN_POINT ( 'NONE',  ( -0.7750000000000002442, 0.000000000000000000, -0.5749999999999999556 ) ) ;
#6192 = ORIENTED_EDGE ( 'NONE', *, *, #1653, .T. ) ;
#6191 = CARTESIAN_POINT ( 'NONE',  ( 1.000000000000000222, 0.06999999999999985401, -0.7000000000000000666 ) ) ;
#6193 = CARTESIAN_POINT ( 'NONE',  ( -0.4800000000000002043, 0.000000000000000000, 0.4800000000000000377 ) ) ;
#6194 = FACE_OUTER_BOUND ( 'NONE', #5267, .T. ) ;
#6195 = DIRECTION ( 'NONE',  ( 0.000000000000000000, 0.000000000000000000, 1.000000000000000000 ) ) ;
#6196 = ORIENTED_EDGE ( 'NONE', *, *, #7416, .F. ) ;
#6197 = EDGE_LOOP ( 'NONE', ( #2514, #6899, #472, #9466 ) ) ;
#6198 = DIRECTION ( 'NONE',  ( 0.000000000000000000, 0.000000000000000000, -1.000000000000000000 ) ) ;
#6199 = CARTESIAN_POINT ( 'NONE',  ( -0.9349999999999858424, 0.000000000000000000, 0.5950000000000000844 ) ) ;
#6200 = LINE ( 'NONE', #39, #8644 ) ;
#6201 =( NAMED_UNIT ( * ) SI_UNIT ( $, .STERADIAN. ) SOLID_ANGLE_UNIT ( ) );
#6202 = VERTEX_POINT ( 'NONE', #5909 ) ;
#6203 = ORIENTED_EDGE ( 'NONE', *, *, #3605, .F. ) ;
#6204 = CARTESIAN_POINT ( 'NONE',  ( 0.3750000000000037748, 0.1199999999999999956, -1.000000000000000222 ) ) ;
#6205 = CARTESIAN_POINT ( 'NONE',  ( -0.9350000000000000533, 0.05000000000000012768, -0.7549999999999998934 ) ) ;
#6206 = DIRECTION ( 'NONE',  ( 1.000000000000000000, -0.000000000000000000, -0.000000000000000000 ) ) ;
#6207 = VECTOR ( 'NONE', #183, 1000.000000000000000 ) ;
#6208 = ADVANCED_FACE ( 'NONE', ( #2939 ), #6819, .F. ) ;
#6209 = CARTESIAN_POINT ( 'NONE',  ( 0.3000000000000005440, 0.000000000000000000, 0.9149999999999997025 ) ) ;
#6210 = LINE ( 'NONE', #6114, #2726 ) ;
#6211 = DIRECTION ( 'NONE',  ( 0.000000000000000000, 0.000000000000000000, 1.000000000000000000 ) ) ;
#6212 = EDGE_LOOP ( 'NONE', ( #6353, #851, #2399, #4612 ) ) ;
#6213 = DIRECTION ( 'NONE',  ( -0.000000000000000000, -1.000000000000000000, -0.000000000000000000 ) ) ;
#6214 = DIRECTION ( 'NONE',  ( 0.000000000000000000, 1.000000000000000000, 0.000000000000000000 ) ) ;
#6215 = ORIENTED_EDGE ( 'NONE', *, *, #3880, .F. ) ;
#6216 = VECTOR ( 'NONE', #917, 1000.000000000000000 ) ;
#6217 = ORIENTED_EDGE ( 'NONE', *, *, #6136, .T. ) ;
#6218 = ADVANCED_FACE ( 'NONE', ( #5202 ), #8304, .F. ) ;
#6219 = EDGE_CURVE ( 'NONE', #5506, #8714, #9799, .T. ) ;
#6220 = EDGE_CURVE ( 'NONE', #8186, #6523, #9107, .T. ) ;
#6221 = VECTOR ( 'NONE', #3945, 1000.000000000000000 ) ;
#6222 = CARTESIAN_POINT ( 'NONE',  ( -0.7750000000000001332, 0.000000000000000000, -0.7550000000000000044 ) ) ;
#6223 = CYLINDRICAL_SURFACE ( 'NONE', #1914, 0.02000000000000005246 ) ;
#6224 = DIRECTION ( 'NONE',  ( -1.000000000000000000, 0.000000000000000000, -0.000000000000000000 ) ) ;
#6225 = LINE ( 'NONE', #6930, #3212 ) ;
#6226 = DIRECTION ( 'NONE',  ( -1.000000000000000000, 0.000000000000000000, 0.000000000000000000 ) ) ;
#6227 = ORIENTED_EDGE ( 'NONE', *, *, #2697, .T. ) ;
#6228 = CARTESIAN_POINT ( 'NONE',  ( 0.02500000000000006384, 0.06999999999999975686, -0.6500000000000000222 ) ) ;
#6229 = EDGE_CURVE ( 'NONE', #1873, #2826, #2987, .T. ) ;
#6230 = ORIENTED_EDGE ( 'NONE', *, *, #9274, .T. ) ;
#6231 = VECTOR ( 'NONE', #4935, 1000.000000000000000 ) ;
#6232 = CARTESIAN_POINT ( 'NONE',  ( -0.4250000000000039302, 0.1199999999999999956, -0.6500000000000000222 ) ) ;
#6233 = DIRECTION ( 'NONE',  ( 1.000000000000000000, 0.000000000000000000, 0.000000000000000000 ) ) ;
#6234 = CARTESIAN_POINT ( 'NONE',  ( 0.3750000000000037748, 0.1199999999999999956, 0.6500000000000003553 ) ) ;
#6235 = DIRECTION ( 'NONE',  ( 0.000000000000000000, 1.000000000000000000, 0.000000000000000000 ) ) ;
#6236 = CARTESIAN_POINT ( 'NONE',  ( 1.000000000000000222, 0.06999999999999985401, -0.2500000000000000000 ) ) ;
#6238 = ORIENTED_EDGE ( 'NONE', *, *, #9870, .T. ) ;
#6237 = DIRECTION ( 'NONE',  ( 0.000000000000000000, 0.000000000000000000, -1.000000000000000000 ) ) ;
#6239 = LINE ( 'NONE', #1583, #1946 ) ;
#6240 = EDGE_CURVE ( 'NONE', #153, #8885, #5610, .T. ) ;
#6241 = PRESENTATION_STYLE_ASSIGNMENT (( #5528 ) ) ;
#6242 = ORIENTED_EDGE ( 'NONE', *, *, #3272, .F. ) ;
#6243 = ORIENTED_EDGE ( 'NONE', *, *, #6974, .F. ) ;
#6244 = EDGE_LOOP ( 'NONE', ( #4003, #9147, #7509, #2156 ) ) ;
#6245 = CIRCLE ( 'NONE', #8354, 0.02000000000000623154 ) ;
#6246 = LINE ( 'NONE', #2495, #2546 ) ;
#6247 = CARTESIAN_POINT ( 'NONE',  ( -0.3750000000000037748, 0.06999999999999975686, -0.7000000000000000666 ) ) ;
#6248 = DIRECTION ( 'NONE',  ( 0.000000000000000000, 0.000000000000000000, 1.000000000000000000 ) ) ;
#6249 = AXIS2_PLACEMENT_3D ( 'NONE', #1903, #8695, #9535 ) ;
#6250 = VERTEX_POINT ( 'NONE', #3485 ) ;
#6251 = LINE ( 'NONE', #5445, #7255 ) ;
#6252 = CARTESIAN_POINT ( 'NONE',  ( 0.02500000000000006384, 0.1199999999999999956, 0.2000000000000002054 ) ) ;
#6253 = ADVANCED_FACE ( 'NONE', ( #2019 ), #357, .F. ) ;
#6254 = CARTESIAN_POINT ( 'NONE',  ( 0.1000000000000006439, 0.000000000000000000, 0.7750000000000002442 ) ) ;
#6255 = VERTEX_POINT ( 'NONE', #9601 ) ;
#6256 = CIRCLE ( 'NONE', #3846, 0.02000000000000005246 ) ;
#6257 = CARTESIAN_POINT ( 'NONE',  ( -0.9999999999999997780, 0.06999999999999985401, 0.2500000000000003331 ) ) ;
#6258 = FILL_AREA_STYLE_COLOUR ( '', #5705 ) ;
#6259 = ORIENTED_EDGE ( 'NONE', *, *, #6119, .T. ) ;
#6260 = CARTESIAN_POINT ( 'NONE',  ( 0.9350000000000000533, 0.05000000000000012768, -0.7549999999999996714 ) ) ;
#6261 = LINE ( 'NONE', #9259, #4339 ) ;
#6263 = ORIENTED_EDGE ( 'NONE', *, *, #3284, .F. ) ;
#6262 = VECTOR ( 'NONE', #6644, 1000.000000000000000 ) ;
#6264 = EDGE_CURVE ( 'NONE', #3002, #3660, #3395, .T. ) ;
#6265 = PRODUCT_DEFINITION_CONTEXT ( 'detailed design', #7953, 'design' ) ;
#6266 = ORIENTED_EDGE ( 'NONE', *, *, #42, .T. ) ;
#6267 = ORIENTED_EDGE ( 'NONE', *, *, #3130, .F. ) ;
#6268 =( GEOMETRIC_REPRESENTATION_CONTEXT ( 3 ) GLOBAL_UNCERTAINTY_ASSIGNED_CONTEXT ( ( #299 ) ) GLOBAL_UNIT_ASSIGNED_CONTEXT ( ( #3831, #1592, #2973 ) ) REPRESENTATION_CONTEXT ( 'NONE', 'WORKASPACE' ) );
#6269 = AXIS2_PLACEMENT_3D ( 'NONE', #5223, #8217, #9020 ) ;
#6270 = CARTESIAN_POINT ( 'NONE',  ( -0.07999999999999989064, 0.000000000000000000, -0.9349999999999998312 ) ) ;
#6271 = DIRECTION ( 'NONE',  ( 0.000000000000000000, 0.000000000000000000, -1.000000000000000000 ) ) ;
#6272 = DIRECTION ( 'NONE',  ( 0.000000000000000000, 1.000000000000000000, 0.000000000000000000 ) ) ;
#6273 = CARTESIAN_POINT ( 'NONE',  ( 0.7549999999999903455, 0.000000000000000000, 0.3049999999999999378 ) ) ;
#6274 = DIRECTION ( 'NONE',  ( 0.000000000000000000, 0.000000000000000000, 1.000000000000000000 ) ) ;
#6275 = ORIENTED_EDGE ( 'NONE', *, *, #5283, .T. ) ;
#6277 = EDGE_CURVE ( 'NONE', #3051, #5531, #9639, .T. ) ;
#6276 = CARTESIAN_POINT ( 'NONE',  ( 0.3750000000000037748, 0.1199999999999999956, 0.7000000000000005107 ) ) ;
#6278 = ADVANCED_FACE ( 'NONE', ( #1924 ), #5001, .F. ) ;
#6280 = ORIENTED_EDGE ( 'NONE', *, *, #3880, .T. ) ;
#6279 = VECTOR ( 'NONE', #8659, 1000.000000000000000 ) ;
#6281 = ORIENTED_EDGE ( 'NONE', *, *, #3005, .F. ) ;
#6282 = VECTOR ( 'NONE', #3093, 1000.000000000000000 ) ;
#6283 = VECTOR ( 'NONE', #495, 1000.000000000000000 ) ;
#6284 = CIRCLE ( 'NONE', #460, 0.02000000000000005246 ) ;
#6285 = DIRECTION ( 'NONE',  ( 0.000000000000000000, 0.000000000000000000, 1.000000000000000000 ) ) ;
#6286 = CARTESIAN_POINT ( 'NONE',  ( -0.02500000000000006384, 0.06999999999999975686, -0.7000000000000000666 ) ) ;
#6287 = CARTESIAN_POINT ( 'NONE',  ( -0.4250000000000039302, 0.06999999999999975686, -1.000000000000000222 ) ) ;
#6288 = ORIENTED_EDGE ( 'NONE', *, *, #8165, .F. ) ;
#6289 = ADVANCED_FACE ( 'NONE', ( #5052 ), #7367, .F. ) ;
#6290 = LINE ( 'NONE', #9283, #514 ) ;
#6291 = ORIENTED_EDGE ( 'NONE', *, *, #2333, .F. ) ;
#6292 = EDGE_LOOP ( 'NONE', ( #2408, #1, #5155, #5574, #4101, #8152, #6230, #1215 ) ) ;
#6293 = VERTEX_POINT ( 'NONE', #3041 ) ;
#6294 = AXIS2_PLACEMENT_3D ( 'NONE', #5886, #4308, #473 ) ;
#6295 = DIRECTION ( 'NONE',  ( 0.000000000000000000, -1.000000000000000000, 0.000000000000000000 ) ) ;
#6296 = FACE_OUTER_BOUND ( 'NONE', #6156, .T. ) ;
#6297 = CARTESIAN_POINT ( 'NONE',  ( -0.07999999999999998779, 0.05000000000000012768, -0.9149999999999998135 ) ) ;
#6298 = CARTESIAN_POINT ( 'NONE',  ( 0.02500000000000006384, 0.1199999999999999956, 0.9999999999999997780 ) ) ;
#6299 = ORIENTED_EDGE ( 'NONE', *, *, #3879, .T. ) ;
#6300 = DIRECTION ( 'NONE',  ( 0.000000000000000000, 0.000000000000000000, 1.000000000000000000 ) ) ;
#6301 = CARTESIAN_POINT ( 'NONE',  ( -0.3750000000000037748, 0.1199999999999999956, 0.2500000000000004441 ) ) ;
#6302 = PLANE ( 'NONE',  #3761 ) ;
#6303 = DIRECTION ( 'NONE',  ( -0.000000000000000000, 1.000000000000000000, -0.000000000000000000 ) ) ;
#6304 = EDGE_CURVE ( 'NONE', #1861, #7144, #3593, .T. ) ;
#6305 = DIRECTION ( 'NONE',  ( -0.000000000000000000, -1.000000000000000000, -0.000000000000000000 ) ) ;
#6306 = DIRECTION ( 'NONE',  ( -0.000000000000000000, 1.000000000000000000, -0.000000000000000000 ) ) ;
#6307 = VERTEX_POINT ( 'NONE', #8458 ) ;
#6308 = DIRECTION ( 'NONE',  ( -0.000000000000000000, 0.000000000000000000, -1.000000000000000000 ) ) ;
#6310 = CLOSED_SHELL ( 'NONE', ( #556, #4599, #8750, #3247 ) ) ;
#6309 = LINE ( 'NONE', #998, #4831 ) ;
#6311 = ORIENTED_EDGE ( 'NONE', *, *, #5728, .T. ) ;
#6312 = ORIENTED_EDGE ( 'NONE', *, *, #5333, .F. ) ;
#6313 = ORIENTED_EDGE ( 'NONE', *, *, #8201, .F. ) ;
#6314 = VECTOR ( 'NONE', #3344, 1000.000000000000000 ) ;
#6315 = ADVANCED_FACE ( 'NONE', ( #1462 ), #8255, .F. ) ;
#6316 = PLANE ( 'NONE',  #3673 ) ;
#6317 = LINE ( 'NONE', #4142, #943 ) ;
#6318 = ORIENTED_EDGE ( 'NONE', *, *, #6220, .F. ) ;
#6319 = FACE_OUTER_BOUND ( 'NONE', #738, .T. ) ;
#6320 = DIRECTION ( 'NONE',  ( -0.000000000000000000, -1.000000000000000000, -0.000000000000000000 ) ) ;
#6321 = DIRECTION ( 'NONE',  ( 1.000000000000000000, -0.000000000000000000, 0.000000000000000000 ) ) ;
#6322 = ORIENTED_EDGE ( 'NONE', *, *, #4288, .F. ) ;
#6323 = LINE ( 'NONE', #6276, #7439 ) ;
#6324 = AXIS2_PLACEMENT_3D ( 'NONE', #3737, #8496, #6004 ) ;
#6325 = VERTEX_POINT ( 'NONE', #4395 ) ;
#6326 = EDGE_CURVE ( 'NONE', #6465, #6677, #2075, .T. ) ;
#6327 = EDGE_CURVE ( 'NONE', #8290, #4022, #5156, .T. ) ;
#6328 = VECTOR ( 'NONE', #4409, 1000.000000000000000 ) ;
#6329 = VECTOR ( 'NONE', #9080, 1000.000000000000000 ) ;
#6330 = DIRECTION ( 'NONE',  ( 0.000000000000000000, 0.000000000000000000, -1.000000000000000000 ) ) ;
#6331 = CARTESIAN_POINT ( 'NONE',  ( 0.3000000000000000444, 0.05000000000000012768, -0.9149999999999997025 ) ) ;
#6332 = CARTESIAN_POINT ( 'NONE',  ( 0.9149999999999903766, 0.05000000000000012768, 0.1250000000000001110 ) ) ;
#6333 = ORIENTED_EDGE ( 'NONE', *, *, #7697, .T. ) ;
#6334 = DIRECTION ( 'NONE',  ( 1.000000000000000000, -0.000000000000000000, -0.000000000000000000 ) ) ;
#6335 = ORIENTED_EDGE ( 'NONE', *, *, #5020, .T. ) ;
#6336 = ORIENTED_EDGE ( 'NONE', *, *, #5717, .F. ) ;
#6337 = VECTOR ( 'NONE', #5324, 1000.000000000000000 ) ;
#6338 = ORIENTED_EDGE ( 'NONE', *, *, #5167, .T. ) ;
#6340 = ORIENTED_EDGE ( 'NONE', *, *, #8282, .T. ) ;
#6339 = CIRCLE ( 'NONE', #853, 0.01999999999999999695 ) ;
#6341 = EDGE_CURVE ( 'NONE', #3499, #8186, #7635, .T. ) ;
#6342 = EDGE_CURVE ( 'NONE', #8303, #1681, #8356, .T. ) ;
#6343 = EDGE_CURVE ( 'NONE', #4919, #2593, #3804, .T. ) ;
#6344 = DIRECTION ( 'NONE',  ( 0.000000000000000000, 0.000000000000000000, -1.000000000000000000 ) ) ;
#6345 = VECTOR ( 'NONE', #8528, 1000.000000000000000 ) ;
#6346 = DIRECTION ( 'NONE',  ( -0.000000000000000000, -1.000000000000000000, -0.000000000000000000 ) ) ;
#6347 = ORIENTED_EDGE ( 'NONE', *, *, #1364, .F. ) ;
#6348 = ORIENTED_EDGE ( 'NONE', *, *, #6740, .T. ) ;
#6349 = DIRECTION ( 'NONE',  ( -1.000000000000000000, 0.000000000000000000, -0.000000000000000000 ) ) ;
#6350 = DIRECTION ( 'NONE',  ( 0.000000000000000000, 0.000000000000000000, 1.000000000000000000 ) ) ;
#6351 = CARTESIAN_POINT ( 'NONE',  ( -0.9999999999999997780, 0.06999999999999975686, 0.7000000000000005107 ) ) ;
#6352 = PRODUCT_DEFINITION ( 'UNKNOWN', '', #5340, #6265 ) ;
#6353 = ORIENTED_EDGE ( 'NONE', *, *, #8991, .T. ) ;
#6354 = VECTOR ( 'NONE', #8696, 1000.000000000000000 ) ;
#6355 = DIRECTION ( 'NONE',  ( 0.000000000000000000, 0.000000000000000000, -1.000000000000000000 ) ) ;
#6356 = CARTESIAN_POINT ( 'NONE',  ( -0.9149999999999905986, 0.05000000000000012768, 0.1249999999999998890 ) ) ;
#6357 = ORIENTED_EDGE ( 'NONE', *, *, #7606, .T. ) ;
#6358 = LINE ( 'NONE', #9436, #8503 ) ;
#6359 = DIRECTION ( 'NONE',  ( 1.000000000000000000, 0.000000000000000000, -0.000000000000000000 ) ) ;
#6360 = ORIENTED_EDGE ( 'NONE', *, *, #4587, .F. ) ;
#6361 = ORIENTED_EDGE ( 'NONE', *, *, #9484, .T. ) ;
#6362 = EDGE_CURVE ( 'NONE', #224, #8329, #9953, .T. ) ;
#6363 = LINE ( 'NONE', #5956, #416 ) ;
#6364 = CARTESIAN_POINT ( 'NONE',  ( 0.02500000000000006384, 0.06999999999999986788, -0.7000000000000000666 ) ) ;
#6365 = AXIS2_PLACEMENT_3D ( 'NONE', #3836, #2977, #3025 ) ;
#6366 = ORIENTED_EDGE ( 'NONE', *, *, #4440, .T. ) ;
#6367 = CARTESIAN_POINT ( 'NONE',  ( 1.000000000000000222, 0.1199999999999999956, 0.6500000000000003553 ) ) ;
#6368 = PLANE ( 'NONE',  #8552 ) ;
#6369 = DIRECTION ( 'NONE',  ( 0.000000000000000000, 1.000000000000000000, 0.000000000000000000 ) ) ;
#6370 = ORIENTED_EDGE ( 'NONE', *, *, #9927, .F. ) ;
#6371 = PLANE ( 'NONE',  #5684 ) ;
#6372 = ORIENTED_EDGE ( 'NONE', *, *, #3840, .T. ) ;
#6374 = EDGE_CURVE ( 'NONE', #5487, #4393, #928, .T. ) ;
#6373 = VERTEX_POINT ( 'NONE', #1406 ) ;
#6375 = VECTOR ( 'NONE', #8158, 1000.000000000000000 ) ;
#6376 = DIRECTION ( 'NONE',  ( -0.000000000000000000, -1.000000000000000000, -0.000000000000000000 ) ) ;
#6377 = DIRECTION ( 'NONE',  ( 1.000000000000000000, 0.000000000000000000, -0.000000000000000000 ) ) ;
#6378 = PLANE ( 'NONE',  #2615 ) ;
#6380 = ORIENTED_EDGE ( 'NONE', *, *, #5208, .T. ) ;
#6379 = VECTOR ( 'NONE', #3698, 1000.000000000000000 ) ;
#6381 = DIRECTION ( 'NONE',  ( -0.000000000000000000, -1.000000000000000000, -0.000000000000000000 ) ) ;
#6382 = ORIENTED_EDGE ( 'NONE', *, *, #569, .F. ) ;
#6383 = EDGE_CURVE ( 'NONE', #8283, #5435, #2125, .T. ) ;
#6384 = ORIENTED_EDGE ( 'NONE', *, *, #9580, .T. ) ;
#6385 = ORIENTED_EDGE ( 'NONE', *, *, #2415, .F. ) ;
#6386 = VECTOR ( 'NONE', #6198, 1000.000000000000000 ) ;
#6387 = DIRECTION ( 'NONE',  ( -0.000000000000000000, -1.000000000000000000, -0.000000000000000000 ) ) ;
#6388 = CARTESIAN_POINT ( 'NONE',  ( 0.9149999999999999245, 0.05000000000000012768, -0.7749999999999999112 ) ) ;
#6389 = CARTESIAN_POINT ( 'NONE',  ( -0.4250000000000039302, 0.1199999999999999956, -1.000000000000000222 ) ) ;
#6390 = DIRECTION ( 'NONE',  ( 0.000000000000000000, 1.000000000000000000, -0.000000000000000000 ) ) ;
#6391 = ORIENTED_EDGE ( 'NONE', *, *, #9917, .T. ) ;
#6392 = LINE ( 'NONE', #8782, #1778 ) ;
#6393 = CARTESIAN_POINT ( 'NONE',  ( 0.4250000000000039302, 0.1199999999999999956, 0.6500000000000003553 ) ) ;
#6394 = DIRECTION ( 'NONE',  ( 1.000000000000000000, 0.000000000000000000, 0.000000000000000000 ) ) ;
#6395 = MECHANICAL_DESIGN_GEOMETRIC_PRESENTATION_REPRESENTATION (  '', ( #9618 ), #909 ) ;
#6396 = EDGE_CURVE ( 'NONE', #5995, #3311, #6770, .T. ) ;
#6397 = EDGE_CURVE ( 'NONE', #4205, #2569, #9306, .T. ) ;
#6398 = EDGE_CURVE ( 'NONE', #9684, #3100, #445, .T. ) ;
#6399 = DIRECTION ( 'NONE',  ( 1.000000000000000000, -0.000000000000000000, 0.000000000000000000 ) ) ;
#6400 = LINE ( 'NONE', #9482, #8210 ) ;
#6401 = SURFACE_STYLE_FILL_AREA ( #3329 ) ;
#6402 = ORIENTED_EDGE ( 'NONE', *, *, #2535, .T. ) ;
#6403 = CARTESIAN_POINT ( 'NONE',  ( -0.7750000000000002442, 0.05000000000000012768, -0.5749999999999999556 ) ) ;
#6404 = DIRECTION ( 'NONE',  ( 0.000000000000000000, 1.000000000000000000, -0.000000000000000000 ) ) ;
#6405 = ORIENTED_EDGE ( 'NONE', *, *, #499, .F. ) ;
#6406 = EDGE_CURVE ( 'NONE', #5757, #9342, #107, .T. ) ;
#6407 = ORIENTED_EDGE ( 'NONE', *, *, #456, .F. ) ;
#6408 = VECTOR ( 'NONE', #3993, 1000.000000000000000 ) ;
#6409 = EDGE_CURVE ( 'NONE', #7385, #3508, #9642, .T. ) ;
#6410 = CARTESIAN_POINT ( 'NONE',  ( -0.7749999999999906963, 0.05000000000000012768, 0.3049999999999999378 ) ) ;
#6412 = AXIS2_PLACEMENT_3D ( 'NONE', #6603, #4500, #9214 ) ;
#6411 = DIRECTION ( 'NONE',  ( -1.000000000000000000, 0.000000000000000000, 0.000000000000000000 ) ) ;
#6413 = FACE_OUTER_BOUND ( 'NONE', #5467, .T. ) ;
#6414 = CARTESIAN_POINT ( 'NONE',  ( 0.3200000000000007838, 0.000000000000000000, 0.9349999999999998312 ) ) ;
#6415 = DIRECTION ( 'NONE',  ( 0.000000000000000000, 1.000000000000000000, 0.000000000000000000 ) ) ;
#6416 = CARTESIAN_POINT ( 'NONE',  ( 0.3750000000000037748, 0.06999999999999986788, -0.6500000000000000222 ) ) ;
#6417 = ORIENTED_EDGE ( 'NONE', *, *, #5208, .F. ) ;
#6418 = CARTESIAN_POINT ( 'NONE',  ( -0.4800000000000075318, 0.05000000000000012768, 0.7749999999999954703 ) ) ;
#6419 = VERTEX_POINT ( 'NONE', #8898 ) ;
#6420 = VERTEX_POINT ( 'NONE', #5916 ) ;
#6421 = VECTOR ( 'NONE', #6306, 1000.000000000000000 ) ;
#6422 = CARTESIAN_POINT ( 'NONE',  ( 0.3750000000000037748, 0.1199999999999999956, -1.000000000000000222 ) ) ;
#6423 = ADVANCED_FACE ( 'NONE', ( #7427 ), #8157, .T. ) ;
#6424 = DIRECTION ( 'NONE',  ( 0.000000000000000000, 0.000000000000000000, -1.000000000000000000 ) ) ;
#6425 = VECTOR ( 'NONE', #2702, 1000.000000000000000 ) ;
#6426 = VECTOR ( 'NONE', #1844, 1000.000000000000000 ) ;
#6427 = LINE ( 'NONE', #268, #1025 ) ;
#6428 = ORIENTED_EDGE ( 'NONE', *, *, #2071, .F. ) ;
#6429 = CARTESIAN_POINT ( 'NONE',  ( -0.3750000000000037748, 0.06999999999999986788, -1.000000000000000222 ) ) ;
#6430 = VERTEX_POINT ( 'NONE', #4293 ) ;
#6431 = ORIENTED_EDGE ( 'NONE', *, *, #7225, .F. ) ;
#6432 =( LENGTH_UNIT ( ) NAMED_UNIT ( * ) SI_UNIT ( .MILLI., .METRE. ) );
#6433 = AXIS2_PLACEMENT_3D ( 'NONE', #3856, #8414, #9361 ) ;
#6434 = VECTOR ( 'NONE', #7684, 1000.000000000000000 ) ;
#6435 = CARTESIAN_POINT ( 'NONE',  ( 0.9149999999999950395, 0.05000000000000012768, -0.3249999999999999001 ) ) ;
#6436 = CARTESIAN_POINT ( 'NONE',  ( -0.9149999999999858247, 0.05000000000000012768, 0.7550000000000000044 ) ) ;
#6437 = EDGE_CURVE ( 'NONE', #4647, #136, #2078, .T. ) ;
#6438 = PLANE ( 'NONE',  #1847 ) ;
#6439 = CARTESIAN_POINT ( 'NONE',  ( 0.3750000000000037748, 0.06999999999999975686, -0.7000000000000000666 ) ) ;
#6440 = DIRECTION ( 'NONE',  ( 0.000000000000000000, 0.000000000000000000, -1.000000000000000000 ) ) ;
#6441 = ORIENTED_EDGE ( 'NONE', *, *, #9004, .F. ) ;
#6442 = DIRECTION ( 'NONE',  ( -1.000000000000000000, 0.000000000000000000, 0.000000000000000000 ) ) ;
#6443 = AXIS2_PLACEMENT_3D ( 'NONE', #8184, #2109, #5240 ) ;
#6444 = PLANE ( 'NONE',  #1150 ) ;
#6445 = DIRECTION ( 'NONE',  ( 1.000000000000000000, 0.000000000000000000, 0.000000000000000000 ) ) ;
#6446 = AXIS2_PLACEMENT_3D ( 'NONE', #942, #7113, #6451 ) ;
#6447 = CIRCLE ( 'NONE', #159, 0.02000000000000005246 ) ;
#6448 = ADVANCED_FACE ( 'NONE', ( #6661 ), #455, .F. ) ;
#6449 = EDGE_CURVE ( 'NONE', #8485, #2541, #2024, .T. ) ;
#6450 = CARTESIAN_POINT ( 'NONE',  ( -0.3750000000000037748, 0.1199999999999999956, -1.000000000000000222 ) ) ;
#6451 = DIRECTION ( 'NONE',  ( 1.000000000000000000, 0.000000000000000000, 0.000000000000000000 ) ) ;
#6452 = VERTEX_POINT ( 'NONE', #8369 ) ;
#6453 = CARTESIAN_POINT ( 'NONE',  ( 0.9349999999999853983, 0.000000000000000000, 0.5950000000000005285 ) ) ;
#6454 = EDGE_LOOP ( 'NONE', ( #2480, #3161, #8770, #5642 ) ) ;
#6456 = ORIENTED_EDGE ( 'NONE', *, *, #7778, .T. ) ;
#6455 = MECHANICAL_DESIGN_GEOMETRIC_PRESENTATION_REPRESENTATION (  '', ( #4524 ), #4354 ) ;
#6457 = ORIENTED_EDGE ( 'NONE', *, *, #4187, .T. ) ;
#6458 = ADVANCED_FACE ( 'NONE', ( #4006 ), #266, .F. ) ;
#6459 = LINE ( 'NONE', #1775, #4018 ) ;
#6460 = PLANE ( 'NONE',  #4398 ) ;
#6461 = VERTEX_POINT ( 'NONE', #1152 ) ;
#6462 = CARTESIAN_POINT ( 'NONE',  ( -0.2999999999999999334, 0.05000000000000012768, -0.7750000000000000222 ) ) ;
#6463 = CARTESIAN_POINT ( 'NONE',  ( 0.5000000000000000000, 0.05000000000000012768, -0.9149999999999997025 ) ) ;
#6464 = DIRECTION ( 'NONE',  ( 0.000000000000000000, 0.000000000000000000, -1.000000000000000000 ) ) ;
#6465 = VERTEX_POINT ( 'NONE', #2891 ) ;
#6466 = CARTESIAN_POINT ( 'NONE',  ( -0.4250000000000039302, 0.1199999999999999956, 0.7000000000000005107 ) ) ;
#6467 = VERTEX_POINT ( 'NONE', #3653 ) ;
#6468 = ORIENTED_EDGE ( 'NONE', *, *, #5356, .T. ) ;
#6469 = ADVANCED_FACE ( 'NONE', ( #3547 ), #408, .T. ) ;
#6470 = CLOSED_SHELL ( 'NONE', ( #7555, #1790, #1255, #43, #3796, #5507, #8247, #6218, #5034, #4264, #152, #5112, #1394, #5925, #286, #4067, #3286, #5428, #7804, #9733, #2980, #4627, #8641, #5662, #9407, #2677, #3717, #9395, #4346, #3027, #1757, #1843, #528, #6208, #2747, #2748, #2809, #6838, #6173, #4027, #393, #227, #5868, #360, #9978, #882, #3197, #1522, #9613, #2970, #3689, #109, #3752, #5066, #4877, #4902, #1956, #204, #966, #9545, #8932, #8076, #9631, #8731, #1043, #6513, #8460, #9533, #4662, #1286, #8016, #6157, #3487 ) ) ;
#6471 = DIRECTION ( 'NONE',  ( -0.000000000000000000, 1.000000000000000000, -0.000000000000000000 ) ) ;
#6472 = LINE ( 'NONE', #1064, #3152 ) ;
#6473 = DIRECTION ( 'NONE',  ( 1.000000000000000000, 0.000000000000000000, 0.000000000000000000 ) ) ;
#6474 = VERTEX_POINT ( 'NONE', #9699 ) ;
#6475 = ORIENTED_EDGE ( 'NONE', *, *, #4810, .T. ) ;
#6476 = ORIENTED_EDGE ( 'NONE', *, *, #9317, .F. ) ;
#6477 = ORIENTED_EDGE ( 'NONE', *, *, #44, .F. ) ;
#6478 = EDGE_CURVE ( 'NONE', #5673, #4062, #775, .T. ) ;
#6479 = CIRCLE ( 'NONE', #2948, 0.02000000000000005246 ) ;
#6480 = LINE ( 'NONE', #5786, #5947 ) ;
#6481 = LINE ( 'NONE', #4358, #9121 ) ;
#6482 = DIRECTION ( 'NONE',  ( 0.000000000000000000, 0.000000000000000000, -1.000000000000000000 ) ) ;
#6483 = EDGE_LOOP ( 'NONE', ( #692, #4260, #8374, #3345 ) ) ;
#6484 = ORIENTED_EDGE ( 'NONE', *, *, #8165, .T. ) ;
#6485 = VECTOR ( 'NONE', #5481, 1000.000000000000000 ) ;
#6486 = CARTESIAN_POINT ( 'NONE',  ( -0.07999999999999939104, 0.05000000000000012768, 0.9150000000000000355 ) ) ;
#6487 = DIRECTION ( 'NONE',  ( -0.000000000000000000, -1.000000000000000000, -0.000000000000000000 ) ) ;
#6488 = PLANE ( 'NONE',  #5522 ) ;
#6489 = EDGE_CURVE ( 'NONE', #1223, #8533, #2137, .T. ) ;
#6490 = AXIS2_PLACEMENT_3D ( 'NONE', #8710, #7999, #908 ) ;
#6491 = PLANE ( 'NONE',  #7515 ) ;
#6492 = VECTOR ( 'NONE', #1964, 1000.000000000000000 ) ;
#6493 = DIRECTION ( 'NONE',  ( 1.000000000000000000, 0.000000000000000000, 0.000000000000000000 ) ) ;
#6494 = CARTESIAN_POINT ( 'NONE',  ( -0.9149999999999999245, 0.05000000000000012768, -0.7750000000000001332 ) ) ;
#6495 = CARTESIAN_POINT ( 'NONE',  ( -0.9350000000000000533, 0.000000000000000000, -0.7549999999999998934 ) ) ;
#6496 = VERTEX_POINT ( 'NONE', #7591 ) ;
#6497 = FACE_OUTER_BOUND ( 'NONE', #3494, .T. ) ;
#6498 = VERTEX_POINT ( 'NONE', #673 ) ;
#6499 = VECTOR ( 'NONE', #3468, 1000.000000000000000 ) ;
#6500 = ORIENTED_EDGE ( 'NONE', *, *, #6754, .F. ) ;
#6501 = ORIENTED_EDGE ( 'NONE', *, *, #7451, .F. ) ;
#6502 = ADVANCED_FACE ( 'NONE', ( #8961 ), #8267, .T. ) ;
#6503 = CARTESIAN_POINT ( 'NONE',  ( -0.4800000000000080869, 0.05000000000000012768, -0.7549999999999948974 ) ) ;
#6504 = CARTESIAN_POINT ( 'NONE',  ( -0.02500000000000006384, 0.06999999999999986788, -1.000000000000000222 ) ) ;
#6505 = LINE ( 'NONE', #9444, #7565 ) ;
#6506 = LINE ( 'NONE', #5665, #2620 ) ;
#6507 = CARTESIAN_POINT ( 'NONE',  ( -0.3750000000000037748, 0.1199999999999999956, 0.6500000000000003553 ) ) ;
#6508 = DIRECTION ( 'NONE',  ( -0.000000000000000000, -0.000000000000000000, 1.000000000000000000 ) ) ;
#6509 = LINE ( 'NONE', #9448, #6184 ) ;
#6510 = ORIENTED_EDGE ( 'NONE', *, *, #2165, .F. ) ;
#6511 = ORIENTED_EDGE ( 'NONE', *, *, #2736, .T. ) ;
#6512 = ORIENTED_EDGE ( 'NONE', *, *, #2574, .T. ) ;
#6513 = ADVANCED_FACE ( 'NONE', ( #6938 ), #5077, .F. ) ;
#6514 = ADVANCED_FACE ( 'NONE', ( #631 ), #8280, .F. ) ;
#6515 = EDGE_CURVE ( 'NONE', #6094, #6935, #8922, .T. ) ;
#6516 = CIRCLE ( 'NONE', #9591, 0.02000000000000005246 ) ;
#6517 =( NAMED_UNIT ( * ) SI_UNIT ( $, .STERADIAN. ) SOLID_ANGLE_UNIT ( ) );
#6518 = FACE_OUTER_BOUND ( 'NONE', #5657, .T. ) ;
#6519 = DIRECTION ( 'NONE',  ( 0.000000000000000000, 0.000000000000000000, -1.000000000000000000 ) ) ;
#6520 = DIRECTION ( 'NONE',  ( 1.000000000000000000, 0.000000000000000000, 0.000000000000000000 ) ) ;
#6521 = ORIENTED_EDGE ( 'NONE', *, *, #547, .T. ) ;
#6522 = LINE ( 'NONE', #5577, #4557 ) ;
#6523 = VERTEX_POINT ( 'NONE', #5036 ) ;
#6524 = CIRCLE ( 'NONE', #8652, 0.1000000000000001582 ) ;
#6525 = LINE ( 'NONE', #9617, #5594 ) ;
#6527 = AXIS2_PLACEMENT_3D ( 'NONE', #906, #7740, #9310 ) ;
#6526 = DIRECTION ( 'NONE',  ( 0.000000000000000000, 0.000000000000000000, 1.000000000000000000 ) ) ;
#6528 = FACE_OUTER_BOUND ( 'NONE', #884, .T. ) ;
#6529 = EDGE_CURVE ( 'NONE', #2489, #3277, #1337, .T. ) ;
#6530 = FACE_BOUND ( 'NONE', #4594, .T. ) ;
#6531 = ORIENTED_EDGE ( 'NONE', *, *, #285, .F. ) ;
#6532 = LINE ( 'NONE', #3460, #959 ) ;
#6533 = VECTOR ( 'NONE', #2295, 1000.000000000000000 ) ;
#6534 = FACE_OUTER_BOUND ( 'NONE', #9680, .T. ) ;
#6535 = EDGE_CURVE ( 'NONE', #6966, #9780, #9685, .T. ) ;
#6536 = DIRECTION ( 'NONE',  ( -1.000000000000000000, 0.000000000000000000, 0.000000000000000000 ) ) ;
#6537 = AXIS2_PLACEMENT_3D ( 'NONE', #4603, #9903, #2227 ) ;
#6538 = EDGE_LOOP ( 'NONE', ( #1023, #9467, #4632, #2419 ) ) ;
#6539 = LINE ( 'NONE', #9636, #1927 ) ;
#6540 = ORIENTED_EDGE ( 'NONE', *, *, #5126, .F. ) ;
#6541 = CARTESIAN_POINT ( 'NONE',  ( -0.7549999999999857936, 0.000000000000000000, 0.5950000000000000844 ) ) ;
#6542 = VECTOR ( 'NONE', #4090, 1000.000000000000000 ) ;
#6543 = CARTESIAN_POINT ( 'NONE',  ( -0.3199999999999996181, 0.05000000000000012768, 0.9350000000000002753 ) ) ;
#6544 = CARTESIAN_POINT ( 'NONE',  ( -0.3750000000000037748, 0.06999999999999975686, -0.7000000000000000666 ) ) ;
#6545 = CARTESIAN_POINT ( 'NONE',  ( 0.9149999999999853806, 0.05000000000000012768, 0.7750000000000004663 ) ) ;
#6546 = EDGE_CURVE ( 'NONE', #2194, #1795, #5129, .T. ) ;
#6547 = LINE ( 'NONE', #9643, #8128 ) ;
#6548 = DIRECTION ( 'NONE',  ( 1.000000000000000000, -0.000000000000000000, -0.000000000000000000 ) ) ;
#6549 = CARTESIAN_POINT ( 'NONE',  ( 0.7749999999999904743, 0.05000000000000012768, 0.1450000000000001565 ) ) ;
#6550 = CARTESIAN_POINT ( 'NONE',  ( -0.9999999999999997780, 0.1199999999999999956, -0.1999999999999998723 ) ) ;
#6552 = VERTEX_POINT ( 'NONE', #7358 ) ;
#6551 = VECTOR ( 'NONE', #4592, 1000.000000000000000 ) ;
#6553 = DIRECTION ( 'NONE',  ( 0.000000000000000000, 0.000000000000000000, 1.000000000000000000 ) ) ;
#6554 = ORIENTED_EDGE ( 'NONE', *, *, #3352, .F. ) ;
#6555 = EDGE_LOOP ( 'NONE', ( #707, #977, #8881, #5825 ) ) ;
#6556 = VECTOR ( 'NONE', #2886, 1000.000000000000000 ) ;
#6557 = CARTESIAN_POINT ( 'NONE',  ( -0.7549999999999857936, 0.05000000000000012768, 0.5950000000000000844 ) ) ;
#6558 = EDGE_CURVE ( 'NONE', #2005, #6452, #4231, .T. ) ;
#6559 = DIRECTION ( 'NONE',  ( 0.000000000000000000, 0.000000000000000000, -1.000000000000000000 ) ) ;
#6560 = EDGE_CURVE ( 'NONE', #3061, #715, #8992, .T. ) ;
#6561 = DIRECTION ( 'NONE',  ( -0.000000000000000000, -1.000000000000000000, -0.000000000000000000 ) ) ;
#6562 = CARTESIAN_POINT ( 'NONE',  ( 0.08000000000000061229, 0.05000000000000012768, 0.7750000000000001332 ) ) ;
#6563 = ORIENTED_EDGE ( 'NONE', *, *, #5588, .T. ) ;
#6564 = EDGE_LOOP ( 'NONE', ( #6565, #1749, #4896, #6227 ) ) ;
#6565 = ORIENTED_EDGE ( 'NONE', *, *, #2653, .T. ) ;
#6566 = VECTOR ( 'NONE', #3705, 1000.000000000000000 ) ;
#6567 = DIRECTION ( 'NONE',  ( 0.000000000000000000, 0.000000000000000000, -1.000000000000000000 ) ) ;
#6568 = AXIS2_PLACEMENT_3D ( 'NONE', #1694, #231, #6248 ) ;
#6569 = CARTESIAN_POINT ( 'NONE',  ( -0.9349999999999952793, 0.05000000000000012768, -0.3050000000000000488 ) ) ;
#6570 = EDGE_CURVE ( 'NONE', #4011, #3290, #2061, .T. ) ;
#6571 = DIRECTION ( 'NONE',  ( 0.000000000000000000, 0.000000000000000000, -1.000000000000000000 ) ) ;
#6572 = LINE ( 'NONE', #2908, #7949 ) ;
#6574 = ORIENTED_EDGE ( 'NONE', *, *, #5331, .T. ) ;
#6573 = LINE ( 'NONE', #1266, #411 ) ;
#6575 = VERTEX_POINT ( 'NONE', #4433 ) ;
#6576 = DIRECTION ( 'NONE',  ( -0.000000000000000000, 1.000000000000000000, -0.000000000000000000 ) ) ;
#6577 = DIRECTION ( 'NONE',  ( 0.000000000000000000, 0.000000000000000000, 1.000000000000000000 ) ) ;
#6578 = AXIS2_PLACEMENT_3D ( 'NONE', #459, #4449, #9115 ) ;
#6579 = AXIS2_PLACEMENT_3D ( 'NONE', #9607, #4198, #7279 ) ;
#6580 = ADVANCED_FACE ( 'NONE', ( #9735 ), #5857, .T. ) ;
#6581 = DIRECTION ( 'NONE',  ( 0.000000000000000000, 0.000000000000000000, -1.000000000000000000 ) ) ;
#6582 = VECTOR ( 'NONE', #5035, 1000.000000000000000 ) ;
#6584 = AXIS2_PLACEMENT_3D ( 'NONE', #5197, #2715, #8298 ) ;
#6583 = FACE_OUTER_BOUND ( 'NONE', #7298, .T. ) ;
#6585 =( LENGTH_UNIT ( ) NAMED_UNIT ( * ) SI_UNIT ( .MILLI., .METRE. ) );
#6586 = ORIENTED_EDGE ( 'NONE', *, *, #3851, .T. ) ;
#6587 = ORIENTED_EDGE ( 'NONE', *, *, #6409, .T. ) ;
#6588 = CARTESIAN_POINT ( 'NONE',  ( -0.9149999999999858247, 0.000000000000000000, 0.7550000000000000044 ) ) ;
#6589 = ORIENTED_EDGE ( 'NONE', *, *, #5103, .F. ) ;
#6590 = VECTOR ( 'NONE', #644, 1000.000000000000000 ) ;
#6591 = CARTESIAN_POINT ( 'NONE',  ( -0.9999999999999997780, 0.06999999999999985401, 0.7000000000000005107 ) ) ;
#6592 = EDGE_CURVE ( 'NONE', #8400, #4713, #3433, .T. ) ;
#6593 = LINE ( 'NONE', #2873, #5299 ) ;
#6594 = LINE ( 'NONE', #3691, #4074 ) ;
#6595 = CARTESIAN_POINT ( 'NONE',  ( 0.3000000000000005440, 0.000000000000000000, 0.9149999999999997025 ) ) ;
#6596 = DIRECTION ( 'NONE',  ( 1.000000000000000000, 0.000000000000000000, 0.000000000000000000 ) ) ;
#6597 = DIRECTION ( 'NONE',  ( -0.000000000000000000, -1.000000000000000000, -0.000000000000000000 ) ) ;
#6598 = CYLINDRICAL_SURFACE ( 'NONE', #8918, 0.02000000000000005246 ) ;
#6599 = CARTESIAN_POINT ( 'NONE',  ( 1.000000000000000222, 0.06999999999999975686, 0.2500000000000003331 ) ) ;
#6600 = CARTESIAN_POINT ( 'NONE',  ( -0.9999999999999997780, 0.1199999999999999956, 0.2000000000000002054 ) ) ;
#6601 = DIRECTION ( 'NONE',  ( -1.000000000000000000, 0.000000000000000000, 0.000000000000000000 ) ) ;
#6602 = ORIENTED_EDGE ( 'NONE', *, *, #1410, .T. ) ;
#6603 = CARTESIAN_POINT ( 'NONE',  ( -0.7549999999999952305, 0.05000000000000012768, -0.3050000000000000488 ) ) ;
#6604 = ORIENTED_EDGE ( 'NONE', *, *, #2357, .T. ) ;
#6605 = ORIENTED_EDGE ( 'NONE', *, *, #9295, .F. ) ;
#6606 = EDGE_CURVE ( 'NONE', #5438, #1351, #6593, .T. ) ;
#6607 = LINE ( 'NONE', #4399, #4824 ) ;
#6608 = CARTESIAN_POINT ( 'NONE',  ( 1.000000000000000222, 0.06999999999999975686, -0.7000000000000000666 ) ) ;
#6609 = CARTESIAN_POINT ( 'NONE',  ( -0.9999999999999997780, 0.06999999999999985401, 0.2000000000000002054 ) ) ;
#6610 = DIRECTION ( 'NONE',  ( -0.000000000000000000, -1.000000000000000000, -0.000000000000000000 ) ) ;
#6611 = CARTESIAN_POINT ( 'NONE',  ( 0.3000000000000005440, 0.05000000000000012768, 0.9149999999999997025 ) ) ;
#6612 = ORIENTED_EDGE ( 'NONE', *, *, #3908, .F. ) ;
#6613 = LINE ( 'NONE', #7588, #9540 ) ;
#6614 = VECTOR ( 'NONE', #2182, 1000.000000000000000 ) ;
#6615 = ORIENTED_EDGE ( 'NONE', *, *, #7736, .T. ) ;
#6616 = ORIENTED_EDGE ( 'NONE', *, *, #7311, .F. ) ;
#6617 = EDGE_CURVE ( 'NONE', #8162, #2489, #2764, .T. ) ;
#6618 = EDGE_CURVE ( 'NONE', #3311, #6202, #5759, .T. ) ;
#6619 = CARTESIAN_POINT ( 'NONE',  ( -0.1000000000000001305, 0.000000000000000000, -0.7750000000000000222 ) ) ;
#6620 = CARTESIAN_POINT ( 'NONE',  ( 0.9149999999999853806, 0.05000000000000012768, 0.5750000000000003997 ) ) ;
#6621 = ORIENTED_EDGE ( 'NONE', *, *, #5728, .F. ) ;
#6622 = CARTESIAN_POINT ( 'NONE',  ( 0.4250000000000039302, 0.06999999999999986788, 0.2000000000000003164 ) ) ;
#6624 = ORIENTED_EDGE ( 'NONE', *, *, #4381, .T. ) ;
#6623 = LINE ( 'NONE', #9713, #2662 ) ;
#6625 = ORIENTED_EDGE ( 'NONE', *, *, #8812, .F. ) ;
#6626 = CARTESIAN_POINT ( 'NONE',  ( -0.02500000000000006384, 0.1199999999999999956, -0.1999999999999998723 ) ) ;
#6627 = CARTESIAN_POINT ( 'NONE',  ( -0.7749999999999953593, 0.05000000000000012768, -0.1250000000000000000 ) ) ;
#6628 = DIRECTION ( 'NONE',  ( 0.000000000000000000, 0.000000000000000000, -1.000000000000000000 ) ) ;
#6630 = ORIENTED_EDGE ( 'NONE', *, *, #2007, .T. ) ;
#6629 = VECTOR ( 'NONE', #4323, 1000.000000000000000 ) ;
#6631 = EDGE_CURVE ( 'NONE', #3746, #2897, #3532, .T. ) ;
#6632 = VECTOR ( 'NONE', #7492, 1000.000000000000000 ) ;
#6633 = FACE_OUTER_BOUND ( 'NONE', #2900, .T. ) ;
#6634 = MECHANICAL_DESIGN_GEOMETRIC_PRESENTATION_REPRESENTATION (  '', ( #9252 ), #1825 ) ;
#6635 = PLANE ( 'NONE',  #1754 ) ;
#6636 = ORIENTED_EDGE ( 'NONE', *, *, #2381, .F. ) ;
#6637 = ORIENTED_EDGE ( 'NONE', *, *, #9791, .T. ) ;
#6638 = CARTESIAN_POINT ( 'NONE',  ( 0.3750000000000037748, 0.06999999999999975686, -1.000000000000000222 ) ) ;
#6639 = LINE ( 'NONE', #4047, #5677 ) ;
#6640 = VERTEX_POINT ( 'NONE', #2009 ) ;
#6641 = EDGE_LOOP ( 'NONE', ( #7876, #8273, #696, #1735 ) ) ;
#6642 = AXIS2_PLACEMENT_3D ( 'NONE', #3047, #4559, #862 ) ;
#6643 = AXIS2_PLACEMENT_3D ( 'NONE', #939, #8082, #7980 ) ;
#6644 = DIRECTION ( 'NONE',  ( -0.000000000000000000, -1.000000000000000000, -0.000000000000000000 ) ) ;
#6645 = CARTESIAN_POINT ( 'NONE',  ( 0.9349999999999903944, 0.05000000000000012768, 0.1450000000000001565 ) ) ;
#6646 = LINE ( 'NONE', #396, #5154 ) ;
#6647 = SURFACE_STYLE_FILL_AREA ( #8398 ) ;
#6648 = VERTEX_POINT ( 'NONE', #6503 ) ;
#6649 = LINE ( 'NONE', #701, #9137 ) ;
#6650 = EDGE_CURVE ( 'NONE', #9974, #2005, #1230, .T. ) ;
#6651 = VECTOR ( 'NONE', #582, 1000.000000000000000 ) ;
#6652 = CARTESIAN_POINT ( 'NONE',  ( 0.3000000000000000444, 0.000000000000000000, -0.9149999999999997025 ) ) ;
#6653 = ORIENTED_EDGE ( 'NONE', *, *, #4863, .T. ) ;
#6654 = CARTESIAN_POINT ( 'NONE',  ( -0.4250000000000039302, 0.1199999999999999956, -1.000000000000000222 ) ) ;
#6655 = EDGE_CURVE ( 'NONE', #5088, #1536, #9593, .T. ) ;
#6656 = VERTEX_POINT ( 'NONE', #7465 ) ;
#6657 = ORIENTED_EDGE ( 'NONE', *, *, #5139, .T. ) ;
#6658 = CARTESIAN_POINT ( 'NONE',  ( -0.3750000000000037748, 0.1199999999999999956, 0.2000000000000002054 ) ) ;
#6659 = VECTOR ( 'NONE', #5822, 1000.000000000000000 ) ;
#6660 = CARTESIAN_POINT ( 'NONE',  ( -0.4799999999999999267, 0.05000000000000012768, -0.9349999999999998312 ) ) ;
#6661 = FACE_OUTER_BOUND ( 'NONE', #2517, .T. ) ;
#6662 = CARTESIAN_POINT ( 'NONE',  ( 0.3750000000000037748, 0.06999999999999975686, 0.9999999999999997780 ) ) ;
#6663 = FILL_AREA_STYLE_COLOUR ( '', #1244 ) ;
#6664 = EDGE_CURVE ( 'NONE', #7023, #3060, #1181, .T. ) ;
#6665 = CARTESIAN_POINT ( 'NONE',  ( -0.02500000000000006384, 0.06999999999999975686, 0.6500000000000003553 ) ) ;
#6666 = ORIENTED_EDGE ( 'NONE', *, *, #7737, .T. ) ;
#6667 = EDGE_CURVE ( 'NONE', #5151, #8418, #1901, .T. ) ;
#6668 = CARTESIAN_POINT ( 'NONE',  ( 0.02500000000000006384, 0.1199999999999999956, -1.000000000000000222 ) ) ;
#6669 = ORIENTED_EDGE ( 'NONE', *, *, #6922, .T. ) ;
#6670 = ORIENTED_EDGE ( 'NONE', *, *, #1741, .T. ) ;
#6671 = VECTOR ( 'NONE', #8100, 1000.000000000000000 ) ;
#6672 = DIRECTION ( 'NONE',  ( -1.000000000000000000, -0.000000000000000000, -0.000000000000000000 ) ) ;
#6673 = CARTESIAN_POINT ( 'NONE',  ( -0.9999999999999997780, 0.1199999999999999956, -0.1999999999999998723 ) ) ;
#6674 = CARTESIAN_POINT ( 'NONE',  ( -0.3750000000000037748, 0.06999999999999975686, -0.2500000000000000000 ) ) ;
#6675 = DIRECTION ( 'NONE',  ( -0.000000000000000000, 0.000000000000000000, 1.000000000000000000 ) ) ;
#6677 = VERTEX_POINT ( 'NONE', #3634 ) ;
#6676 = CARTESIAN_POINT ( 'NONE',  ( -0.7550000000000000044, 0.000000000000000000, -0.7549999999999998934 ) ) ;
#6678 = ADVANCED_FACE ( 'NONE', ( #4330 ), #6699, .F. ) ;
#6679 = ORIENTED_EDGE ( 'NONE', *, *, #7794, .T. ) ;
#6680 = CARTESIAN_POINT ( 'NONE',  ( 0.3200000000000001177, 0.000000000000000000, -0.9349999999999998312 ) ) ;
#6681 = DIRECTION ( 'NONE',  ( 0.000000000000000000, 0.000000000000000000, 1.000000000000000000 ) ) ;
#6682 = CARTESIAN_POINT ( 'NONE',  ( 0.9350000000000000533, 0.05000000000000012768, -0.7549999999999996714 ) ) ;
#6683 = ORIENTED_EDGE ( 'NONE', *, *, #3081, .F. ) ;
#6684 = VECTOR ( 'NONE', #9847, 1000.000000000000000 ) ;
#6685 = CARTESIAN_POINT ( 'NONE',  ( -0.9999999999999997780, 0.06999999999999985401, 0.7000000000000005107 ) ) ;
#6686 = DIRECTION ( 'NONE',  ( 0.000000000000000000, 1.000000000000000000, 0.000000000000000000 ) ) ;
#6687 = PRESENTATION_STYLE_ASSIGNMENT (( #3572 ) ) ;
#6688 = ORIENTED_EDGE ( 'NONE', *, *, #4578, .T. ) ;
#6689 = EDGE_CURVE ( 'NONE', #153, #8714, #8143, .T. ) ;
#6690 = VERTEX_POINT ( 'NONE', #2404 ) ;
#6691 = EDGE_CURVE ( 'NONE', #2610, #8510, #7002, .T. ) ;
#6692 = EDGE_CURVE ( 'NONE', #2154, #536, #5620, .T. ) ;
#6693 = CARTESIAN_POINT ( 'NONE',  ( 0.08000000000000037637, 0.000000000000000000, 0.9350000000000000533 ) ) ;
#6694 = CARTESIAN_POINT ( 'NONE',  ( 0.08000000000000048739, 0.05000000000000012768, 0.9150000000000000355 ) ) ;
#6695 = ORIENTED_EDGE ( 'NONE', *, *, #4104, .T. ) ;
#6696 = VECTOR ( 'NONE', #2193, 1000.000000000000000 ) ;
#6697 = ORIENTED_EDGE ( 'NONE', *, *, #938, .F. ) ;
#6698 = AXIS2_PLACEMENT_3D ( 'NONE', #8318, #3607, #6567 ) ;
#6699 = PLANE ( 'NONE',  #1408 ) ;
#6700 = LINE ( 'NONE', #1182, #9797 ) ;
#6701 = LINE ( 'NONE', #2166, #5800 ) ;
#6702 = CARTESIAN_POINT ( 'NONE',  ( -0.4250000000000039302, 0.06999999999999985401, 0.6500000000000003553 ) ) ;
#6703 = EDGE_CURVE ( 'NONE', #6091, #8299, #5490, .T. ) ;
#6704 = VERTEX_POINT ( 'NONE', #3690 ) ;
#6705 = DIRECTION ( 'NONE',  ( 1.000000000000000000, 0.000000000000000000, 0.000000000000000000 ) ) ;
#6706 = CARTESIAN_POINT ( 'NONE',  ( -0.4800000000000080869, 0.05000000000000012768, 0.9349999999999983880 ) ) ;
#6707 = ORIENTED_EDGE ( 'NONE', *, *, #5590, .T. ) ;
#6708 = CARTESIAN_POINT ( 'NONE',  ( -0.4800000000000080869, 0.000000000000000000, 0.9349999999999983880 ) ) ;
#6709 = EDGE_LOOP ( 'NONE', ( #5720, #7163, #1015, #9382 ) ) ;
#6710 = ORIENTED_EDGE ( 'NONE', *, *, #4232, .F. ) ;
#6711 = ORIENTED_EDGE ( 'NONE', *, *, #6396, .T. ) ;
#6712 = CARTESIAN_POINT ( 'NONE',  ( -0.07999999999999998779, 0.000000000000000000, -0.9149999999999998135 ) ) ;
#6713 = ADVANCED_FACE ( 'NONE', ( #593 ), #1691, .T. ) ;
#6714 = LINE ( 'NONE', #2228, #9803 ) ;
#6716 = AXIS2_PLACEMENT_3D ( 'NONE', #7160, #8742, #2510 ) ;
#6715 = CARTESIAN_POINT ( 'NONE',  ( 0.4250000000000039302, 0.1199999999999999956, -1.000000000000000222 ) ) ;
#6717 = CARTESIAN_POINT ( 'NONE',  ( 0.9149999999999903766, 0.05000000000000012768, 0.1450000000000001565 ) ) ;
#6718 = CARTESIAN_POINT ( 'NONE',  ( 0.3750000000000037748, 0.06999999999999986788, 0.2500000000000004441 ) ) ;
#6719 = LINE ( 'NONE', #5108, #301 ) ;
#6720 = DIRECTION ( 'NONE',  ( -1.000000000000000000, -0.000000000000000000, -0.000000000000000000 ) ) ;
#6721 = ORIENTED_EDGE ( 'NONE', *, *, #9486, .T. ) ;
#6722 = FACE_OUTER_BOUND ( 'NONE', #3551, .T. ) ;
#6723 = ORIENTED_EDGE ( 'NONE', *, *, #9791, .F. ) ;
#6724 = ORIENTED_EDGE ( 'NONE', *, *, #1712, .F. ) ;
#6725 = DIRECTION ( 'NONE',  ( 0.000000000000000000, 1.000000000000000000, 0.000000000000000000 ) ) ;
#6726 = VECTOR ( 'NONE', #2337, 1000.000000000000000 ) ;
#6727 = CARTESIAN_POINT ( 'NONE',  ( -0.02500000000000006384, 0.1199999999999999956, 0.9999999999999997780 ) ) ;
#6728 = CYLINDRICAL_SURFACE ( 'NONE', #9349, 0.02000000000000005246 ) ;
#6729 = FACE_OUTER_BOUND ( 'NONE', #8092, .T. ) ;
#6730 = ORIENTED_EDGE ( 'NONE', *, *, #8509, .T. ) ;
#6731 = VECTOR ( 'NONE', #6071, 1000.000000000000000 ) ;
#6732 = DIRECTION ( 'NONE',  ( 1.000000000000000000, 0.000000000000000000, 0.000000000000000000 ) ) ;
#6734 = EDGE_LOOP ( 'NONE', ( #8088, #5164, #4411, #7577 ) ) ;
#6733 = CARTESIAN_POINT ( 'NONE',  ( -0.7750000000000002442, 0.05000000000000012768, -0.7750000000000001332 ) ) ;
#6735 = ORIENTED_EDGE ( 'NONE', *, *, #7724, .F. ) ;
#6736 = DIRECTION ( 'NONE',  ( 0.000000000000000000, 0.000000000000000000, 1.000000000000000000 ) ) ;
#6737 = ORIENTED_EDGE ( 'NONE', *, *, #5912, .F. ) ;
#6738 = VECTOR ( 'NONE', #3019, 1000.000000000000000 ) ;
#6739 = VECTOR ( 'NONE', #8839, 1000.000000000000000 ) ;
#6740 = EDGE_CURVE ( 'NONE', #4444, #8120, #5398, .T. ) ;
#6741 = CARTESIAN_POINT ( 'NONE',  ( 0.3750000000000037748, 0.06999999999999975686, -0.2500000000000000000 ) ) ;
#6742 = DIRECTION ( 'NONE',  ( 0.000000000000000000, -0.000000000000000000, 1.000000000000000000 ) ) ;
#6743 = PRESENTATION_STYLE_ASSIGNMENT (( #7714 ) ) ;
#6744 = EDGE_LOOP ( 'NONE', ( #7227, #2276, #3894, #5853 ) ) ;
#6745 = EDGE_LOOP ( 'NONE', ( #214, #7590, #1957, #388 ) ) ;
#6746 = CARTESIAN_POINT ( 'NONE',  ( -0.9999999999999997780, 0.06999999999999975686, 0.2500000000000003331 ) ) ;
#6747 = VECTOR ( 'NONE', #3811, 1000.000000000000000 ) ;
#6748 = DIRECTION ( 'NONE',  ( -0.000000000000000000, 1.000000000000000000, -0.000000000000000000 ) ) ;
#6750 = ORIENTED_EDGE ( 'NONE', *, *, #7815, .F. ) ;
#6749 = VECTOR ( 'NONE', #4300, 1000.000000000000000 ) ;
#6751 = ORIENTED_EDGE ( 'NONE', *, *, #3652, .T. ) ;
#6752 = EDGE_CURVE ( 'NONE', #4000, #4471, #8678, .T. ) ;
#6753 = EDGE_CURVE ( 'NONE', #8009, #5101, #4679, .T. ) ;
#6754 = EDGE_CURVE ( 'NONE', #4374, #6467, #6246, .T. ) ;
#6755 = VECTOR ( 'NONE', #7731, 1000.000000000000000 ) ;
#6756 = VECTOR ( 'NONE', #8053, 1000.000000000000000 ) ;
#6757 = DIRECTION ( 'NONE',  ( 0.000000000000000000, -1.000000000000000000, 0.000000000000000000 ) ) ;
#6758 = DIRECTION ( 'NONE',  ( 1.000000000000000000, 0.000000000000000000, -0.000000000000000000 ) ) ;
#6759 = DIRECTION ( 'NONE',  ( -0.000000000000000000, -1.000000000000000000, -0.000000000000000000 ) ) ;
#6760 =( NAMED_UNIT ( * ) SI_UNIT ( $, .STERADIAN. ) SOLID_ANGLE_UNIT ( ) );
#6761 = VERTEX_POINT ( 'NONE', #880 ) ;
#6762 = LINE ( 'NONE', #6063, #3638 ) ;
#6763 = LINE ( 'NONE', #8351, #1421 ) ;
#6764 = ORIENTED_EDGE ( 'NONE', *, *, #9012, .F. ) ;
#6765 = DIRECTION ( 'NONE',  ( 0.000000000000000000, 0.000000000000000000, 1.000000000000000000 ) ) ;
#6767 = ORIENTED_EDGE ( 'NONE', *, *, #7957, .F. ) ;
#6766 = VECTOR ( 'NONE', #2696, 1000.000000000000000 ) ;
#6768 = ORIENTED_EDGE ( 'NONE', *, *, #4478, .T. ) ;
#6769 = ORIENTED_EDGE ( 'NONE', *, *, #6099, .F. ) ;
#6770 = LINE ( 'NONE', #9856, #5459 ) ;
#6771 = DIRECTION ( 'NONE',  ( -1.000000000000000000, 0.000000000000000000, 0.000000000000000000 ) ) ;
#6772 = EDGE_CURVE ( 'NONE', #8748, #4445, #8589, .T. ) ;
#6773 = EDGE_CURVE ( 'NONE', #715, #1862, #3215, .T. ) ;
#6774 = PLANE ( 'NONE',  #9150 ) ;
#6775 = VECTOR ( 'NONE', #1481, 1000.000000000000000 ) ;
#6776 = DIRECTION ( 'NONE',  ( 0.000000000000000000, -0.000000000000000000, 1.000000000000000000 ) ) ;
#6777 = DIRECTION ( 'NONE',  ( -0.000000000000000000, -0.000000000000000000, 1.000000000000000000 ) ) ;
#6778 = CARTESIAN_POINT ( 'NONE',  ( -0.9999999999999997780, 0.1199999999999999956, 0.7000000000000005107 ) ) ;
#6779 = CYLINDRICAL_SURFACE ( 'NONE', #5040, 0.02000000000000005246 ) ;
#6780 = ORIENTED_EDGE ( 'NONE', *, *, #892, .F. ) ;
#6781 = FACE_OUTER_BOUND ( 'NONE', #222, .T. ) ;
#6782 = EDGE_CURVE ( 'NONE', #4259, #2194, #4628, .T. ) ;
#6783 = CARTESIAN_POINT ( 'NONE',  ( -0.3750000000000037748, 0.06999999999999975686, 0.2000000000000003164 ) ) ;
#6784 = VERTEX_POINT ( 'NONE', #182 ) ;
#6785 = EDGE_LOOP ( 'NONE', ( #5802, #2524, #6724, #532 ) ) ;
#6786 = CARTESIAN_POINT ( 'NONE',  ( 0.4250000000000039302, 0.1199999999999999956, -1.000000000000000222 ) ) ;
#6787 = DIRECTION ( 'NONE',  ( 0.000000000000000000, 0.000000000000000000, -1.000000000000000000 ) ) ;
#6788 = CLOSED_SHELL ( 'NONE', ( #6713, #856, #5535, #8258, #7879, #2559, #7013, #1659, #7646, #2994 ) ) ;
#6789 = DIRECTION ( 'NONE',  ( 0.000000000000000000, 1.000000000000000000, 0.000000000000000000 ) ) ;
#6791 = ORIENTED_EDGE ( 'NONE', *, *, #8075, .T. ) ;
#6790 = DIRECTION ( 'NONE',  ( 1.000000000000000000, 0.000000000000000000, -0.000000000000000000 ) ) ;
#6792 = EDGE_LOOP ( 'NONE', ( #863, #4589, #403, #7840 ) ) ;
#6793 = LINE ( 'NONE', #6947, #1618 ) ;
#6794 = PLANE ( 'NONE',  #2139 ) ;
#6795 = ORIENTED_EDGE ( 'NONE', *, *, #3515, .F. ) ;
#6796 = ADVANCED_FACE ( 'NONE', ( #6296 ), #1643, .T. ) ;
#6797 = ORIENTED_EDGE ( 'NONE', *, *, #3619, .T. ) ;
#6798 = DIRECTION ( 'NONE',  ( -0.000000000000000000, 0.000000000000000000, -1.000000000000000000 ) ) ;
#6799 = CARTESIAN_POINT ( 'NONE',  ( 0.9150000000000000355, 0.000000000000000000, -0.5949999999999998623 ) ) ;
#6800 = DIRECTION ( 'NONE',  ( -0.000000000000000000, 0.000000000000000000, -1.000000000000000000 ) ) ;
#6801 = CARTESIAN_POINT ( 'NONE',  ( -0.9999999999999997780, 0.1199999999999999956, 0.2500000000000003331 ) ) ;
#6802 = CARTESIAN_POINT ( 'NONE',  ( -0.8249999999999997335, 0.5999999999999999778, -0.8250000000000000666 ) ) ;
#6803 = ORIENTED_EDGE ( 'NONE', *, *, #488, .F. ) ;
#6804 = ORIENTED_EDGE ( 'NONE', *, *, #1697, .T. ) ;
#6806 = VECTOR ( 'NONE', #2380, 1000.000000000000000 ) ;
#6805 = LINE ( 'NONE', #4634, #4032 ) ;
#6807 = DIRECTION ( 'NONE',  ( -0.000000000000000000, -0.000000000000000000, 1.000000000000000000 ) ) ;
#6808 = CARTESIAN_POINT ( 'NONE',  ( 0.9149999999999903766, 0.05000000000000012768, 0.3050000000000003819 ) ) ;
#6809 = EDGE_LOOP ( 'NONE', ( #3138, #6155, #7732, #244 ) ) ;
#6810 = EDGE_CURVE ( 'NONE', #471, #6094, #9378, .T. ) ;
#6811 = AXIS2_PLACEMENT_3D ( 'NONE', #260, #7459, #5189 ) ;
#6812 = FACE_OUTER_BOUND ( 'NONE', #5347, .T. ) ;
#6813 = LINE ( 'NONE', #9348, #8864 ) ;
#6814 =( LENGTH_UNIT ( ) NAMED_UNIT ( * ) SI_UNIT ( .MILLI., .METRE. ) );
#6815 = ORIENTED_EDGE ( 'NONE', *, *, #2313, .T. ) ;
#6816 = LINE ( 'NONE', #2879, #8654 ) ;
#6817 = LINE ( 'NONE', #656, #3865 ) ;
#6818 = ORIENTED_EDGE ( 'NONE', *, *, #2186, .T. ) ;
#6819 = PLANE ( 'NONE',  #5455 ) ;
#6820 = ADVANCED_FACE ( 'NONE', ( #5538 ), #8630, .F. ) ;
#6821 = VECTOR ( 'NONE', #3493, 1000.000000000000000 ) ;
#6822 = VECTOR ( 'NONE', #6195, 1000.000000000000000 ) ;
#6823 = ORIENTED_EDGE ( 'NONE', *, *, #5478, .F. ) ;
#6824 = ORIENTED_EDGE ( 'NONE', *, *, #5880, .T. ) ;
#6825 = EDGE_LOOP ( 'NONE', ( #1028, #5965, #9404, #7948 ) ) ;
#6826 = DIRECTION ( 'NONE',  ( 0.000000000000000000, -0.000000000000000000, 1.000000000000000000 ) ) ;
#6827 = CARTESIAN_POINT ( 'NONE',  ( -0.7549999999999905675, 0.05000000000000012768, 0.1449999999999999345 ) ) ;
#6828 = FACE_OUTER_BOUND ( 'NONE', #7907, .T. ) ;
#6829 = AXIS2_PLACEMENT_3D ( 'NONE', #7220, #9548, #2618 ) ;
#6830 = DIRECTION ( 'NONE',  ( -0.000000000000000000, -0.000000000000000000, 1.000000000000000000 ) ) ;
#6831 = CARTESIAN_POINT ( 'NONE',  ( 0.7749999999999904743, 0.05000000000000012768, 0.3050000000000003819 ) ) ;
#6832 = DIRECTION ( 'NONE',  ( -0.000000000000000000, 1.000000000000000000, -0.000000000000000000 ) ) ;
#6833 = DIRECTION ( 'NONE',  ( 0.000000000000000000, 1.000000000000000000, 0.000000000000000000 ) ) ;
#6834 = EDGE_LOOP ( 'NONE', ( #4494, #2532, #2865, #9057 ) ) ;
#6836 = EDGE_CURVE ( 'NONE', #5555, #220, #7858, .T. ) ;
#6835 = LINE ( 'NONE', #9911, #7276 ) ;
#6837 = EDGE_CURVE ( 'NONE', #207, #3469, #929, .T. ) ;
#6838 = ADVANCED_FACE ( 'NONE', ( #6953 ), #7712, .F. ) ;
#6839 = VERTEX_POINT ( 'NONE', #6199 ) ;
#6840 = COLOUR_RGB ( '',0.7921568627450980005, 0.8196078431372548767, 0.9333333333333333481 ) ;
#6841 = DIRECTION ( 'NONE',  ( -0.000000000000000000, -0.000000000000000000, 1.000000000000000000 ) ) ;
#6842 = CARTESIAN_POINT ( 'NONE',  ( -0.4250000000000039302, 0.06999999999999975686, 0.2000000000000003164 ) ) ;
#6843 = DIRECTION ( 'NONE',  ( 0.000000000000000000, 1.000000000000000000, 0.000000000000000000 ) ) ;
#6845 = EDGE_LOOP ( 'NONE', ( #817, #7045, #5989, #7692 ) ) ;
#6844 = LINE ( 'NONE', #567, #6072 ) ;
#6846 = ORIENTED_EDGE ( 'NONE', *, *, #4218, .T. ) ;
#6847 = FACE_OUTER_BOUND ( 'NONE', #212, .T. ) ;
#6848 = ORIENTED_EDGE ( 'NONE', *, *, #1336, .F. ) ;
#6849 = VERTEX_POINT ( 'NONE', #1120 ) ;
#6850 = EDGE_CURVE ( 'NONE', #1078, #7457, #8909, .T. ) ;
#6851 = LINE ( 'NONE', #9332, #8345 ) ;
#6852 = CIRCLE ( 'NONE', #8316, 0.02000000000000005246 ) ;
#6853 = PLANE ( 'NONE',  #5721 ) ;
#6854 = DIRECTION ( 'NONE',  ( -0.000000000000000000, -0.000000000000000000, 1.000000000000000000 ) ) ;
#6855 = VERTEX_POINT ( 'NONE', #3455 ) ;
#6856 = ORIENTED_EDGE ( 'NONE', *, *, #8317, .T. ) ;
#6857 = DIRECTION ( 'NONE',  ( 0.000000000000000000, 0.000000000000000000, 1.000000000000000000 ) ) ;
#6858 = DIRECTION ( 'NONE',  ( -0.000000000000000000, -1.000000000000000000, -0.000000000000000000 ) ) ;
#6859 = ORIENTED_EDGE ( 'NONE', *, *, #6098, .T. ) ;
#6860 = VECTOR ( 'NONE', #6235, 1000.000000000000000 ) ;
#6861 = EDGE_CURVE ( 'NONE', #2422, #731, #9471, .T. ) ;
#6862 = EDGE_CURVE ( 'NONE', #1795, #4310, #6480, .T. ) ;
#6863 = CARTESIAN_POINT ( 'NONE',  ( 0.4250000000000039302, 0.06999999999999986788, -0.2500000000000000000 ) ) ;
#6864 = CARTESIAN_POINT ( 'NONE',  ( -0.9999999999999997780, 0.06999999999999975686, -0.6500000000000000222 ) ) ;
#6865 = AXIS2_PLACEMENT_3D ( 'NONE', #6867, #6308, #101 ) ;
#6866 = ORIENTED_EDGE ( 'NONE', *, *, #3079, .T. ) ;
#6867 = CARTESIAN_POINT ( 'NONE',  ( 0.3750000000000037748, 0.06999999999999975686, 0.6500000000000003553 ) ) ;
#6868 = CARTESIAN_POINT ( 'NONE',  ( 0.9349999999999853983, 0.000000000000000000, 0.7550000000000004485 ) ) ;
#6869 = ORIENTED_EDGE ( 'NONE', *, *, #4552, .F. ) ;
#6870 = UNCERTAINTY_MEASURE_WITH_UNIT (LENGTH_MEASURE( 1.000000000000000082E-05 ), #2992, 'distance_accuracy_value', 'NONE');
#6871 = VERTEX_POINT ( 'NONE', #2547 ) ;
#6872 = ORIENTED_EDGE ( 'NONE', *, *, #4721, .T. ) ;
#6873 = CIRCLE ( 'NONE', #98, 0.02000000000000005246 ) ;
#6874 = EDGE_CURVE ( 'NONE', #8806, #3323, #8705, .T. ) ;
#6875 = DIRECTION ( 'NONE',  ( -0.000000000000000000, 1.000000000000000000, -0.000000000000000000 ) ) ;
#6876 = CARTESIAN_POINT ( 'NONE',  ( 0.02500000000000006384, 0.06999999999999975686, -0.7000000000000000666 ) ) ;
#6877 = CARTESIAN_POINT ( 'NONE',  ( -0.7749999999999953593, 0.05000000000000012768, -0.1450000000000000455 ) ) ;
#6878 = CARTESIAN_POINT ( 'NONE',  ( 0.7549999999999950084, 0.000000000000000000, -0.3049999999999998268 ) ) ;
#6879 = FACE_OUTER_BOUND ( 'NONE', #390, .T. ) ;
#6881 = ORIENTED_EDGE ( 'NONE', *, *, #8764, .T. ) ;
#6880 = AXIS2_PLACEMENT_3D ( 'NONE', #7710, #786, #3882 ) ;
#6882 = DIRECTION ( 'NONE',  ( -0.000000000000000000, -1.000000000000000000, -0.000000000000000000 ) ) ;
#6883 = ORIENTED_EDGE ( 'NONE', *, *, #9111, .T. ) ;
#6884 = ORIENTED_EDGE ( 'NONE', *, *, #1159, .T. ) ;
#6885 = CARTESIAN_POINT ( 'NONE',  ( -0.4250000000000039302, 0.06999999999999985401, -0.2500000000000000000 ) ) ;
#6886 = PRESENTATION_LAYER_ASSIGNMENT (  '', '', ( #274 ) ) ;
#6887 = ADVANCED_FACE ( 'NONE', ( #4119 ), #7910, .F. ) ;
#6888 = EDGE_CURVE ( 'NONE', #3358, #3182, #8067, .T. ) ;
#6889 = LINE ( 'NONE', #7132, #3676 ) ;
#6890 = CARTESIAN_POINT ( 'NONE',  ( 0.3200000000000000622, 0.05000000000000012768, -0.7549999999999997824 ) ) ;
#6891 = CARTESIAN_POINT ( 'NONE',  ( -0.3750000000000037748, 0.06999999999999975686, 0.2000000000000003164 ) ) ;
#6892 = FACE_OUTER_BOUND ( 'NONE', #8403, .T. ) ;
#6894 = EDGE_LOOP ( 'NONE', ( #7693, #9327, #6313, #5494 ) ) ;
#6893 = LINE ( 'NONE', #9235, #2832 ) ;
#6895 = ORIENTED_EDGE ( 'NONE', *, *, #2450, .F. ) ;
#6896 =( NAMED_UNIT ( * ) PLANE_ANGLE_UNIT ( ) SI_UNIT ( $, .RADIAN. ) );
#6897 = ORIENTED_EDGE ( 'NONE', *, *, #7260, .F. ) ;
#6898 = AXIS2_PLACEMENT_3D ( 'NONE', #6544, #2522, #4852 ) ;
#6899 = ORIENTED_EDGE ( 'NONE', *, *, #7697, .F. ) ;
#6900 = SURFACE_SIDE_STYLE ('',( #1436 ) ) ;
#6901 = EDGE_CURVE ( 'NONE', #9590, #5278, #8216, .T. ) ;
#6902 = VECTOR ( 'NONE', #6233, 1000.000000000000000 ) ;
#6903 = LINE ( 'NONE', #8285, #4591 ) ;
#6904 = DIRECTION ( 'NONE',  ( 7.744301232039334431E-16, 0.000000000000000000, -1.000000000000000000 ) ) ;
#6905 = EDGE_LOOP ( 'NONE', ( #3685, #5133, #3452, #3988 ) ) ;
#6906 = ORIENTED_EDGE ( 'NONE', *, *, #4953, .T. ) ;
#6907 = PLANE ( 'NONE',  #325 ) ;
#6908 = LINE ( 'NONE', #6252, #1474 ) ;
#6909 = EDGE_CURVE ( 'NONE', #9766, #5816, #3052, .T. ) ;
#6910 =( GEOMETRIC_REPRESENTATION_CONTEXT ( 3 ) GLOBAL_UNCERTAINTY_ASSIGNED_CONTEXT ( ( #2221 ) ) GLOBAL_UNIT_ASSIGNED_CONTEXT ( ( #7672, #5408, #1810 ) ) REPRESENTATION_CONTEXT ( 'NONE', 'WORKASPACE' ) );
#6911 = EDGE_LOOP ( 'NONE', ( #4633, #6869, #4327, #7664 ) ) ;
#6912 = CARTESIAN_POINT ( 'NONE',  ( -0.9999999999999997780, 0.06999999999999985401, 0.6500000000000003553 ) ) ;
#6913 = STYLED_ITEM ( 'NONE', ( #1357 ), #8524 ) ;
#6915 = VECTOR ( 'NONE', #8579, 1000.000000000000000 ) ;
#6914 = DIRECTION ( 'NONE',  ( 0.000000000000000000, 0.000000000000000000, -1.000000000000000000 ) ) ;
#6916 = CARTESIAN_POINT ( 'NONE',  ( 0.4250000000000039302, 0.1199999999999999956, 0.9999999999999997780 ) ) ;
#6917 = ORIENTED_EDGE ( 'NONE', *, *, #734, .F. ) ;
#6918 = DIRECTION ( 'NONE',  ( -0.000000000000000000, -1.000000000000000000, -0.000000000000000000 ) ) ;
#6919 = CARTESIAN_POINT ( 'NONE',  ( 0.9149999999999950395, 0.000000000000000000, -0.3049999999999998268 ) ) ;
#6920 = ORIENTED_EDGE ( 'NONE', *, *, #890, .F. ) ;
#6921 = EDGE_LOOP ( 'NONE', ( #438, #5981, #6795, #4483 ) ) ;
#6922 = EDGE_CURVE ( 'NONE', #7522, #8329, #5686, .T. ) ;
#6923 = EDGE_LOOP ( 'NONE', ( #4881, #3802, #2552, #873, #4660, #6589, #4673, #3310 ) ) ;
#6924 = VECTOR ( 'NONE', #2081, 1000.000000000000000 ) ;
#6925 = CARTESIAN_POINT ( 'NONE',  ( -0.4250000000000039302, 0.1199999999999999956, 0.2000000000000002054 ) ) ;
#6926 = AXIS2_PLACEMENT_3D ( 'NONE', #8721, #1786, #7951 ) ;
#6927 = LINE ( 'NONE', #3188, #2241 ) ;
#6928 = CARTESIAN_POINT ( 'NONE',  ( -0.02500000000000006384, 0.06999999999999985401, 0.2000000000000002054 ) ) ;
#6930 = CARTESIAN_POINT ( 'NONE',  ( 0.9149999999999903766, 0.05000000000000012768, 0.3250000000000003997 ) ) ;
#6929 = CIRCLE ( 'NONE', #5321, 0.02000000000000005246 ) ;
#6931 = VECTOR ( 'NONE', #8798, 1000.000000000000000 ) ;
#6932 = FACE_OUTER_BOUND ( 'NONE', #4359, .T. ) ;
#6933 = ORIENTED_EDGE ( 'NONE', *, *, #6342, .F. ) ;
#6934 = LINE ( 'NONE', #3242, #3743 ) ;
#6935 = VERTEX_POINT ( 'NONE', #417 ) ;
#6936 = ORIENTED_EDGE ( 'NONE', *, *, #6837, .T. ) ;
#6937 = ADVANCED_FACE ( 'NONE', ( #1075 ), #982, .F. ) ;
#6938 = FACE_OUTER_BOUND ( 'NONE', #1767, .T. ) ;
#6939 = VECTOR ( 'NONE', #9717, 1000.000000000000000 ) ;
#6940 = DIRECTION ( 'NONE',  ( -1.000000000000000000, 0.000000000000000000, 0.000000000000000000 ) ) ;
#6941 = DIRECTION ( 'NONE',  ( 0.000000000000000000, 0.000000000000000000, -1.000000000000000000 ) ) ;
#6942 = DIRECTION ( 'NONE',  ( -1.000000000000000000, 0.000000000000000000, 0.000000000000000000 ) ) ;
#6943 = CYLINDRICAL_SURFACE ( 'NONE', #2138, 0.02000000000000005246 ) ;
#6945 = ORIENTED_EDGE ( 'NONE', *, *, #4890, .F. ) ;
#6944 = DIRECTION ( 'NONE',  ( 0.000000000000000000, 0.000000000000000000, 1.000000000000000000 ) ) ;
#6946 = CARTESIAN_POINT ( 'NONE',  ( -0.9999999999999997780, 0.1199999999999999956, -0.6500000000000000222 ) ) ;
#6947 = CARTESIAN_POINT ( 'NONE',  ( 0.4250000000000039302, 0.06999999999999975686, 0.2500000000000004441 ) ) ;
#6948 = DIRECTION ( 'NONE',  ( -0.000000000000000000, -1.000000000000000000, -0.000000000000000000 ) ) ;
#6949 = ORIENTED_EDGE ( 'NONE', *, *, #7696, .F. ) ;
#6950 = EDGE_CURVE ( 'NONE', #6430, #6096, #5637, .T. ) ;
#6951 = ORIENTED_EDGE ( 'NONE', *, *, #7369, .T. ) ;
#6952 = ORIENTED_EDGE ( 'NONE', *, *, #6961, .T. ) ;
#6953 = FACE_OUTER_BOUND ( 'NONE', #121, .T. ) ;
#6954 = CARTESIAN_POINT ( 'NONE',  ( 0.09999999999999993616, 0.05000000000000012768, -0.9149999999999997025 ) ) ;
#6955 = DIRECTION ( 'NONE',  ( -0.000000000000000000, 1.000000000000000000, -0.000000000000000000 ) ) ;
#6956 = PRESENTATION_STYLE_ASSIGNMENT (( #8436 ) ) ;
#6957 = EDGE_LOOP ( 'NONE', ( #37, #377, #1457, #2806 ) ) ;
#6958 = DIRECTION ( 'NONE',  ( -0.000000000000000000, 1.000000000000000000, -0.000000000000000000 ) ) ;
#6959 = CARTESIAN_POINT ( 'NONE',  ( -0.02500000000000006384, 0.06999999999999975686, -0.1999999999999998723 ) ) ;
#6960 = ADVANCED_FACE ( 'NONE', ( #5735 ), #8732, .T. ) ;
#6961 = EDGE_CURVE ( 'NONE', #1625, #1861, #2739, .T. ) ;
#6962 = DIRECTION ( 'NONE',  ( -1.000000000000000000, 0.000000000000000000, 0.000000000000000000 ) ) ;
#6963 = ADVANCED_FACE ( 'NONE', ( #9620 ), #9669, .T. ) ;
#6964 = CARTESIAN_POINT ( 'NONE',  ( 0.02500000000000006384, 0.06999999999999975686, 0.2000000000000003164 ) ) ;
#6965 = DIRECTION ( 'NONE',  ( -0.000000000000000000, -1.000000000000000000, -0.000000000000000000 ) ) ;
#6966 = VERTEX_POINT ( 'NONE', #326 ) ;
#6967 = LINE ( 'NONE', #5411, #733 ) ;
#6968 = CARTESIAN_POINT ( 'NONE',  ( 0.4250000000000039302, 0.06999999999999975686, -0.6500000000000000222 ) ) ;
#6969 = VERTEX_POINT ( 'NONE', #4068 ) ;
#6970 = ORIENTED_EDGE ( 'NONE', *, *, #5353, .T. ) ;
#6971 = ORIENTED_EDGE ( 'NONE', *, *, #8962, .T. ) ;
#6972 = ORIENTED_EDGE ( 'NONE', *, *, #2357, .F. ) ;
#6973 = VECTOR ( 'NONE', #4636, 1000.000000000000000 ) ;
#6974 = EDGE_CURVE ( 'NONE', #6640, #4310, #229, .T. ) ;
#6975 = CARTESIAN_POINT ( 'NONE',  ( -0.02500000000000006384, 0.1199999999999999956, -1.000000000000000222 ) ) ;
#6976 = CARTESIAN_POINT ( 'NONE',  ( 0.02500000000000006384, 0.1199999999999999956, -1.000000000000000222 ) ) ;
#6977 = EDGE_CURVE ( 'NONE', #2938, #7474, #8775, .T. ) ;
#6978 = VERTEX_POINT ( 'NONE', #8019 ) ;
#6980 = VECTOR ( 'NONE', #1369, 1000.000000000000000 ) ;
#6979 = CARTESIAN_POINT ( 'NONE',  ( -0.07999999999999989064, 0.05000000000000012768, -0.9349999999999998312 ) ) ;
#6981 = VECTOR ( 'NONE', #9531, 1000.000000000000000 ) ;
#6982 = DIRECTION ( 'NONE',  ( 0.000000000000000000, -1.000000000000000000, 0.000000000000000000 ) ) ;
#6983 = LINE ( 'NONE', #3146, #7463 ) ;
#6984 = ORIENTED_EDGE ( 'NONE', *, *, #9004, .T. ) ;
#6985 = LINE ( 'NONE', #8662, #7281 ) ;
#6986 = ORIENTED_EDGE ( 'NONE', *, *, #432, .T. ) ;
#6987 = AXIS2_PLACEMENT_3D ( 'NONE', #6550, #7364, #694 ) ;
#6988 = PRESENTATION_LAYER_ASSIGNMENT (  '', '', ( #5211 ) ) ;
#6989 = DIRECTION ( 'NONE',  ( 1.000000000000000000, -0.000000000000000000, -0.000000000000000000 ) ) ;
#6990 = DIRECTION ( 'NONE',  ( -0.000000000000000000, 0.000000000000000000, 1.000000000000000000 ) ) ;
#6991 = EDGE_CURVE ( 'NONE', #3777, #681, #7242, .T. ) ;
#6992 = CARTESIAN_POINT ( 'NONE',  ( 0.02500000000000006384, 0.06999999999999985401, -0.1999999999999998723 ) ) ;
#6993 = EDGE_CURVE ( 'NONE', #6839, #5180, #5067, .T. ) ;
#6994 = LINE ( 'NONE', #9370, #9746 ) ;
#6995 = DIRECTION ( 'NONE',  ( 0.000000000000000000, 0.000000000000000000, 1.000000000000000000 ) ) ;
#6997 = ORIENTED_EDGE ( 'NONE', *, *, #4979, .T. ) ;
#6996 = LINE ( 'NONE', #9326, #9761 ) ;
#6999 =( GEOMETRIC_REPRESENTATION_CONTEXT ( 3 ) GLOBAL_UNCERTAINTY_ASSIGNED_CONTEXT ( ( #706 ) ) GLOBAL_UNIT_ASSIGNED_CONTEXT ( ( #6050, #3021, #4318 ) ) REPRESENTATION_CONTEXT ( 'NONE', 'WORKASPACE' ) );
#6998 =( NAMED_UNIT ( * ) SI_UNIT ( $, .STERADIAN. ) SOLID_ANGLE_UNIT ( ) );
#7000 = ORIENTED_EDGE ( 'NONE', *, *, #9304, .T. ) ;
#7001 = ORIENTED_EDGE ( 'NONE', *, *, #7570, .F. ) ;
#7002 = LINE ( 'NONE', #4726, #3695 ) ;
#7003 = ADVANCED_FACE ( 'NONE', ( #9816 ), #5173, .F. ) ;
#7004 = LINE ( 'NONE', #8631, #8946 ) ;
#7005 = CARTESIAN_POINT ( 'NONE',  ( 0.02500000000000006384, 0.06999999999999975686, -1.000000000000000222 ) ) ;
#7006 = VERTEX_POINT ( 'NONE', #9710 ) ;
#7007 = CARTESIAN_POINT ( 'NONE',  ( 1.000000000000000222, 0.06999999999999975686, -0.6500000000000000222 ) ) ;
#7008 = LINE ( 'NONE', #4733, #9882 ) ;
#7009 = PLANE ( 'NONE',  #9394 ) ;
#7010 = ORIENTED_EDGE ( 'NONE', *, *, #5806, .F. ) ;
#7011 = AXIS2_PLACEMENT_3D ( 'NONE', #1693, #5584, #1799 ) ;
#7012 = ADVANCED_FACE ( 'NONE', ( #7541 ), #2791, .F. ) ;
#7013 = ADVANCED_FACE ( 'NONE', ( #8368 ), #1423, .T. ) ;
#7014 = PLANE ( 'NONE',  #3981 ) ;
#7015 = ADVANCED_FACE ( 'NONE', ( #9916 ), #8167, .T. ) ;
#7016 = DIRECTION ( 'NONE',  ( 0.000000000000000000, 0.000000000000000000, -1.000000000000000000 ) ) ;
#7017 = CARTESIAN_POINT ( 'NONE',  ( -0.5000000000000002220, 0.05000000000000012768, -0.5000000000000000000 ) ) ;
#7018 = ORIENTED_EDGE ( 'NONE', *, *, #5193, .T. ) ;
#7019 = DIRECTION ( 'NONE',  ( -0.000000000000000000, -0.000000000000000000, -1.000000000000000000 ) ) ;
#7020 = CARTESIAN_POINT ( 'NONE',  ( -0.9149999999999905986, 0.05000000000000012768, 0.3250000000000000111 ) ) ;
#7021 = VERTEX_POINT ( 'NONE', #7595 ) ;
#7022 = AXIS2_PLACEMENT_3D ( 'NONE', #712, #7532, #2996 ) ;
#7023 = VERTEX_POINT ( 'NONE', #467 ) ;
#7024 = DIRECTION ( 'NONE',  ( 0.000000000000000000, 0.000000000000000000, 1.000000000000000000 ) ) ;
#7025 = VECTOR ( 'NONE', #8756, 1000.000000000000000 ) ;
#7026 = EDGE_CURVE ( 'NONE', #1633, #9769, #1093, .T. ) ;
#7027 = PLANE ( 'NONE',  #8857 ) ;
#7028 = DIRECTION ( 'NONE',  ( 0.000000000000000000, 0.000000000000000000, -1.000000000000000000 ) ) ;
#7029 = CARTESIAN_POINT ( 'NONE',  ( -0.9999999999999997780, 0.1199999999999999956, 0.6500000000000003553 ) ) ;
#7030 = CARTESIAN_POINT ( 'NONE',  ( 0.9349999999999950573, 0.05000000000000012768, -0.3049999999999998268 ) ) ;
#7031 = VERTEX_POINT ( 'NONE', #6619 ) ;
#7032 = DIRECTION ( 'NONE',  ( -1.000000000000000000, -0.000000000000000000, -0.000000000000000000 ) ) ;
#7033 = VERTEX_POINT ( 'NONE', #3771 ) ;
#7034 = EDGE_LOOP ( 'NONE', ( #8349, #1833, #8467, #2385 ) ) ;
#7035 = STYLED_ITEM ( 'NONE', ( #4677 ), #4725 ) ;
#7036 = EDGE_CURVE ( 'NONE', #225, #7431, #3373, .T. ) ;
#7038 = AXIS2_PLACEMENT_3D ( 'NONE', #7844, #9455, #8718 ) ;
#7037 = DIRECTION ( 'NONE',  ( 0.000000000000000000, 0.000000000000000000, 1.000000000000000000 ) ) ;
#7039 = DIRECTION ( 'NONE',  ( 0.000000000000000000, -0.000000000000000000, 1.000000000000000000 ) ) ;
#7040 = FACE_OUTER_BOUND ( 'NONE', #3848, .T. ) ;
#7041 = ORIENTED_EDGE ( 'NONE', *, *, #7845, .T. ) ;
#7042 =( NAMED_UNIT ( * ) SI_UNIT ( $, .STERADIAN. ) SOLID_ANGLE_UNIT ( ) );
#7043 = ORIENTED_EDGE ( 'NONE', *, *, #3130, .T. ) ;
#7044 = ORIENTED_EDGE ( 'NONE', *, *, #8563, .T. ) ;
#7045 = ORIENTED_EDGE ( 'NONE', *, *, #4172, .F. ) ;
#7046 = EDGE_CURVE ( 'NONE', #3234, #5719, #5117, .T. ) ;
#7047 = SURFACE_STYLE_USAGE ( .BOTH. , #8013 ) ;
#7048 = FILL_AREA_STYLE_COLOUR ( '', #5744 ) ;
#7049 = CARTESIAN_POINT ( 'NONE',  ( -0.9150000000000000355, 0.05000000000000012768, -0.5950000000000000844 ) ) ;
#7050 = CARTESIAN_POINT ( 'NONE',  ( -0.02500000000000006384, 0.06999999999999985401, 0.6500000000000003553 ) ) ;
#7051 = CARTESIAN_POINT ( 'NONE',  ( -0.9999999999999997780, 0.06999999999999985401, -0.1999999999999998723 ) ) ;
#7052 = AXIS2_PLACEMENT_3D ( 'NONE', #8690, #1850, #8784 ) ;
#7053 = DIRECTION ( 'NONE',  ( -0.000000000000000000, -0.000000000000000000, 1.000000000000000000 ) ) ;
#7054 = ORIENTED_EDGE ( 'NONE', *, *, #6362, .T. ) ;
#7055 = CARTESIAN_POINT ( 'NONE',  ( 0.3750000000000037748, 0.06999999999999975686, -0.6500000000000000222 ) ) ;
#7056 = CARTESIAN_POINT ( 'NONE',  ( -0.9999999999999997780, 0.06999999999999975686, -0.2500000000000000000 ) ) ;
#7057 = LINE ( 'NONE', #2556, #6172 ) ;
#7058 = EDGE_CURVE ( 'NONE', #6552, #1535, #5137, .T. ) ;
#7059 = DIRECTION ( 'NONE',  ( -0.000000000000000000, 0.000000000000000000, -1.000000000000000000 ) ) ;
#7060 = VECTOR ( 'NONE', #9387, 1000.000000000000000 ) ;
#7061 = DIRECTION ( 'NONE',  ( -0.000000000000000000, -0.000000000000000000, -1.000000000000000000 ) ) ;
#7062 = CARTESIAN_POINT ( 'NONE',  ( -0.5000000000000002220, 0.05000000000000012768, -0.5000000000000000000 ) ) ;
#7063 = CARTESIAN_POINT ( 'NONE',  ( 0.4250000000000039302, 0.06999999999999975686, -0.1999999999999998723 ) ) ;
#7064 = VERTEX_POINT ( 'NONE', #4356 ) ;
#7065 = LINE ( 'NONE', #246, #4675 ) ;
#7067 = VERTEX_POINT ( 'NONE', #2189 ) ;
#7066 = AXIS2_PLACEMENT_3D ( 'NONE', #7049, #3261, #9421 ) ;
#7068 = ORIENTED_EDGE ( 'NONE', *, *, #2145, .F. ) ;
#7069 = ORIENTED_EDGE ( 'NONE', *, *, #10, .F. ) ;
#7070 = EDGE_CURVE ( 'NONE', #5003, #6419, #9868, .T. ) ;
#7071 = VECTOR ( 'NONE', #5083, 1000.000000000000000 ) ;
#7072 = DIRECTION ( 'NONE',  ( -0.000000000000000000, 0.000000000000000000, -1.000000000000000000 ) ) ;
#7073 = CARTESIAN_POINT ( 'NONE',  ( -0.3200000000000075562, 0.000000000000000000, 0.7749999999999970246 ) ) ;
#7074 = ORIENTED_EDGE ( 'NONE', *, *, #2200, .F. ) ;
#7075 = PLANE ( 'NONE',  #4431 ) ;
#7076 = FACE_OUTER_BOUND ( 'NONE', #6911, .T. ) ;
#7077 = DIRECTION ( 'NONE',  ( 1.000000000000000000, 0.000000000000000000, -7.744301232039334431E-16 ) ) ;
#7078 = ORIENTED_EDGE ( 'NONE', *, *, #8666, .F. ) ;
#7079 = DIRECTION ( 'NONE',  ( 0.000000000000000000, 0.000000000000000000, 1.000000000000000000 ) ) ;
#7081 = ORIENTED_EDGE ( 'NONE', *, *, #8606, .F. ) ;
#7080 = VECTOR ( 'NONE', #2179, 1000.000000000000000 ) ;
#7082 = VERTEX_POINT ( 'NONE', #7440 ) ;
#7083 = CIRCLE ( 'NONE', #6926, 0.02000000000000016001 ) ;
#7084 = EDGE_CURVE ( 'NONE', #7393, #6373, #516, .T. ) ;
#7085 = EDGE_CURVE ( 'NONE', #3844, #4684, #8270, .T. ) ;
#7086 = EDGE_CURVE ( 'NONE', #8172, #9271, #4407, .T. ) ;
#7087 = AXIS2_PLACEMENT_3D ( 'NONE', #6919, #6120, #102 ) ;
#7088 = AXIS2_PLACEMENT_3D ( 'NONE', #3694, #4333, #9641 ) ;
#7089 = LINE ( 'NONE', #2292, #6915 ) ;
#7090 = LINE ( 'NONE', #6331, #3315 ) ;
#7091 = ADVANCED_FACE ( 'NONE', ( #3663 ), #6728, .T. ) ;
#7092 = PLANE ( 'NONE',  #512 ) ;
#7093 = ORIENTED_EDGE ( 'NONE', *, *, #3078, .T. ) ;
#7094 = DIRECTION ( 'NONE',  ( 0.000000000000000000, 1.000000000000000000, 0.000000000000000000 ) ) ;
#7095 = ORIENTED_EDGE ( 'NONE', *, *, #2333, .T. ) ;
#7096 = ORIENTED_EDGE ( 'NONE', *, *, #8015, .T. ) ;
#7097 = ORIENTED_EDGE ( 'NONE', *, *, #4039, .F. ) ;
#7098 = ORIENTED_EDGE ( 'NONE', *, *, #8539, .F. ) ;
#7099 = AXIS2_PLACEMENT_3D ( 'NONE', #2409, #45, #4479 ) ;
#7100 = CARTESIAN_POINT ( 'NONE',  ( -0.9149999999999858247, 0.05000000000000012768, 0.5749999999999999556 ) ) ;
#7101 = CARTESIAN_POINT ( 'NONE',  ( -0.4800000000000000933, 0.05000000000000012768, 0.5000000000000000000 ) ) ;
#7102 = CARTESIAN_POINT ( 'NONE',  ( 0.3750000000000037748, 0.1199999999999999956, -1.000000000000000222 ) ) ;
#7103 = VECTOR ( 'NONE', #3873, 1000.000000000000000 ) ;
#7104 = DIRECTION ( 'NONE',  ( 0.000000000000000000, 0.000000000000000000, -1.000000000000000000 ) ) ;
#7105 = EDGE_CURVE ( 'NONE', #3827, #7067, #2888, .T. ) ;
#7106 = ORIENTED_EDGE ( 'NONE', *, *, #8763, .F. ) ;
#7107 = ORIENTED_EDGE ( 'NONE', *, *, #7663, .T. ) ;
#7108 = CARTESIAN_POINT ( 'NONE',  ( -0.9999999999999997780, 0.06999999999999985401, 0.6500000000000003553 ) ) ;
#7109 = CARTESIAN_POINT ( 'NONE',  ( -0.9349999999999858424, 0.05000000000000012768, 0.5950000000000000844 ) ) ;
#7110 = LINE ( 'NONE', #4687, #9246 ) ;
#7111 = CARTESIAN_POINT ( 'NONE',  ( -0.9999999999999997780, 0.1199999999999999956, -0.1999999999999998723 ) ) ;
#7112 = LINE ( 'NONE', #2608, #5766 ) ;
#7113 = DIRECTION ( 'NONE',  ( -0.000000000000000000, 0.000000000000000000, 1.000000000000000000 ) ) ;
#7114 = ORIENTED_EDGE ( 'NONE', *, *, #7632, .F. ) ;
#7116 = AXIS2_PLACEMENT_3D ( 'NONE', #413, #1882, #3353 ) ;
#7115 = LINE ( 'NONE', #8089, #5798 ) ;
#7117 = ORIENTED_EDGE ( 'NONE', *, *, #7437, .T. ) ;
#7118 = ORIENTED_EDGE ( 'NONE', *, *, #8387, .F. ) ;
#7119 = ORIENTED_EDGE ( 'NONE', *, *, #1449, .T. ) ;
#7120 = VECTOR ( 'NONE', #3194, 1000.000000000000000 ) ;
#7121 = LINE ( 'NONE', #206, #2903 ) ;
#7122 = EDGE_CURVE ( 'NONE', #3660, #3290, #9231, .T. ) ;
#7123 = CARTESIAN_POINT ( 'NONE',  ( 0.4250000000000039302, 0.06999999999999975686, 0.9999999999999997780 ) ) ;
#7124 = DIRECTION ( 'NONE',  ( 1.000000000000000000, -0.000000000000000000, -0.000000000000000000 ) ) ;
#7125 = VERTEX_POINT ( 'NONE', #8527 ) ;
#7126 = LINE ( 'NONE', #4910, #8269 ) ;
#7127 = VECTOR ( 'NONE', #7864, 1000.000000000000000 ) ;
#7128 = ORIENTED_EDGE ( 'NONE', *, *, #9721, .T. ) ;
#7129 = ORIENTED_EDGE ( 'NONE', *, *, #7770, .T. ) ;
#7130 = FACE_OUTER_BOUND ( 'NONE', #5659, .T. ) ;
#7131 = AXIS2_PLACEMENT_3D ( 'NONE', #8530, #3156, #9921 ) ;
#7132 = CARTESIAN_POINT ( 'NONE',  ( -0.3750000000000037748, 0.1199999999999999956, 0.2000000000000003164 ) ) ;
#7133 = VECTOR ( 'NONE', #1094, 1000.000000000000000 ) ;
#7134 = LINE ( 'NONE', #2631, #1252 ) ;
#7135 = ADVANCED_FACE ( 'NONE', ( #6187 ), #3246, .T. ) ;
#7136 = EDGE_CURVE ( 'NONE', #3143, #8125, #7800, .T. ) ;
#7137 = CARTESIAN_POINT ( 'NONE',  ( 0.7549999999999950084, 0.000000000000000000, -0.1449999999999998512 ) ) ;
#7138 = EDGE_CURVE ( 'NONE', #520, #8451, #8473, .T. ) ;
#7139 = DIRECTION ( 'NONE',  ( -0.000000000000000000, -0.000000000000000000, 1.000000000000000000 ) ) ;
#7140 = VERTEX_POINT ( 'NONE', #4715 ) ;
#7141 = DIRECTION ( 'NONE',  ( 0.000000000000000000, 0.000000000000000000, 1.000000000000000000 ) ) ;
#7142 = LINE ( 'NONE', #270, #3268 ) ;
#7143 = ORIENTED_EDGE ( 'NONE', *, *, #6922, .F. ) ;
#7144 = VERTEX_POINT ( 'NONE', #6234 ) ;
#7145 = CIRCLE ( 'NONE', #6015, 0.1000000000000001582 ) ;
#7146 = ORIENTED_EDGE ( 'NONE', *, *, #8694, .F. ) ;
#7148 = ORIENTED_EDGE ( 'NONE', *, *, #8875, .T. ) ;
#7147 = MECHANICAL_DESIGN_GEOMETRIC_PRESENTATION_REPRESENTATION (  '', ( #1983 ), #3287 ) ;
#7149 = CARTESIAN_POINT ( 'NONE',  ( -0.9999999999999997780, 0.1199999999999999956, -0.1999999999999998723 ) ) ;
#7150 = AXIS2_PLACEMENT_3D ( 'NONE', #4842, #9350, #748 ) ;
#7151 = CARTESIAN_POINT ( 'NONE',  ( -0.5000000000000000000, 0.000000000000000000, -0.9149999999999997025 ) ) ;
#7152 = DIRECTION ( 'NONE',  ( -0.000000000000000000, 1.000000000000000000, 0.000000000000000000 ) ) ;
#7153 = ORIENTED_EDGE ( 'NONE', *, *, #2071, .T. ) ;
#7154 = EDGE_LOOP ( 'NONE', ( #4939, #950, #7481, #1938 ) ) ;
#7155 = CARTESIAN_POINT ( 'NONE',  ( -0.4250000000000039302, 0.1199999999999999956, 0.6500000000000003553 ) ) ;
#7156 = CARTESIAN_POINT ( 'NONE',  ( -0.5000000000000000000, 0.000000000000000000, -0.9149999999999997025 ) ) ;
#7157 = CARTESIAN_POINT ( 'NONE',  ( 0.7749999999999904743, 0.05000000000000012768, 0.3250000000000003997 ) ) ;
#7158 = EDGE_CURVE ( 'NONE', #8726, #1536, #3201, .T. ) ;
#7159 = AXIS2_PLACEMENT_3D ( 'NONE', #5627, #7235, #4108 ) ;
#7160 = CARTESIAN_POINT ( 'NONE',  ( -0.4250000000000039302, 0.06999999999999975686, -0.2500000000000000000 ) ) ;
#7161 = DIRECTION ( 'NONE',  ( 0.000000000000000000, 0.000000000000000000, 1.000000000000000000 ) ) ;
#7162 = LINE ( 'NONE', #8087, #7636 ) ;
#7163 = ORIENTED_EDGE ( 'NONE', *, *, #971, .F. ) ;
#7164 = CARTESIAN_POINT ( 'NONE',  ( -0.7749999999999953593, 0.05000000000000012768, -0.1250000000000000000 ) ) ;
#7165 = ORIENTED_EDGE ( 'NONE', *, *, #2263, .T. ) ;
#7166 = ORIENTED_EDGE ( 'NONE', *, *, #8577, .T. ) ;
#7167 = ORIENTED_EDGE ( 'NONE', *, *, #272, .T. ) ;
#7168 = VECTOR ( 'NONE', #1893, 1000.000000000000000 ) ;
#7169 = EDGE_CURVE ( 'NONE', #9515, #6498, #3056, .T. ) ;
#7170 = CARTESIAN_POINT ( 'NONE',  ( 0.4800000000000006484, 0.000000000000000000, 0.7749999999999999112 ) ) ;
#7171 = EDGE_CURVE ( 'NONE', #2593, #8172, #7089, .T. ) ;
#7172 = CARTESIAN_POINT ( 'NONE',  ( -0.3000000000000050959, 0.05000000000000012768, 0.7750000000000003553 ) ) ;
#7173 = PLANE ( 'NONE',  #5318 ) ;
#7174 = CIRCLE ( 'NONE', #2816, 0.02000000000000005246 ) ;
#7175 = LINE ( 'NONE', #9445, #6345 ) ;
#7176 = EDGE_LOOP ( 'NONE', ( #7747, #8623, #1091, #2039 ) ) ;
#7177 = CARTESIAN_POINT ( 'NONE',  ( -0.9999999999999997780, 0.06999999999999985401, -0.2500000000000000000 ) ) ;
#7178 = DIRECTION ( 'NONE',  ( -0.000000000000000000, -0.000000000000000000, 1.000000000000000000 ) ) ;
#7179 = CARTESIAN_POINT ( 'NONE',  ( 0.4250000000000039302, 0.06999999999999975686, 0.2000000000000003164 ) ) ;
#7180 = VERTEX_POINT ( 'NONE', #7752 ) ;
#7181 = DIRECTION ( 'NONE',  ( -0.000000000000000000, -1.000000000000000000, -0.000000000000000000 ) ) ;
#7182 = ORIENTED_EDGE ( 'NONE', *, *, #4081, .F. ) ;
#7183 = AXIS2_PLACEMENT_3D ( 'NONE', #760, #9268, #3190 ) ;
#7184 = CARTESIAN_POINT ( 'NONE',  ( -0.7549999999999952305, 0.05000000000000012768, -0.1450000000000000455 ) ) ;
#7185 = DIRECTION ( 'NONE',  ( -1.000000000000000000, -0.000000000000000000, -0.000000000000000000 ) ) ;
#7186 = DIRECTION ( 'NONE',  ( -0.000000000000000000, -1.000000000000000000, -0.000000000000000000 ) ) ;
#7188 = ORIENTED_EDGE ( 'NONE', *, *, #6342, .T. ) ;
#7187 = VECTOR ( 'NONE', #5018, 1000.000000000000000 ) ;
#7189 = ORIENTED_EDGE ( 'NONE', *, *, #3103, .T. ) ;
#7190 = EDGE_LOOP ( 'NONE', ( #1324, #2002, #9901, #185 ) ) ;
#7191 = ORIENTED_EDGE ( 'NONE', *, *, #9305, .T. ) ;
#7192 = ADVANCED_FACE ( 'NONE', ( #916 ), #1475, .F. ) ;
#7193 = EDGE_CURVE ( 'NONE', #3244, #2020, #4616, .T. ) ;
#7194 = VECTOR ( 'NONE', #8322, 1000.000000000000000 ) ;
#7195 = CARTESIAN_POINT ( 'NONE',  ( -0.02500000000000006384, 0.06999999999999975686, 0.2500000000000004441 ) ) ;
#7196 = CARTESIAN_POINT ( 'NONE',  ( -0.9149999999999952616, 0.000000000000000000, -0.1450000000000000455 ) ) ;
#7197 = CARTESIAN_POINT ( 'NONE',  ( 0.4800000000000000933, 0.05000000000000012768, -0.7749999999999999112 ) ) ;
#7198 = DIRECTION ( 'NONE',  ( 0.000000000000000000, 0.000000000000000000, 1.000000000000000000 ) ) ;
#7199 = LINE ( 'NONE', #986, #3127 ) ;
#7200 = ORIENTED_EDGE ( 'NONE', *, *, #7138, .F. ) ;
#7201 = CARTESIAN_POINT ( 'NONE',  ( -0.4250000000000039302, 0.1199999999999999956, -1.000000000000000222 ) ) ;
#7202 = DIRECTION ( 'NONE',  ( -0.000000000000000000, -1.000000000000000000, -0.000000000000000000 ) ) ;
#7203 =( GEOMETRIC_REPRESENTATION_CONTEXT ( 3 ) GLOBAL_UNCERTAINTY_ASSIGNED_CONTEXT ( ( #1715 ) ) GLOBAL_UNIT_ASSIGNED_CONTEXT ( ( #9190, #7709, #1642 ) ) REPRESENTATION_CONTEXT ( 'NONE', 'WORKASPACE' ) );
#7204 = VERTEX_POINT ( 'NONE', #3154 ) ;
#7205 = EDGE_CURVE ( 'NONE', #3996, #3051, #122, .T. ) ;
#7206 = DIRECTION ( 'NONE',  ( 1.000000000000000000, -0.000000000000000000, -0.000000000000000000 ) ) ;
#7207 = VECTOR ( 'NONE', #591, 1000.000000000000000 ) ;
#7208 = LINE ( 'NONE', #2652, #6095 ) ;
#7209 = DIRECTION ( 'NONE',  ( -0.000000000000000000, 1.000000000000000000, -0.000000000000000000 ) ) ;
#7210 = DIRECTION ( 'NONE',  ( 1.000000000000000000, -0.000000000000000000, -0.000000000000000000 ) ) ;
#7211 = ORIENTED_EDGE ( 'NONE', *, *, #4721, .F. ) ;
#7212 = EDGE_CURVE ( 'NONE', #1351, #271, #2437, .T. ) ;
#7213 = DIRECTION ( 'NONE',  ( -0.000000000000000000, 1.000000000000000000, -0.000000000000000000 ) ) ;
#7214 = ORIENTED_EDGE ( 'NONE', *, *, #6558, .F. ) ;
#7215 = ORIENTED_EDGE ( 'NONE', *, *, #9085, .F. ) ;
#7216 = VECTOR ( 'NONE', #7866, 1000.000000000000000 ) ;
#7217 = DIRECTION ( 'NONE',  ( 0.000000000000000000, 0.000000000000000000, -1.000000000000000000 ) ) ;
#7219 = AXIS2_PLACEMENT_3D ( 'NONE', #3644, #1872, #6553 ) ;
#7218 = DIRECTION ( 'NONE',  ( -0.000000000000000000, -1.000000000000000000, -0.000000000000000000 ) ) ;
#7220 = CARTESIAN_POINT ( 'NONE',  ( -0.4800000000000090306, 0.05000000000000012768, 0.9149999999999953726 ) ) ;
#7221 = DIRECTION ( 'NONE',  ( 0.000000000000000000, 1.000000000000000000, 0.000000000000000000 ) ) ;
#7222 = PLANE ( 'NONE',  #3704 ) ;
#7223 = LINE ( 'NONE', #5515, #2462 ) ;
#7224 = EDGE_LOOP ( 'NONE', ( #6121, #215, #2133, #9194 ) ) ;
#7225 = EDGE_CURVE ( 'NONE', #9757, #7125, #9367, .T. ) ;
#7226 = CARTESIAN_POINT ( 'NONE',  ( -0.09999999999999939493, 0.05000000000000012768, 0.9149999999999999245 ) ) ;
#7227 = ORIENTED_EDGE ( 'NONE', *, *, #2822, .T. ) ;
#7228 = AXIS2_PLACEMENT_3D ( 'NONE', #8591, #3365, #5585 ) ;
#7229 = VECTOR ( 'NONE', #6152, 1000.000000000000000 ) ;
#7230 = CARTESIAN_POINT ( 'NONE',  ( -0.4250000000000039302, 0.06999999999999975686, 0.2500000000000004441 ) ) ;
#7231 = DIRECTION ( 'NONE',  ( 1.000000000000000000, 0.000000000000000000, 0.000000000000000000 ) ) ;
#7232 = LINE ( 'NONE', #457, #2993 ) ;
#7233 = VECTOR ( 'NONE', #4857, 1000.000000000000000 ) ;
#7234 = VECTOR ( 'NONE', #6941, 1000.000000000000000 ) ;
#7235 = DIRECTION ( 'NONE',  ( 0.000000000000000000, 0.000000000000000000, -1.000000000000000000 ) ) ;
#7236 = ORIENTED_EDGE ( 'NONE', *, *, #1785, .F. ) ;
#7237 = EDGE_CURVE ( 'NONE', #5753, #8162, #6141, .T. ) ;
#7238 = ORIENTED_EDGE ( 'NONE', *, *, #2953, .F. ) ;
#7239 = ORIENTED_EDGE ( 'NONE', *, *, #9707, .F. ) ;
#7240 =( NAMED_UNIT ( * ) SI_UNIT ( $, .STERADIAN. ) SOLID_ANGLE_UNIT ( ) );
#7241 = CIRCLE ( 'NONE', #1433, 0.02000000000000113493 ) ;
#7242 = LINE ( 'NONE', #6086, #6749 ) ;
#7243 = CARTESIAN_POINT ( 'NONE',  ( 0.02500000000000006384, 0.1199999999999999956, 0.7000000000000005107 ) ) ;
#7244 = FACE_BOUND ( 'NONE', #4149, .T. ) ;
#7245 = ORIENTED_EDGE ( 'NONE', *, *, #9683, .F. ) ;
#7246 = EDGE_CURVE ( 'NONE', #2593, #7960, #27, .T. ) ;
#7247 = ORIENTED_EDGE ( 'NONE', *, *, #2595, .F. ) ;
#7248 = CARTESIAN_POINT ( 'NONE',  ( 0.02500000000000006384, 0.06999999999999985401, 0.2500000000000003331 ) ) ;
#7249 = AXIS2_PLACEMENT_3D ( 'NONE', #236, #1039, #2456 ) ;
#7250 = CARTESIAN_POINT ( 'NONE',  ( 0.4250000000000039302, 0.1199999999999999956, 0.2000000000000002054 ) ) ;
#7251 = CYLINDRICAL_SURFACE ( 'NONE', #9877, 0.02000000000000005246 ) ;
#7252 = VECTOR ( 'NONE', #1706, 1000.000000000000000 ) ;
#7253 = EDGE_LOOP ( 'NONE', ( #6723, #5606, #1897, #94 ) ) ;
#7254 = CARTESIAN_POINT ( 'NONE',  ( -0.02500000000000006384, 0.1199999999999999956, -1.000000000000000222 ) ) ;
#7255 = VECTOR ( 'NONE', #8493, 1000.000000000000000 ) ;
#7256 = PLANE ( 'NONE',  #4446 ) ;
#7257 = LINE ( 'NONE', #8787, #3030 ) ;
#7258 = FACE_OUTER_BOUND ( 'NONE', #6825, .T. ) ;
#7259 = CARTESIAN_POINT ( 'NONE',  ( 0.02500000000000006384, 0.1199999999999999956, -1.000000000000000222 ) ) ;
#7260 = EDGE_CURVE ( 'NONE', #1861, #414, #2338, .T. ) ;
#7261 = ORIENTED_EDGE ( 'NONE', *, *, #5950, .T. ) ;
#7262 = EDGE_CURVE ( 'NONE', #932, #672, #1678, .T. ) ;
#7263 = DIRECTION ( 'NONE',  ( 0.000000000000000000, 1.000000000000000000, 0.000000000000000000 ) ) ;
#7264 = ORIENTED_EDGE ( 'NONE', *, *, #7722, .T. ) ;
#7265 = VERTEX_POINT ( 'NONE', #3915 ) ;
#7266 = CARTESIAN_POINT ( 'NONE',  ( 0.3750000000000037748, 0.1199999999999999956, -1.000000000000000222 ) ) ;
#7267 = CARTESIAN_POINT ( 'NONE',  ( 0.4799999999999996492, 0.05000000000000012768, 0.5000000000000000000 ) ) ;
#7268 = LINE ( 'NONE', #8192, #8295 ) ;
#7269 = ORIENTED_EDGE ( 'NONE', *, *, #2641, .T. ) ;
#7270 = LINE ( 'NONE', #6414, #2185 ) ;
#7271 = PLANE ( 'NONE',  #7562 ) ;
#7272 = LINE ( 'NONE', #1671, #4565 ) ;
#7273 = ORIENTED_EDGE ( 'NONE', *, *, #8883, .T. ) ;
#7274 = ORIENTED_EDGE ( 'NONE', *, *, #2940, .T. ) ;
#7275 = VERTEX_POINT ( 'NONE', #6992 ) ;
#7276 = VECTOR ( 'NONE', #716, 1000.000000000000000 ) ;
#7277 = ADVANCED_FACE ( 'NONE', ( #76 ), #9322, .F. ) ;
#7278 = CARTESIAN_POINT ( 'NONE',  ( -0.9999999999999997780, 0.1199999999999999956, 0.2000000000000002054 ) ) ;
#7279 = DIRECTION ( 'NONE',  ( 0.000000000000000000, 0.000000000000000000, -1.000000000000000000 ) ) ;
#7280 = DIRECTION ( 'NONE',  ( 0.000000000000000000, 1.000000000000000000, -0.000000000000000000 ) ) ;
#7281 = VECTOR ( 'NONE', #1626, 1000.000000000000000 ) ;
#7282 = LINE ( 'NONE', #5006, #4391 ) ;
#7283 = ORIENTED_EDGE ( 'NONE', *, *, #8883, .F. ) ;
#7284 = DIRECTION ( 'NONE',  ( 0.000000000000000000, 0.000000000000000000, -1.000000000000000000 ) ) ;
#7285 = EDGE_LOOP ( 'NONE', ( #8454, #9225, #3949, #4730 ) ) ;
#7286 = ORIENTED_EDGE ( 'NONE', *, *, #4663, .F. ) ;
#7287 = ORIENTED_EDGE ( 'NONE', *, *, #4787, .F. ) ;
#7288 = AXIS2_PLACEMENT_3D ( 'NONE', #8175, #5696, #6628 ) ;
#7289 = EDGE_CURVE ( 'NONE', #1625, #9528, #1877, .T. ) ;
#7290 = DIRECTION ( 'NONE',  ( -1.000000000000000000, 0.000000000000000000, 1.885568995626976613E-16 ) ) ;
#7291 = CARTESIAN_POINT ( 'NONE',  ( -0.9999999999999997780, 0.1199999999999999956, 0.7000000000000005107 ) ) ;
#7292 = CYLINDRICAL_SURFACE ( 'NONE', #3940, 0.02000000000000005246 ) ;
#7293 = EDGE_LOOP ( 'NONE', ( #9071, #6695, #801, #3383 ) ) ;
#7294 = AXIS2_PLACEMENT_3D ( 'NONE', #7030, #3812, #6274 ) ;
#7296 = VECTOR ( 'NONE', #1322, 1000.000000000000000 ) ;
#7295 = CARTESIAN_POINT ( 'NONE',  ( -0.4250000000000039302, 0.1199999999999999956, -0.7000000000000000666 ) ) ;
#7297 = CARTESIAN_POINT ( 'NONE',  ( -0.3750000000000002220, 0.05000000000000012768, -0.5000000000000000000 ) ) ;
#7298 = EDGE_LOOP ( 'NONE', ( #4583, #1557, #6196, #948 ) ) ;
#7299 = LINE ( 'NONE', #4078, #5608 ) ;
#7300 = EDGE_CURVE ( 'NONE', #5767, #5219, #1017, .T. ) ;
#7301 = VECTOR ( 'NONE', #2934, 1000.000000000000000 ) ;
#7302 = DIRECTION ( 'NONE',  ( 0.000000000000000000, 0.000000000000000000, 1.000000000000000000 ) ) ;
#7303 = DIRECTION ( 'NONE',  ( 0.000000000000000000, 0.000000000000000000, -1.000000000000000000 ) ) ;
#7304 = PLANE ( 'NONE',  #6716 ) ;
#7305 = DIRECTION ( 'NONE',  ( 0.000000000000000000, 0.000000000000000000, -1.000000000000000000 ) ) ;
#7306 = ORIENTED_EDGE ( 'NONE', *, *, #8075, .F. ) ;
#7307 = DIRECTION ( 'NONE',  ( 0.000000000000000000, 1.000000000000000000, 0.000000000000000000 ) ) ;
#7308 = ORIENTED_EDGE ( 'NONE', *, *, #3495, .F. ) ;
#7309 = ORIENTED_EDGE ( 'NONE', *, *, #6158, .F. ) ;
#7310 = DIRECTION ( 'NONE',  ( 0.000000000000000000, 0.000000000000000000, -1.000000000000000000 ) ) ;
#7311 = EDGE_CURVE ( 'NONE', #6849, #5187, #4153, .T. ) ;
#7312 = EDGE_CURVE ( 'NONE', #2826, #5756, #4053, .T. ) ;
#7313 = CARTESIAN_POINT ( 'NONE',  ( 1.000000000000000222, 0.06999999999999985401, 0.2500000000000003331 ) ) ;
#7314 = DIRECTION ( 'NONE',  ( 0.000000000000000000, 0.000000000000000000, -1.000000000000000000 ) ) ;
#7315 = DIRECTION ( 'NONE',  ( -0.000000000000000000, 1.000000000000000000, -0.000000000000000000 ) ) ;
#7316 = ORIENTED_EDGE ( 'NONE', *, *, #7832, .T. ) ;
#7317 = DIRECTION ( 'NONE',  ( 1.000000000000000000, -0.000000000000000000, -0.000000000000000000 ) ) ;
#7318 = CARTESIAN_POINT ( 'NONE',  ( 0.7549999999999853495, 0.05000000000000012768, 0.5950000000000000844 ) ) ;
#7319 = DIRECTION ( 'NONE',  ( 0.000000000000000000, 0.000000000000000000, 1.000000000000000000 ) ) ;
#7320 = EDGE_LOOP ( 'NONE', ( #8078, #2855, #9354, #4197 ) ) ;
#7321 = ORIENTED_EDGE ( 'NONE', *, *, #6098, .F. ) ;
#7322 = ORIENTED_EDGE ( 'NONE', *, *, #2381, .T. ) ;
#7323 = EDGE_CURVE ( 'NONE', #8498, #8262, #5722, .T. ) ;
#7324 = VECTOR ( 'NONE', #5334, 1000.000000000000000 ) ;
#7325 = CARTESIAN_POINT ( 'NONE',  ( -0.7549999999999952305, 0.000000000000000000, -0.3050000000000000488 ) ) ;
#7326 = FACE_OUTER_BOUND ( 'NONE', #6921, .T. ) ;
#7327 = CARTESIAN_POINT ( 'NONE',  ( 0.3200000000000000622, 0.05000000000000012768, -0.7549999999999997824 ) ) ;
#7328 = VERTEX_POINT ( 'NONE', #5623 ) ;
#7329 = EDGE_CURVE ( 'NONE', #742, #4374, #7083, .T. ) ;
#7330 = LINE ( 'NONE', #9463, #9561 ) ;
#7331 = ORIENTED_EDGE ( 'NONE', *, *, #9205, .T. ) ;
#7332 = ORIENTED_EDGE ( 'NONE', *, *, #5415, .T. ) ;
#7333 = AXIS2_PLACEMENT_3D ( 'NONE', #168, #4054, #3248 ) ;
#7335 = AXIS2_PLACEMENT_3D ( 'NONE', #3390, #1868, #7997 ) ;
#7334 = CARTESIAN_POINT ( 'NONE',  ( -0.4800000000000080869, 0.05000000000000012768, 0.7549999999999984501 ) ) ;
#7336 = DIRECTION ( 'NONE',  ( 0.000000000000000000, 1.000000000000000000, -0.000000000000000000 ) ) ;
#7337 = DIRECTION ( 'NONE',  ( 0.000000000000000000, -0.000000000000000000, 1.000000000000000000 ) ) ;
#7339 = EDGE_LOOP ( 'NONE', ( #4745, #2915, #2830, #5534 ) ) ;
#7338 = CARTESIAN_POINT ( 'NONE',  ( 0.4250000000000039302, 0.06999999999999975686, -1.000000000000000222 ) ) ;
#7340 = ORIENTED_EDGE ( 'NONE', *, *, #6478, .T. ) ;
#7341 = CARTESIAN_POINT ( 'NONE',  ( -0.02500000000000006384, 0.06999999999999975686, 0.6500000000000003553 ) ) ;
#7342 = DIRECTION ( 'NONE',  ( -0.000000000000000000, -1.000000000000000000, -0.000000000000000000 ) ) ;
#7343 = DIRECTION ( 'NONE',  ( 0.000000000000000000, 0.000000000000000000, -1.000000000000000000 ) ) ;
#7344 = EDGE_CURVE ( 'NONE', #3640, #7064, #3491, .T. ) ;
#7345 = VECTOR ( 'NONE', #4410, 1000.000000000000000 ) ;
#7346 = DIRECTION ( 'NONE',  ( 0.000000000000000000, 0.000000000000000000, 1.000000000000000000 ) ) ;
#7347 = DIRECTION ( 'NONE',  ( 0.000000000000000000, 1.000000000000000000, -0.000000000000000000 ) ) ;
#7348 = DIRECTION ( 'NONE',  ( -0.000000000000000000, 0.000000000000000000, -1.000000000000000000 ) ) ;
#7349 = AXIS2_PLACEMENT_3D ( 'NONE', #3650, #9060, #9112 ) ;
#7350 = DIRECTION ( 'NONE',  ( 0.000000000000000000, 0.000000000000000000, 1.000000000000000000 ) ) ;
#7351 = ORIENTED_EDGE ( 'NONE', *, *, #1410, .F. ) ;
#7352 = EDGE_LOOP ( 'NONE', ( #7148, #3342, #3903, #5628 ) ) ;
#7353 = CARTESIAN_POINT ( 'NONE',  ( -0.9999999999999997780, 0.06999999999999985401, -0.6500000000000000222 ) ) ;
#7354 = EDGE_LOOP ( 'NONE', ( #239, #3875, #9873, #2975 ) ) ;
#7355 = EDGE_CURVE ( 'NONE', #8456, #7495, #9512, .T. ) ;
#7356 = LINE ( 'NONE', #5707, #4631 ) ;
#7357 = VECTOR ( 'NONE', #8141, 1000.000000000000000 ) ;
#7358 = CARTESIAN_POINT ( 'NONE',  ( -0.5000000000000042188, 0.000000000000000000, -0.7750000000000000222 ) ) ;
#7359 = DIRECTION ( 'NONE',  ( 0.000000000000000000, 1.000000000000000000, 0.000000000000000000 ) ) ;
#7360 = CARTESIAN_POINT ( 'NONE',  ( 0.4799999999999998157, 0.000000000000000000, -0.4800000000000000377 ) ) ;
#7361 = EDGE_LOOP ( 'NONE', ( #9158, #8048, #1460, #1461 ) ) ;
#7362 = CARTESIAN_POINT ( 'NONE',  ( 0.02500000000000006384, 0.1199999999999999956, -0.2500000000000000000 ) ) ;
#7363 = FACE_OUTER_BOUND ( 'NONE', #2590, .T. ) ;
#7364 = DIRECTION ( 'NONE',  ( 0.000000000000000000, 0.000000000000000000, 1.000000000000000000 ) ) ;
#7366 = EDGE_LOOP ( 'NONE', ( #6372, #4453, #9054, #7119 ) ) ;
#7365 = VECTOR ( 'NONE', #6875, 1000.000000000000000 ) ;
#7367 = PLANE ( 'NONE',  #6412 ) ;
#7368 = ADVANCED_FACE ( 'NONE', ( #8766 ), #4246, .F. ) ;
#7369 = EDGE_CURVE ( 'NONE', #9193, #6171, #4106, .T. ) ;
#7370 = EDGE_CURVE ( 'NONE', #41, #2107, #7134, .T. ) ;
#7371 = VERTEX_POINT ( 'NONE', #2587 ) ;
#7372 = VERTEX_POINT ( 'NONE', #7184 ) ;
#7373 = AXIS2_PLACEMENT_3D ( 'NONE', #500, #9747, #2834 ) ;
#7374 = CARTESIAN_POINT ( 'NONE',  ( 0.7549999999999950084, 0.05000000000000012768, -0.3049999999999998268 ) ) ;
#7375 = DIRECTION ( 'NONE',  ( 1.000000000000000000, -0.000000000000000000, -0.000000000000000000 ) ) ;
#7376 = CARTESIAN_POINT ( 'NONE',  ( -0.9149999999999905986, 0.000000000000000000, 0.1249999999999998890 ) ) ;
#7377 = LINE ( 'NONE', #1303, #145 ) ;
#7378 = CARTESIAN_POINT ( 'NONE',  ( 0.02500000000000006384, 0.06999999999999986788, -1.000000000000000222 ) ) ;
#7379 = ORIENTED_EDGE ( 'NONE', *, *, #3094, .F. ) ;
#7381 = ADVANCED_FACE ( 'NONE', ( #6518 ), #264, .F. ) ;
#7380 = FACE_OUTER_BOUND ( 'NONE', #9171, .T. ) ;
#7382 = EDGE_CURVE ( 'NONE', #7495, #7926, #7898, .T. ) ;
#7383 = ADVANCED_FACE ( 'NONE', ( #8809 ), #319, .T. ) ;
#7384 = ORIENTED_EDGE ( 'NONE', *, *, #2889, .T. ) ;
#7385 = VERTEX_POINT ( 'NONE', #2675 ) ;
#7386 = VECTOR ( 'NONE', #1615, 1000.000000000000000 ) ;
#7387 = CARTESIAN_POINT ( 'NONE',  ( 0.3750000000000037748, 0.1199999999999999956, 0.6500000000000003553 ) ) ;
#7388 = VECTOR ( 'NONE', #4316, 1000.000000000000000 ) ;
#7389 = AXIS2_PLACEMENT_3D ( 'NONE', #8865, #4210, #1892 ) ;
#7390 = CARTESIAN_POINT ( 'NONE',  ( -0.2999999999999995448, 0.05000000000000012768, 0.9150000000000001465 ) ) ;
#7391 = DIRECTION ( 'NONE',  ( 1.000000000000000000, -0.000000000000000000, -0.000000000000000000 ) ) ;
#7392 = CARTESIAN_POINT ( 'NONE',  ( -0.3750000000000037748, 0.06999999999999975686, -0.6500000000000000222 ) ) ;
#7393 = VERTEX_POINT ( 'NONE', #5771 ) ;
#7394 = ORIENTED_EDGE ( 'NONE', *, *, #7169, .F. ) ;
#7395 = LINE ( 'NONE', #3670, #6766 ) ;
#7396 = DIRECTION ( 'NONE',  ( -0.000000000000000000, 1.000000000000000000, -0.000000000000000000 ) ) ;
#7397 = CARTESIAN_POINT ( 'NONE',  ( 0.4250000000000039302, 0.1199999999999999956, -0.1999999999999998723 ) ) ;
#7398 = VECTOR ( 'NONE', #2778, 1000.000000000000000 ) ;
#7399 = PLANE ( 'NONE',  #4637 ) ;
#7400 = EDGE_CURVE ( 'NONE', #742, #8737, #1151, .T. ) ;
#7401 = EDGE_CURVE ( 'NONE', #2366, #5004, #8854, .T. ) ;
#7402 = DIRECTION ( 'NONE',  ( -0.000000000000000000, 1.000000000000000000, -0.000000000000000000 ) ) ;
#7403 = AXIS2_PLACEMENT_3D ( 'NONE', #2420, #6214, #9946 ) ;
#7405 = AXIS2_PLACEMENT_3D ( 'NONE', #5811, #1141, #5906 ) ;
#7404 = SURFACE_SIDE_STYLE ('',( #9678 ) ) ;
#7406 = VERTEX_POINT ( 'NONE', #217 ) ;
#7407 = VERTEX_POINT ( 'NONE', #8104 ) ;
#7408 = DIRECTION ( 'NONE',  ( -1.000000000000000000, 0.000000000000000000, 0.000000000000000000 ) ) ;
#7409 = DIRECTION ( 'NONE',  ( 1.000000000000000000, -0.000000000000000000, -0.000000000000000000 ) ) ;
#7410 = EDGE_LOOP ( 'NONE', ( #3858, #3627, #749, #2029 ) ) ;
#7411 = ORIENTED_EDGE ( 'NONE', *, *, #2614, .T. ) ;
#7412 = EDGE_LOOP ( 'NONE', ( #6062, #510, #4162, #4861 ) ) ;
#7413 = VECTOR ( 'NONE', #6107, 1000.000000000000000 ) ;
#7414 =( NAMED_UNIT ( * ) SI_UNIT ( $, .STERADIAN. ) SOLID_ANGLE_UNIT ( ) );
#7415 = EDGE_CURVE ( 'NONE', #7745, #6255, #6284, .T. ) ;
#7416 = EDGE_CURVE ( 'NONE', #4374, #1582, #1409, .T. ) ;
#7417 = CARTESIAN_POINT ( 'NONE',  ( -0.3750000000000037748, 0.06999999999999975686, 0.7000000000000005107 ) ) ;
#7418 = DIRECTION ( 'NONE',  ( 0.000000000000000000, -0.000000000000000000, 1.000000000000000000 ) ) ;
#7419 = DIRECTION ( 'NONE',  ( 0.000000000000000000, 0.000000000000000000, -1.000000000000000000 ) ) ;
#7420 = DIRECTION ( 'NONE',  ( 0.000000000000000000, 0.000000000000000000, -1.000000000000000000 ) ) ;
#7421 = LINE ( 'NONE', #1236, #3967 ) ;
#7422 = DIRECTION ( 'NONE',  ( 0.000000000000000000, 1.000000000000000000, -0.000000000000000000 ) ) ;
#7423 = ORIENTED_EDGE ( 'NONE', *, *, #4611, .T. ) ;
#7424 = ORIENTED_EDGE ( 'NONE', *, *, #303, .F. ) ;
#7425 = ADVANCED_FACE ( 'NONE', ( #2023 ), #5973, .T. ) ;
#7426 = CARTESIAN_POINT ( 'NONE',  ( -0.3750000000000037748, 0.1199999999999999956, 0.6500000000000003553 ) ) ;
#7427 = FACE_OUTER_BOUND ( 'NONE', #1368, .T. ) ;
#7428 = CARTESIAN_POINT ( 'NONE',  ( -0.02500000000000006384, 0.1199999999999999956, 0.7000000000000005107 ) ) ;
#7429 = LINE ( 'NONE', #9063, #6924 ) ;
#7430 = DIRECTION ( 'NONE',  ( -1.000000000000000000, 0.000000000000000000, -0.000000000000000000 ) ) ;
#7431 = VERTEX_POINT ( 'NONE', #7374 ) ;
#7432 = DIRECTION ( 'NONE',  ( -0.000000000000000000, -1.000000000000000000, -0.000000000000000000 ) ) ;
#7433 = CLOSED_SHELL ( 'NONE', ( #8668, #5432, #3635, #3430, #3730, #5636, #6469, #8838, #8751, #7979 ) ) ;
#7434 = ORIENTED_EDGE ( 'NONE', *, *, #9396, .F. ) ;
#7435 = ORIENTED_EDGE ( 'NONE', *, *, #4578, .F. ) ;
#7436 = ADVANCED_FACE ( 'NONE', ( #454 ), #9748, .T. ) ;
#7437 = EDGE_CURVE ( 'NONE', #8824, #8505, #2835, .T. ) ;
#7438 = EDGE_CURVE ( 'NONE', #3481, #9089, #9061, .T. ) ;
#7439 = VECTOR ( 'NONE', #2430, 1000.000000000000000 ) ;
#7440 = CARTESIAN_POINT ( 'NONE',  ( 0.7550000000000000044, 0.000000000000000000, -0.7549999999999996714 ) ) ;
#7441 = DIRECTION ( 'NONE',  ( 0.000000000000000000, 0.000000000000000000, -1.000000000000000000 ) ) ;
#7442 = ORIENTED_EDGE ( 'NONE', *, *, #192, .F. ) ;
#7443 = FACE_OUTER_BOUND ( 'NONE', #8642, .T. ) ;
#7445 = ORIENTED_EDGE ( 'NONE', *, *, #5837, .F. ) ;
#7444 = DIRECTION ( 'NONE',  ( 0.000000000000000000, -1.000000000000000000, 0.000000000000000000 ) ) ;
#7446 = CARTESIAN_POINT ( 'NONE',  ( -0.4250000000000039302, 0.1199999999999999956, 0.2000000000000003164 ) ) ;
#7447 = CARTESIAN_POINT ( 'NONE',  ( -0.9999999999999997780, 0.1199999999999999956, -0.6500000000000000222 ) ) ;
#7449 = VERTEX_POINT ( 'NONE', #665 ) ;
#7448 = CIRCLE ( 'NONE', #6811, 0.02000000000000005246 ) ;
#7450 = FACE_OUTER_BOUND ( 'NONE', #2842, .T. ) ;
#7451 = EDGE_CURVE ( 'NONE', #9714, #118, #3546, .T. ) ;
#7452 = VECTOR ( 'NONE', #8220, 1000.000000000000000 ) ;
#7453 = DIRECTION ( 'NONE',  ( 1.000000000000000000, -0.000000000000000000, -0.000000000000000000 ) ) ;
#7454 = AXIS2_PLACEMENT_3D ( 'NONE', #9428, #7767, #188 ) ;
#7455 = CARTESIAN_POINT ( 'NONE',  ( 1.000000000000000222, 0.06999999999999975686, 0.6500000000000003553 ) ) ;
#7456 = ORIENTED_EDGE ( 'NONE', *, *, #6977, .T. ) ;
#7457 = VERTEX_POINT ( 'NONE', #6557 ) ;
#7458 = FACE_OUTER_BOUND ( 'NONE', #7537, .T. ) ;
#7459 = DIRECTION ( 'NONE',  ( 0.000000000000000000, 1.000000000000000000, 0.000000000000000000 ) ) ;
#7460 = ORIENTED_EDGE ( 'NONE', *, *, #9461, .F. ) ;
#7461 = ADVANCED_FACE ( 'NONE', ( #3651 ), #2946, .T. ) ;
#7462 = ORIENTED_EDGE ( 'NONE', *, *, #4230, .T. ) ;
#7463 = VECTOR ( 'NONE', #4709, 1000.000000000000000 ) ;
#7464 = COLOUR_RGB ( '',0.7921568627450980005, 0.8196078431372548767, 0.9333333333333333481 ) ;
#7465 = CARTESIAN_POINT ( 'NONE',  ( -0.7549999999999905675, 0.05000000000000012768, 0.3049999999999999378 ) ) ;
#7466 = CARTESIAN_POINT ( 'NONE',  ( 0.02500000000000006384, 0.06999999999999975686, -0.2500000000000000000 ) ) ;
#7467 = DIRECTION ( 'NONE',  ( 0.000000000000000000, 0.000000000000000000, -1.000000000000000000 ) ) ;
#7468 = DIRECTION ( 'NONE',  ( 0.000000000000000000, 0.000000000000000000, -1.000000000000000000 ) ) ;
#7469 = FACE_OUTER_BOUND ( 'NONE', #7842, .T. ) ;
#7470 = VECTOR ( 'NONE', #9574, 1000.000000000000000 ) ;
#7471 = LINE ( 'NONE', #544, #1104 ) ;
#7472 = ORIENTED_EDGE ( 'NONE', *, *, #9185, .T. ) ;
#7473 = DIRECTION ( 'NONE',  ( -1.000000000000000000, 0.000000000000000000, 0.000000000000000000 ) ) ;
#7474 = VERTEX_POINT ( 'NONE', #2127 ) ;
#7475 = ORIENTED_EDGE ( 'NONE', *, *, #1168, .T. ) ;
#7476 = EDGE_CURVE ( 'NONE', #7669, #2054, #1299, .T. ) ;
#7477 = ORIENTED_EDGE ( 'NONE', *, *, #903, .T. ) ;
#7478 = DIRECTION ( 'NONE',  ( -0.000000000000000000, 1.000000000000000000, -0.000000000000000000 ) ) ;
#7479 = DIRECTION ( 'NONE',  ( -1.000000000000000000, 0.000000000000000000, 3.049318610115328497E-14 ) ) ;
#7480 = CARTESIAN_POINT ( 'NONE',  ( -0.07999999999999989064, 0.000000000000000000, -0.9349999999999998312 ) ) ;
#7481 = ORIENTED_EDGE ( 'NONE', *, *, #4151, .F. ) ;
#7482 = PLANE ( 'NONE',  #342 ) ;
#7483 = CARTESIAN_POINT ( 'NONE',  ( -0.3000000000000048184, 0.000000000000000000, -0.9149999999999997025 ) ) ;
#7484 = EDGE_LOOP ( 'NONE', ( #5567, #4013, #1696, #1027 ) ) ;
#7485 = ORIENTED_EDGE ( 'NONE', *, *, #8933, .T. ) ;
#7486 = EDGE_CURVE ( 'NONE', #4062, #9779, #5159, .T. ) ;
#7487 = VECTOR ( 'NONE', #3009, 1000.000000000000000 ) ;
#7488 = CARTESIAN_POINT ( 'NONE',  ( 1.000000000000000222, 0.06999999999999975686, -0.1999999999999998723 ) ) ;
#7489 = DIRECTION ( 'NONE',  ( -0.000000000000000000, -0.000000000000000000, 1.000000000000000000 ) ) ;
#7490 = DIRECTION ( 'NONE',  ( -0.000000000000000000, -0.000000000000000000, 1.000000000000000000 ) ) ;
#7491 = ORIENTED_EDGE ( 'NONE', *, *, #1227, .F. ) ;
#7492 = DIRECTION ( 'NONE',  ( 0.000000000000000000, -1.000000000000000000, 0.000000000000000000 ) ) ;
#7494 = ORIENTED_EDGE ( 'NONE', *, *, #4357, .T. ) ;
#7493 = CARTESIAN_POINT ( 'NONE',  ( 0.1000000000000005329, 0.000000000000000000, 0.9149999999999999245 ) ) ;
#7495 = VERTEX_POINT ( 'NONE', #610 ) ;
#7496 = DIRECTION ( 'NONE',  ( 0.000000000000000000, 0.000000000000000000, -1.000000000000000000 ) ) ;
#7497 = CARTESIAN_POINT ( 'NONE',  ( 0.7749999999999951372, 0.05000000000000012768, -0.1249999999999997918 ) ) ;
#7498 = VERTEX_POINT ( 'NONE', #8950 ) ;
#7499 = EDGE_CURVE ( 'NONE', #414, #1784, #6607, .T. ) ;
#7500 = ADVANCED_FACE ( 'NONE', ( #5262 ), #8357, .F. ) ;
#7501 = EDGE_CURVE ( 'NONE', #4022, #5767, #1247, .T. ) ;
#7502 = EDGE_LOOP ( 'NONE', ( #7955, #5729, #978, #5452 ) ) ;
#7503 = ORIENTED_EDGE ( 'NONE', *, *, #3129, .F. ) ;
#7504 = DIRECTION ( 'NONE',  ( 1.000000000000000000, 0.000000000000000000, 0.000000000000000000 ) ) ;
#7505 = VECTOR ( 'NONE', #7677, 1000.000000000000000 ) ;
#7506 = LINE ( 'NONE', #2158, #83 ) ;
#7507 = DIRECTION ( 'NONE',  ( -1.000000000000000000, 0.000000000000000000, -0.000000000000000000 ) ) ;
#7508 = ORIENTED_EDGE ( 'NONE', *, *, #6535, .F. ) ;
#7509 = ORIENTED_EDGE ( 'NONE', *, *, #1910, .T. ) ;
#7510 = CARTESIAN_POINT ( 'NONE',  ( 0.7749999999999854783, 0.05000000000000012768, 0.7750000000000004663 ) ) ;
#7511 = LINE ( 'NONE', #5403, #4066 ) ;
#7512 = VERTEX_POINT ( 'NONE', #4343 ) ;
#7513 = VECTOR ( 'NONE', #4312, 1000.000000000000000 ) ;
#7514 = EDGE_CURVE ( 'NONE', #3682, #7265, #3596, .T. ) ;
#7515 = AXIS2_PLACEMENT_3D ( 'NONE', #5745, #8127, #7978 ) ;
#7516 = DIRECTION ( 'NONE',  ( 1.000000000000000000, -0.000000000000000000, -0.000000000000000000 ) ) ;
#7517 = CARTESIAN_POINT ( 'NONE',  ( -0.07999999999999944655, 0.05000000000000012768, 0.7550000000000000044 ) ) ;
#7518 = DIRECTION ( 'NONE',  ( 0.000000000000000000, 1.000000000000000000, -0.000000000000000000 ) ) ;
#7519 = ORIENTED_EDGE ( 'NONE', *, *, #1945, .T. ) ;
#7520 = DIRECTION ( 'NONE',  ( -0.000000000000000000, -1.000000000000000000, -0.000000000000000000 ) ) ;
#7521 = LINE ( 'NONE', #5908, #6283 ) ;
#7522 = VERTEX_POINT ( 'NONE', #7426 ) ;
#7523 = DIRECTION ( 'NONE',  ( 1.000000000000000000, 0.000000000000000000, -0.000000000000000000 ) ) ;
#7524 = ORIENTED_EDGE ( 'NONE', *, *, #1498, .T. ) ;
#7525 = VERTEX_POINT ( 'NONE', #501 ) ;
#7526 = PRESENTATION_LAYER_ASSIGNMENT (  '', '', ( #1878 ) ) ;
#7527 = VERTEX_POINT ( 'NONE', #5820 ) ;
#7528 = CARTESIAN_POINT ( 'NONE',  ( 0.3750000000000037748, 0.06999999999999975686, 0.6500000000000003553 ) ) ;
#7530 = AXIS2_PLACEMENT_3D ( 'NONE', #6410, #4945, #1053 ) ;
#7529 = DIRECTION ( 'NONE',  ( -1.000000000000000000, -0.000000000000000000, -0.000000000000000000 ) ) ;
#7531 = EDGE_CURVE ( 'NONE', #1223, #4869, #8897, .T. ) ;
#7532 = DIRECTION ( 'NONE',  ( -0.000000000000000000, 0.000000000000000000, 1.000000000000000000 ) ) ;
#7533 = LINE ( 'NONE', #7585, #7080 ) ;
#7534 = DIRECTION ( 'NONE',  ( 0.000000000000000000, 1.000000000000000000, 0.000000000000000000 ) ) ;
#7535 = EDGE_LOOP ( 'NONE', ( #5943, #3697, #2334, #1442 ) ) ;
#7536 = DIRECTION ( 'NONE',  ( -0.000000000000000000, -1.000000000000000000, -0.000000000000000000 ) ) ;
#7537 = EDGE_LOOP ( 'NONE', ( #1307, #1982, #8815, #4353 ) ) ;
#7538 = ORIENTED_EDGE ( 'NONE', *, *, #807, .F. ) ;
#7539 = VECTOR ( 'NONE', #3608, 1000.000000000000000 ) ;
#7540 = DIRECTION ( 'NONE',  ( 1.000000000000000000, -0.000000000000000000, -0.000000000000000000 ) ) ;
#7541 = FACE_OUTER_BOUND ( 'NONE', #6555, .T. ) ;
#7542 = DIRECTION ( 'NONE',  ( 0.000000000000000000, 0.000000000000000000, 1.000000000000000000 ) ) ;
#7543 = VECTOR ( 'NONE', #7516, 1000.000000000000000 ) ;
#7544 = DIRECTION ( 'NONE',  ( -0.000000000000000000, -1.000000000000000000, -0.000000000000000000 ) ) ;
#7546 = EDGE_LOOP ( 'NONE', ( #3159, #5290, #9947, #1418 ) ) ;
#7545 = CARTESIAN_POINT ( 'NONE',  ( -0.02500000000000006384, 0.06999999999999975686, 0.2000000000000003164 ) ) ;
#7547 = ORIENTED_EDGE ( 'NONE', *, *, #3237, .F. ) ;
#7548 = PLANE ( 'NONE',  #8876 ) ;
#7549 = FACE_OUTER_BOUND ( 'NONE', #4286, .T. ) ;
#7550 = ORIENTED_EDGE ( 'NONE', *, *, #8588, .T. ) ;
#7551 = CARTESIAN_POINT ( 'NONE',  ( -0.3750000000000037748, 0.1199999999999999956, -1.000000000000000222 ) ) ;
#7552 = EDGE_LOOP ( 'NONE', ( #4147, #8314, #5032, #5942 ) ) ;
#7553 = PLANE ( 'NONE',  #7707 ) ;
#7554 = VECTOR ( 'NONE', #2639, 1000.000000000000000 ) ;
#7555 = ADVANCED_FACE ( 'NONE', ( #1974 ), #5056, .F. ) ;
#7556 = CARTESIAN_POINT ( 'NONE',  ( -0.7749999999999953593, 0.05000000000000012768, -0.3250000000000000666 ) ) ;
#7557 = CARTESIAN_POINT ( 'NONE',  ( 0.4999999999999997780, 0.000000000000000000, 0.4799999999999998712 ) ) ;
#7558 =( NAMED_UNIT ( * ) PLANE_ANGLE_UNIT ( ) SI_UNIT ( $, .RADIAN. ) );
#7559 = ORIENTED_EDGE ( 'NONE', *, *, #2916, .F. ) ;
#7560 = ORIENTED_EDGE ( 'NONE', *, *, #4171, .T. ) ;
#7561 = DIRECTION ( 'NONE',  ( 0.000000000000000000, 0.000000000000000000, 1.000000000000000000 ) ) ;
#7562 = AXIS2_PLACEMENT_3D ( 'NONE', #257, #4044, #354 ) ;
#7563 = FACE_OUTER_BOUND ( 'NONE', #5404, .T. ) ;
#7564 = CARTESIAN_POINT ( 'NONE',  ( -0.9149999999999999245, 0.05000000000000012768, -0.5749999999999999556 ) ) ;
#7566 = ORIENTED_EDGE ( 'NONE', *, *, #671, .F. ) ;
#7565 = VECTOR ( 'NONE', #7993, 1000.000000000000000 ) ;
#7567 = CARTESIAN_POINT ( 'NONE',  ( -0.9350000000000000533, 0.05000000000000012768, -0.7549999999999998934 ) ) ;
#7568 = VECTOR ( 'NONE', #7408, 1000.000000000000000 ) ;
#7569 = AXIS2_PLACEMENT_3D ( 'NONE', #7936, #1004, #1820 ) ;
#7570 = EDGE_CURVE ( 'NONE', #7180, #2813, #8463, .T. ) ;
#7571 = ADVANCED_FACE ( 'NONE', ( #858 ), #8513, .T. ) ;
#7572 = LINE ( 'NONE', #4639, #318 ) ;
#7573 = FACE_OUTER_BOUND ( 'NONE', #2442, .T. ) ;
#7574 = ORIENTED_EDGE ( 'NONE', *, *, #7486, .F. ) ;
#7575 = DIRECTION ( 'NONE',  ( 1.000000000000000000, -0.000000000000000000, -0.000000000000000000 ) ) ;
#7576 = DIRECTION ( 'NONE',  ( -0.000000000000000000, 0.000000000000000000, 1.000000000000000000 ) ) ;
#7577 = ORIENTED_EDGE ( 'NONE', *, *, #2033, .T. ) ;
#7579 = EDGE_LOOP ( 'NONE', ( #965, #6750, #6170, #5683 ) ) ;
#7578 = VECTOR ( 'NONE', #379, 1000.000000000000000 ) ;
#7580 = EDGE_LOOP ( 'NONE', ( #7041, #4600, #3168, #4645 ) ) ;
#7581 = ORIENTED_EDGE ( 'NONE', *, *, #2450, .T. ) ;
#7582 = FILL_AREA_STYLE ('',( #4501 ) ) ;
#7583 = DIRECTION ( 'NONE',  ( -7.744301232039333445E-16, 0.000000000000000000, -1.000000000000000000 ) ) ;
#7584 = CARTESIAN_POINT ( 'NONE',  ( 0.9149999999999999245, 0.05000000000000012768, -0.5749999999999997335 ) ) ;
#7585 = CARTESIAN_POINT ( 'NONE',  ( -0.3750000000000037748, 0.06999999999999975686, -0.2500000000000000000 ) ) ;
#7586 = LINE ( 'NONE', #714, #3438 ) ;
#7587 = ORIENTED_EDGE ( 'NONE', *, *, #1449, .F. ) ;
#7588 = CARTESIAN_POINT ( 'NONE',  ( -0.3750000000000037748, 0.06999999999999975686, -0.7000000000000000666 ) ) ;
#7589 = VERTEX_POINT ( 'NONE', #6876 ) ;
#7590 = ORIENTED_EDGE ( 'NONE', *, *, #6343, .F. ) ;
#7591 = CARTESIAN_POINT ( 'NONE',  ( 1.000000000000000222, 0.06999999999999985401, 0.6500000000000003553 ) ) ;
#7592 = ADVANCED_FACE ( 'NONE', ( #6128 ), #7027, .F. ) ;
#7593 = DIRECTION ( 'NONE',  ( 0.000000000000000000, 0.000000000000000000, -1.000000000000000000 ) ) ;
#7594 = LINE ( 'NONE', #9915, #3036 ) ;
#7595 = CARTESIAN_POINT ( 'NONE',  ( -0.4250000000000039302, 0.06999999999999986788, -1.000000000000000222 ) ) ;
#7596 = DIRECTION ( 'NONE',  ( -0.000000000000000000, 1.000000000000000000, -0.000000000000000000 ) ) ;
#7597 = DIRECTION ( 'NONE',  ( -1.355252715606883304E-15, 0.000000000000000000, -1.000000000000000000 ) ) ;
#7598 = AXIS2_PLACEMENT_3D ( 'NONE', #6946, #8478, #3969 ) ;
#7599 = CARTESIAN_POINT ( 'NONE',  ( 0.5000000000000006661, 0.000000000000000000, 0.7749999999999998002 ) ) ;
#7600 = ORIENTED_EDGE ( 'NONE', *, *, #383, .T. ) ;
#7601 = VERTEX_POINT ( 'NONE', #7835 ) ;
#7602 = DIRECTION ( 'NONE',  ( -0.000000000000000000, -1.000000000000000000, -0.000000000000000000 ) ) ;
#7603 = EDGE_LOOP ( 'NONE', ( #4564, #6751, #1454, #1278 ) ) ;
#7604 = ORIENTED_EDGE ( 'NONE', *, *, #8176, .T. ) ;
#7605 = EDGE_CURVE ( 'NONE', #7495, #5898, #9164, .T. ) ;
#7606 = EDGE_CURVE ( 'NONE', #1543, #3682, #18, .T. ) ;
#7607 = CARTESIAN_POINT ( 'NONE',  ( 0.02500000000000006384, 0.06999999999999986788, -1.000000000000000222 ) ) ;
#7608 = CARTESIAN_POINT ( 'NONE',  ( 0.4799999999999998157, 0.05000000000000012768, 0.4800000000000000377 ) ) ;
#7609 = ORIENTED_EDGE ( 'NONE', *, *, #2630, .T. ) ;
#7610 = VERTEX_POINT ( 'NONE', #8609 ) ;
#7612 = VECTOR ( 'NONE', #3617, 1000.000000000000000 ) ;
#7611 = LINE ( 'NONE', #3937, #4681 ) ;
#7613 = CARTESIAN_POINT ( 'NONE',  ( 0.4250000000000039302, 0.06999999999999986788, -1.000000000000000222 ) ) ;
#7614 = DIRECTION ( 'NONE',  ( -0.000000000000000000, -1.000000000000000000, -0.000000000000000000 ) ) ;
#7615 = ORIENTED_EDGE ( 'NONE', *, *, #5986, .F. ) ;
#7616 = ORIENTED_EDGE ( 'NONE', *, *, #829, .T. ) ;
#7617 = EDGE_CURVE ( 'NONE', #1663, #136, #6927, .T. ) ;
#7618 = LINE ( 'NONE', #3128, #1725 ) ;
#7619 = VECTOR ( 'NONE', #7544, 1000.000000000000000 ) ;
#7620 = AXIS2_PLACEMENT_3D ( 'NONE', #4960, #1115, #7284 ) ;
#7621 = CARTESIAN_POINT ( 'NONE',  ( 1.000000000000000222, 0.06999999999999975686, -0.1999999999999998723 ) ) ;
#7622 = CYLINDRICAL_SURFACE ( 'NONE', #1260, 0.02000000000000005246 ) ;
#7623 = CARTESIAN_POINT ( 'NONE',  ( 0.7550000000000000044, 0.000000000000000000, -0.5949999999999999734 ) ) ;
#7624 = EDGE_LOOP ( 'NONE', ( #5258, #5601, #6653, #6883, #8794, #3574, #6818, #6951 ) ) ;
#7625 = PLANE ( 'NONE',  #5573 ) ;
#7626 = CARTESIAN_POINT ( 'NONE',  ( -0.3750000000000037748, 0.1199999999999999956, -0.6500000000000000222 ) ) ;
#7627 = ORIENTED_EDGE ( 'NONE', *, *, #6058, .F. ) ;
#7628 = VECTOR ( 'NONE', #6807, 1000.000000000000000 ) ;
#7629 = VECTOR ( 'NONE', #351, 1000.000000000000000 ) ;
#7630 = ORIENTED_EDGE ( 'NONE', *, *, #890, .T. ) ;
#7631 = VERTEX_POINT ( 'NONE', #5512 ) ;
#7632 = EDGE_CURVE ( 'NONE', #2991, #5885, #7739, .T. ) ;
#7633 = ORIENTED_EDGE ( 'NONE', *, *, #5590, .F. ) ;
#7634 = ADVANCED_FACE ( 'NONE', ( #1666 ), #2229, .F. ) ;
#7635 = LINE ( 'NONE', #5259, #6556 ) ;
#7636 = VECTOR ( 'NONE', #2000, 1000.000000000000000 ) ;
#7637 = DIRECTION ( 'NONE',  ( -1.000000000000000000, 0.000000000000000000, 0.000000000000000000 ) ) ;
#7638 = CARTESIAN_POINT ( 'NONE',  ( 0.4799999999999996492, 0.000000000000000000, -0.5000000000000000000 ) ) ;
#7639 = CARTESIAN_POINT ( 'NONE',  ( 0.02500000000000006384, 0.1199999999999999956, -1.000000000000000222 ) ) ;
#7640 = FACE_OUTER_BOUND ( 'NONE', #8936, .T. ) ;
#7641 = LINE ( 'NONE', #5466, #8455 ) ;
#7642 = EDGE_LOOP ( 'NONE', ( #1570, #7538, #1323, #9239 ) ) ;
#7643 = LINE ( 'NONE', #3715, #3245 ) ;
#7644 = ORIENTED_EDGE ( 'NONE', *, *, #5303, .F. ) ;
#7645 = ORIENTED_EDGE ( 'NONE', *, *, #7737, .F. ) ;
#7646 = ADVANCED_FACE ( 'NONE', ( #2281 ), #67, .T. ) ;
#7647 = CARTESIAN_POINT ( 'NONE',  ( 0.09999999999999993616, 0.000000000000000000, -0.9149999999999997025 ) ) ;
#7648 = DIRECTION ( 'NONE',  ( 0.000000000000000000, -1.000000000000000000, 0.000000000000000000 ) ) ;
#7649 = DIRECTION ( 'NONE',  ( 0.000000000000000000, 0.000000000000000000, -1.000000000000000000 ) ) ;
#7650 = LINE ( 'NONE', #9919, #7487 ) ;
#7651 = EDGE_CURVE ( 'NONE', #9375, #3792, #113, .T. ) ;
#7652 = CARTESIAN_POINT ( 'NONE',  ( 0.3750000000000037748, 0.06999999999999975686, 0.7000000000000005107 ) ) ;
#7654 = EDGE_LOOP ( 'NONE', ( #3023, #2057, #2164, #4089 ) ) ;
#7653 = DIRECTION ( 'NONE',  ( 0.000000000000000000, 1.000000000000000000, 0.000000000000000000 ) ) ;
#7655 = VERTEX_POINT ( 'NONE', #7638 ) ;
#7656 = DIRECTION ( 'NONE',  ( -1.000000000000000000, 0.000000000000000000, 0.000000000000000000 ) ) ;
#7657 = ORIENTED_EDGE ( 'NONE', *, *, #543, .F. ) ;
#7658 = VECTOR ( 'NONE', #4826, 1000.000000000000000 ) ;
#7659 = ORIENTED_EDGE ( 'NONE', *, *, #4187, .F. ) ;
#7660 = LINE ( 'NONE', #3115, #6386 ) ;
#7661 = VECTOR ( 'NONE', #9831, 1000.000000000000000 ) ;
#7662 = LINE ( 'NONE', #2972, #5876 ) ;
#7663 = EDGE_CURVE ( 'NONE', #1828, #5740, #9267, .T. ) ;
#7664 = ORIENTED_EDGE ( 'NONE', *, *, #1673, .T. ) ;
#7665 = ORIENTED_EDGE ( 'NONE', *, *, #8522, .T. ) ;
#7666 = CARTESIAN_POINT ( 'NONE',  ( 1.000000000000000222, 0.06999999999999975686, -0.6500000000000000222 ) ) ;
#7667 = DIRECTION ( 'NONE',  ( -0.000000000000000000, -1.000000000000000000, -0.000000000000000000 ) ) ;
#7668 = DIRECTION ( 'NONE',  ( 0.000000000000000000, 0.000000000000000000, -1.000000000000000000 ) ) ;
#7669 = VERTEX_POINT ( 'NONE', #1561 ) ;
#7670 = VECTOR ( 'NONE', #7185, 1000.000000000000000 ) ;
#7671 = DIRECTION ( 'NONE',  ( 1.000000000000000000, -0.000000000000000000, -0.000000000000000000 ) ) ;
#7672 =( LENGTH_UNIT ( ) NAMED_UNIT ( * ) SI_UNIT ( .MILLI., .METRE. ) );
#7673 = CIRCLE ( 'NONE', #7183, 0.02000000000000005246 ) ;
#7674 = EDGE_CURVE ( 'NONE', #8771, #8222, #5953, .T. ) ;
#7675 = DIRECTION ( 'NONE',  ( 0.000000000000000000, -0.000000000000000000, 1.000000000000000000 ) ) ;
#7676 = ORIENTED_EDGE ( 'NONE', *, *, #3405, .T. ) ;
#7677 = DIRECTION ( 'NONE',  ( 1.000000000000000000, -0.000000000000000000, -0.000000000000000000 ) ) ;
#7678 = CARTESIAN_POINT ( 'NONE',  ( -0.9149999999999905986, 0.000000000000000000, 0.1449999999999999345 ) ) ;
#7679 = ORIENTED_EDGE ( 'NONE', *, *, #252, .F. ) ;
#7680 = ORIENTED_EDGE ( 'NONE', *, *, #2697, .F. ) ;
#7681 = ORIENTED_EDGE ( 'NONE', *, *, #499, .T. ) ;
#7682 = DIRECTION ( 'NONE',  ( 0.000000000000000000, 1.000000000000000000, 0.000000000000000000 ) ) ;
#7683 = AXIS2_PLACEMENT_3D ( 'NONE', #4669, #7755, #825 ) ;
#7684 = DIRECTION ( 'NONE',  ( 1.000000000000000000, -0.000000000000000000, -0.000000000000000000 ) ) ;
#7685 = ADVANCED_FACE ( 'NONE', ( #3141 ), #6223, .T. ) ;
#7686 = CARTESIAN_POINT ( 'NONE',  ( -0.02500000000000006384, 0.1199999999999999956, -1.000000000000000222 ) ) ;
#7687 = ADVANCED_FACE ( 'NONE', ( #9357 ), #3855, .F. ) ;
#7688 = CARTESIAN_POINT ( 'NONE',  ( -0.4250000000000039302, 0.06999999999999975686, -0.1999999999999998723 ) ) ;
#7689 = LINE ( 'NONE', #8571, #9261 ) ;
#7690 = ORIENTED_EDGE ( 'NONE', *, *, #8779, .T. ) ;
#7691 = LINE ( 'NONE', #3859, #2759 ) ;
#7692 = ORIENTED_EDGE ( 'NONE', *, *, #54, .T. ) ;
#7693 = ORIENTED_EDGE ( 'NONE', *, *, #9028, .T. ) ;
#7694 = VECTOR ( 'NONE', #1139, 1000.000000000000000 ) ;
#7695 = CARTESIAN_POINT ( 'NONE',  ( -0.3750000000000037748, 0.06999999999999975686, 0.2000000000000003164 ) ) ;
#7696 = EDGE_CURVE ( 'NONE', #170, #3543, #1619, .T. ) ;
#7697 = EDGE_CURVE ( 'NONE', #536, #9932, #8841, .T. ) ;
#7698 = CARTESIAN_POINT ( 'NONE',  ( -0.9999999999999997780, 0.5999999999999999778, 0.9999999999999997780 ) ) ;
#7699 = EDGE_CURVE ( 'NONE', #5895, #220, #4901, .T. ) ;
#7700 = CARTESIAN_POINT ( 'NONE',  ( -0.9149999999999952616, 0.05000000000000012768, -0.3250000000000000666 ) ) ;
#7702 = VERTEX_POINT ( 'NONE', #4946 ) ;
#7701 = DIRECTION ( 'NONE',  ( 0.000000000000000000, 0.000000000000000000, -1.000000000000000000 ) ) ;
#7703 = LINE ( 'NONE', #874, #2750 ) ;
#7704 = CARTESIAN_POINT ( 'NONE',  ( -0.9999999999999997780, 0.1199999999999999956, -0.1999999999999998723 ) ) ;
#7705 = LINE ( 'NONE', #3874, #9709 ) ;
#7706 = ORIENTED_EDGE ( 'NONE', *, *, #2, .F. ) ;
#7707 = AXIS2_PLACEMENT_3D ( 'NONE', #4370, #636, #3621 ) ;
#7708 = ORIENTED_EDGE ( 'NONE', *, *, #1424, .F. ) ;
#7709 =( NAMED_UNIT ( * ) PLANE_ANGLE_UNIT ( ) SI_UNIT ( $, .RADIAN. ) );
#7710 = CARTESIAN_POINT ( 'NONE',  ( 0.7749999999999854783, 0.000000000000000000, 0.5950000000000005285 ) ) ;
#7711 = AXIS2_PLACEMENT_3D ( 'NONE', #6654, #5313, #8353 ) ;
#7712 = PLANE ( 'NONE',  #5785 ) ;
#7713 = CARTESIAN_POINT ( 'NONE',  ( -0.4250000000000039302, 0.06999999999999975686, -0.1999999999999998723 ) ) ;
#7714 = SURFACE_STYLE_USAGE ( .BOTH. , #5345 ) ;
#7715 = VERTEX_POINT ( 'NONE', #6364 ) ;
#7716 = VERTEX_POINT ( 'NONE', #7267 ) ;
#7717 = LINE ( 'NONE', #2976, #3885 ) ;
#7718 = CARTESIAN_POINT ( 'NONE',  ( 0.9349999999999853983, 0.05000000000000012768, 0.5950000000000005285 ) ) ;
#7719 = DIRECTION ( 'NONE',  ( -1.000000000000000000, 0.000000000000000000, 0.000000000000000000 ) ) ;
#7720 = EDGE_LOOP ( 'NONE', ( #9210, #3404, #8653, #6711, #4226, #5182, #6100, #7167 ) ) ;
#7721 = VECTOR ( 'NONE', #5583, 1000.000000000000000 ) ;
#7722 = EDGE_CURVE ( 'NONE', #6523, #2897, #6505, .T. ) ;
#7723 = DIRECTION ( 'NONE',  ( 0.000000000000000000, 1.000000000000000000, -0.000000000000000000 ) ) ;
#7724 = EDGE_CURVE ( 'NONE', #8627, #7498, #9498, .T. ) ;
#7725 = AXIS2_PLACEMENT_3D ( 'NONE', #2863, #7348, #8233 ) ;
#7727 = VECTOR ( 'NONE', #8421, 1000.000000000000000 ) ;
#7726 = DIRECTION ( 'NONE',  ( 0.000000000000000000, 0.000000000000000000, -1.000000000000000000 ) ) ;
#7728 = DIRECTION ( 'NONE',  ( -1.000000000000000000, 0.000000000000000000, 0.000000000000000000 ) ) ;
#7729 = ORIENTED_EDGE ( 'NONE', *, *, #9853, .T. ) ;
#7730 = CARTESIAN_POINT ( 'NONE',  ( -0.02500000000000006384, 0.06999999999999975686, -0.1999999999999998723 ) ) ;
#7731 = DIRECTION ( 'NONE',  ( -0.000000000000000000, 1.000000000000000000, -0.000000000000000000 ) ) ;
#7732 = ORIENTED_EDGE ( 'NONE', *, *, #1193, .F. ) ;
#7733 = EDGE_LOOP ( 'NONE', ( #1066, #9425, #437, #63 ) ) ;
#7734 = ORIENTED_EDGE ( 'NONE', *, *, #2492, .F. ) ;
#7735 = AXIS2_PLACEMENT_3D ( 'NONE', #1344, #1237, #8149 ) ;
#7736 = EDGE_CURVE ( 'NONE', #9818, #7610, #2617, .T. ) ;
#7737 = EDGE_CURVE ( 'NONE', #6013, #9207, #2523, .T. ) ;
#7738 = PLANE ( 'NONE',  #1071 ) ;
#7739 = LINE ( 'NONE', #9904, #147 ) ;
#7740 = DIRECTION ( 'NONE',  ( -0.000000000000000000, 0.000000000000000000, -1.000000000000000000 ) ) ;
#7742 = FACE_OUTER_BOUND ( 'NONE', #2446, .T. ) ;
#7741 = AXIS2_PLACEMENT_3D ( 'NONE', #9091, #2162, #1280 ) ;
#7743 = VECTOR ( 'NONE', #1396, 1000.000000000000000 ) ;
#7744 = PLANE ( 'NONE',  #852 ) ;
#7745 = VERTEX_POINT ( 'NONE', #5664 ) ;
#7746 = FACE_OUTER_BOUND ( 'NONE', #8559, .T. ) ;
#7747 = ORIENTED_EDGE ( 'NONE', *, *, #2, .T. ) ;
#7748 = VERTEX_POINT ( 'NONE', #2666 ) ;
#7749 = EDGE_CURVE ( 'NONE', #2174, #6293, #6459, .T. ) ;
#7750 = VECTOR ( 'NONE', #5741, 1000.000000000000000 ) ;
#7751 = LINE ( 'NONE', #5472, #1380 ) ;
#7752 = CARTESIAN_POINT ( 'NONE',  ( 0.4250000000000039302, 0.1199999999999999956, -1.000000000000000222 ) ) ;
#7753 = PLANE ( 'NONE',  #5244 ) ;
#7754 = CARTESIAN_POINT ( 'NONE',  ( -0.9349999999999858424, 0.05000000000000012768, 0.5950000000000000844 ) ) ;
#7756 = ORIENTED_EDGE ( 'NONE', *, *, #1073, .T. ) ;
#7755 = DIRECTION ( 'NONE',  ( -0.000000000000000000, -1.000000000000000000, -0.000000000000000000 ) ) ;
#7757 = CARTESIAN_POINT ( 'NONE',  ( 0.3750000000000037748, 0.06999999999999975686, -0.2500000000000000000 ) ) ;
#7758 = CARTESIAN_POINT ( 'NONE',  ( -0.02500000000000006384, 0.1199999999999999956, -1.000000000000000222 ) ) ;
#7759 = VERTEX_POINT ( 'NONE', #3337 ) ;
#7760 = ADVANCED_FACE ( 'NONE', ( #1917 ), #1054, .T. ) ;
#7761 = ADVANCED_FACE ( 'NONE', ( #4801 ), #7173, .F. ) ;
#7762 = CARTESIAN_POINT ( 'NONE',  ( -0.02500000000000006384, 0.1199999999999999956, -0.6500000000000000222 ) ) ;
#7763 = LINE ( 'NONE', #88, #1514 ) ;
#7764 = CARTESIAN_POINT ( 'NONE',  ( 0.02500000000000006384, 0.06999999999999975686, 0.2000000000000003164 ) ) ;
#7765 = ORIENTED_EDGE ( 'NONE', *, *, #3312, .T. ) ;
#7766 = DIRECTION ( 'NONE',  ( -0.000000000000000000, -1.000000000000000000, -0.000000000000000000 ) ) ;
#7767 = DIRECTION ( 'NONE',  ( -1.000000000000000000, 0.000000000000000000, -0.000000000000000000 ) ) ;
#7768 = LINE ( 'NONE', #5546, #5191 ) ;
#7769 = VECTOR ( 'NONE', #4718, 1000.000000000000000 ) ;
#7770 = EDGE_CURVE ( 'NONE', #8022, #804, #6317, .T. ) ;
#7771 = CARTESIAN_POINT ( 'NONE',  ( -0.9999999999999997780, 0.06999999999999985401, -0.2500000000000000000 ) ) ;
#7772 = DIRECTION ( 'NONE',  ( -0.000000000000000000, -0.000000000000000000, -1.000000000000000000 ) ) ;
#7773 = DIRECTION ( 'NONE',  ( 0.000000000000000000, -0.000000000000000000, 1.000000000000000000 ) ) ;
#7774 = CARTESIAN_POINT ( 'NONE',  ( -0.3750000000000037748, 0.1199999999999999956, -1.000000000000000222 ) ) ;
#7775 = CARTESIAN_POINT ( 'NONE',  ( 0.02500000000000006384, 0.06999999999999986788, 0.9999999999999997780 ) ) ;
#7776 = VERTEX_POINT ( 'NONE', #5708 ) ;
#7777 = DIRECTION ( 'NONE',  ( -0.000000000000000000, -1.000000000000000000, -0.000000000000000000 ) ) ;
#7778 = EDGE_CURVE ( 'NONE', #603, #3754, #4994, .T. ) ;
#7779 = DIRECTION ( 'NONE',  ( 0.000000000000000000, 1.000000000000000000, 0.000000000000000000 ) ) ;
#7780 = VERTEX_POINT ( 'NONE', #7884 ) ;
#7781 = UNCERTAINTY_MEASURE_WITH_UNIT (LENGTH_MEASURE( 1.000000000000000082E-05 ), #3887, 'distance_accuracy_value', 'NONE');
#7782 = ORIENTED_EDGE ( 'NONE', *, *, #8828, .T. ) ;
#7783 = EDGE_LOOP ( 'NONE', ( #5851, #5270, #4425, #366 ) ) ;
#7784 = CARTESIAN_POINT ( 'NONE',  ( -0.9999999999999997780, 0.06999999999999975686, -0.1999999999999998723 ) ) ;
#7785 = PLANE ( 'NONE',  #6537 ) ;
#7786 = CARTESIAN_POINT ( 'NONE',  ( 0.4250000000000039302, 0.1199999999999999956, -1.000000000000000222 ) ) ;
#7787 = VERTEX_POINT ( 'NONE', #8754 ) ;
#7789 = AXIS2_PLACEMENT_3D ( 'NONE', #1426, #1315, #3666 ) ;
#7788 = PLANE ( 'NONE',  #4274 ) ;
#7790 = VECTOR ( 'NONE', #4026, 1000.000000000000000 ) ;
#7791 = DIRECTION ( 'NONE',  ( -0.000000000000000000, 0.000000000000000000, 1.000000000000000000 ) ) ;
#7792 = DIRECTION ( 'NONE',  ( 0.000000000000000000, 0.000000000000000000, 1.000000000000000000 ) ) ;
#7793 = VERTEX_POINT ( 'NONE', #8041 ) ;
#7794 = EDGE_CURVE ( 'NONE', #220, #3282, #8396, .T. ) ;
#7795 = CARTESIAN_POINT ( 'NONE',  ( 0.9349999999999950573, 0.05000000000000012768, -0.1449999999999998512 ) ) ;
#7796 = VERTEX_POINT ( 'NONE', #1096 ) ;
#7797 = AXIS2_PLACEMENT_3D ( 'NONE', #4451, #7534, #6027 ) ;
#7798 =( GEOMETRIC_REPRESENTATION_CONTEXT ( 3 ) GLOBAL_UNCERTAINTY_ASSIGNED_CONTEXT ( ( #4847 ) ) GLOBAL_UNIT_ASSIGNED_CONTEXT ( ( #6814, #1453, #8504 ) ) REPRESENTATION_CONTEXT ( 'NONE', 'WORKASPACE' ) );
#7799 = DIRECTION ( 'NONE',  ( 0.000000000000000000, 0.000000000000000000, -1.000000000000000000 ) ) ;
#7800 = LINE ( 'NONE', #4005, #937 ) ;
#7801 = CARTESIAN_POINT ( 'NONE',  ( 0.3750000000000037748, 0.1199999999999999956, -1.000000000000000222 ) ) ;
#7802 = CARTESIAN_POINT ( 'NONE',  ( 0.4999999999999997780, 0.000000000000000000, -0.4799999999999998712 ) ) ;
#7803 = ORIENTED_EDGE ( 'NONE', *, *, #4118, .T. ) ;
#7804 = ADVANCED_FACE ( 'NONE', ( #9398 ), #2476, .F. ) ;
#7805 = CARTESIAN_POINT ( 'NONE',  ( -0.09999999999999942268, 0.05000000000000012768, 0.9149999999999999245 ) ) ;
#7806 = PLANE ( 'NONE',  #9401 ) ;
#7807 = VERTEX_POINT ( 'NONE', #4042 ) ;
#7808 = ORIENTED_EDGE ( 'NONE', *, *, #569, .T. ) ;
#7809 = ORIENTED_EDGE ( 'NONE', *, *, #586, .T. ) ;
#7810 = DIRECTION ( 'NONE',  ( 0.000000000000000000, 0.000000000000000000, 1.000000000000000000 ) ) ;
#7811 = CARTESIAN_POINT ( 'NONE',  ( -0.9149999999999999245, 0.05000000000000012768, -0.7750000000000001332 ) ) ;
#7812 = CARTESIAN_POINT ( 'NONE',  ( 0.000000000000000000, 0.5999999999999999778, 0.000000000000000000 ) ) ;
#7813 = CARTESIAN_POINT ( 'NONE',  ( 0.3200000000000007838, 0.05000000000000012768, 0.9349999999999998312 ) ) ;
#7814 = ORIENTED_EDGE ( 'NONE', *, *, #4417, .T. ) ;
#7815 = EDGE_CURVE ( 'NONE', #5238, #6255, #7121, .T. ) ;
#7816 = EDGE_CURVE ( 'NONE', #3182, #344, #8720, .T. ) ;
#7817 = DIRECTION ( 'NONE',  ( 0.000000000000000000, 0.000000000000000000, -1.000000000000000000 ) ) ;
#7818 = CARTESIAN_POINT ( 'NONE',  ( -0.02500000000000006384, 0.1199999999999999956, -0.6500000000000000222 ) ) ;
#7819 = CARTESIAN_POINT ( 'NONE',  ( 0.3200000000000000622, 0.000000000000000000, -0.7549999999999997824 ) ) ;
#7820 = VECTOR ( 'NONE', #9869, 1000.000000000000000 ) ;
#7821 = DIRECTION ( 'NONE',  ( 1.000000000000000000, 0.000000000000000000, 0.000000000000000000 ) ) ;
#7822 = CARTESIAN_POINT ( 'NONE',  ( -0.02500000000000006384, 0.06999999999999975686, 0.2500000000000004441 ) ) ;
#7823 = EDGE_CURVE ( 'NONE', #2951, #2036, #3852, .T. ) ;
#7824 = ORIENTED_EDGE ( 'NONE', *, *, #8693, .F. ) ;
#7825 = DIRECTION ( 'NONE',  ( -1.000000000000000000, 0.000000000000000000, 0.000000000000000000 ) ) ;
#7826 = ADVANCED_FACE ( 'NONE', ( #2819 ), #4280, .F. ) ;
#7827 = CARTESIAN_POINT ( 'NONE',  ( -0.9999999999999997780, 0.06999999999999975686, -0.1999999999999998723 ) ) ;
#7828 = ORIENTED_EDGE ( 'NONE', *, *, #7138, .T. ) ;
#7829 = AXIS2_PLACEMENT_3D ( 'NONE', #3399, #3447, #4107 ) ;
#7830 = EDGE_LOOP ( 'NONE', ( #7273, #9070, #2883, #9754 ) ) ;
#7831 = CARTESIAN_POINT ( 'NONE',  ( -0.4250000000000039302, 0.06999999999999986788, -1.000000000000000222 ) ) ;
#7832 = EDGE_CURVE ( 'NONE', #7457, #5170, #8940, .T. ) ;
#7833 = VECTOR ( 'NONE', #5813, 1000.000000000000000 ) ;
#7834 = LINE ( 'NONE', #3951, #6408 ) ;
#7835 = CARTESIAN_POINT ( 'NONE',  ( -0.5000000000000102141, 0.000000000000000000, 0.9149999999999983702 ) ) ;
#7836 = ORIENTED_EDGE ( 'NONE', *, *, #5222, .T. ) ;
#7837 = CARTESIAN_POINT ( 'NONE',  ( -0.3000000000000048184, 0.05000000000000012768, -0.9149999999999997025 ) ) ;
#7838 = DIRECTION ( 'NONE',  ( 1.000000000000000000, 0.000000000000000000, 0.000000000000000000 ) ) ;
#7839 = FACE_OUTER_BOUND ( 'NONE', #6641, .T. ) ;
#7840 = ORIENTED_EDGE ( 'NONE', *, *, #2492, .T. ) ;
#7841 = LINE ( 'NONE', #119, #5014 ) ;
#7842 = EDGE_LOOP ( 'NONE', ( #583, #2771, #7435, #462 ) ) ;
#7843 = AXIS2_PLACEMENT_3D ( 'NONE', #5655, #8971, #1164 ) ;
#7844 = CARTESIAN_POINT ( 'NONE',  ( -0.4250000000000039302, 0.1199999999999999956, -1.000000000000000222 ) ) ;
#7845 = EDGE_CURVE ( 'NONE', #3601, #5865, #9035, .T. ) ;
#7846 = CARTESIAN_POINT ( 'NONE',  ( -0.9349999999999906164, 0.000000000000000000, 0.1449999999999999345 ) ) ;
#7847 = LINE ( 'NONE', #77, #6216 ) ;
#7848 = LINE ( 'NONE', #4765, #50 ) ;
#7849 = VERTEX_POINT ( 'NONE', #594 ) ;
#7850 =( NAMED_UNIT ( * ) PLANE_ANGLE_UNIT ( ) SI_UNIT ( $, .RADIAN. ) );
#7851 = LINE ( 'NONE', #2488, #1003 ) ;
#7852 = VERTEX_POINT ( 'NONE', #8191 ) ;
#7853 = ORIENTED_EDGE ( 'NONE', *, *, #4454, .T. ) ;
#7854 = ORIENTED_EDGE ( 'NONE', *, *, #1563, .T. ) ;
#7855 = ORIENTED_EDGE ( 'NONE', *, *, #5536, .T. ) ;
#7856 = AXIS2_PLACEMENT_3D ( 'NONE', #8039, #2661, #9442 ) ;
#7857 = DIRECTION ( 'NONE',  ( -1.000000000000000000, 0.000000000000000000, 0.000000000000000000 ) ) ;
#7858 = LINE ( 'NONE', #3164, #4164 ) ;
#7859 = LINE ( 'NONE', #7102, #6207 ) ;
#7860 = FACE_OUTER_BOUND ( 'NONE', #2073, .T. ) ;
#7861 = AXIS2_PLACEMENT_3D ( 'NONE', #9584, #6399, #1854 ) ;
#7862 = ORIENTED_EDGE ( 'NONE', *, *, #2981, .T. ) ;
#7863 = DIRECTION ( 'NONE',  ( -0.000000000000000000, 0.000000000000000000, 1.000000000000000000 ) ) ;
#7864 = DIRECTION ( 'NONE',  ( 1.000000000000000000, 0.000000000000000000, -3.049318610115328497E-14 ) ) ;
#7865 = LINE ( 'NONE', #8595, #2291 ) ;
#7866 = DIRECTION ( 'NONE',  ( -0.000000000000000000, -1.000000000000000000, -0.000000000000000000 ) ) ;
#7867 = VECTOR ( 'NONE', #1949, 1000.000000000000000 ) ;
#7868 = LINE ( 'NONE', #891, #2674 ) ;
#7869 = CARTESIAN_POINT ( 'NONE',  ( 0.4250000000000039302, 0.1199999999999999956, -1.000000000000000222 ) ) ;
#7870 = CARTESIAN_POINT ( 'NONE',  ( 0.4250000000000039302, 0.1199999999999999956, -0.2500000000000000000 ) ) ;
#7871 = SURFACE_STYLE_FILL_AREA ( #196 ) ;
#7872 = EDGE_LOOP ( 'NONE', ( #2815, #999, #324, #9159 ) ) ;
#7873 = FACE_OUTER_BOUND ( 'NONE', #4023, .T. ) ;
#7874 = FACE_OUTER_BOUND ( 'NONE', #7733, .T. ) ;
#7876 = ORIENTED_EDGE ( 'NONE', *, *, #3379, .T. ) ;
#7875 = AXIS2_PLACEMENT_3D ( 'NONE', #3662, #6725, #2432 ) ;
#7877 = UNCERTAINTY_MEASURE_WITH_UNIT (LENGTH_MEASURE( 1.000000000000000082E-05 ), #9149, 'distance_accuracy_value', 'NONE');
#7878 = ORIENTED_EDGE ( 'NONE', *, *, #8520, .T. ) ;
#7879 = ADVANCED_FACE ( 'NONE', ( #1183 ), #8097, .T. ) ;
#7880 = EDGE_CURVE ( 'NONE', #7275, #7849, #2011, .T. ) ;
#7881 = EDGE_CURVE ( 'NONE', #8385, #9094, #3534, .T. ) ;
#7882 = VECTOR ( 'NONE', #5131, 1000.000000000000000 ) ;
#7883 = AXIS2_PLACEMENT_3D ( 'NONE', #1262, #676, #1313 ) ;
#7884 = CARTESIAN_POINT ( 'NONE',  ( -0.02500000000000006384, 0.1199999999999999956, -0.2500000000000000000 ) ) ;
#7885 = EDGE_LOOP ( 'NONE', ( #6586, #9874, #4123, #8834 ) ) ;
#7886 = LINE ( 'NONE', #5371, #1702 ) ;
#7887 = PRODUCT_DEFINITION_SHAPE ( 'NONE', 'NONE',  #6352 ) ;
#7888 = CARTESIAN_POINT ( 'NONE',  ( 0.3750000000000037748, 0.06999999999999986788, -1.000000000000000222 ) ) ;
#7889 = LINE ( 'NONE', #5562, #8121 ) ;
#7890 = ORIENTED_EDGE ( 'NONE', *, *, #7881, .T. ) ;
#7891 = DIRECTION ( 'NONE',  ( 0.000000000000000000, 0.000000000000000000, -1.000000000000000000 ) ) ;
#7893 = ORIENTED_EDGE ( 'NONE', *, *, #4552, .T. ) ;
#7892 = VECTOR ( 'NONE', #2580, 1000.000000000000000 ) ;
#7894 = VERTEX_POINT ( 'NONE', #5095 ) ;
#7895 = VECTOR ( 'NONE', #6471, 1000.000000000000000 ) ;
#7896 = CIRCLE ( 'NONE', #4982, 0.02000000000000005246 ) ;
#7897 = VECTOR ( 'NONE', #8553, 1000.000000000000000 ) ;
#7898 = LINE ( 'NONE', #4914, #2082 ) ;
#7899 = DIRECTION ( 'NONE',  ( 0.000000000000000000, 0.000000000000000000, 1.000000000000000000 ) ) ;
#7900 = CARTESIAN_POINT ( 'NONE',  ( 0.7549999999999903455, 0.000000000000000000, 0.1450000000000001565 ) ) ;
#7901 = ORIENTED_EDGE ( 'NONE', *, *, #3618, .T. ) ;
#7902 = ORIENTED_EDGE ( 'NONE', *, *, #5394, .T. ) ;
#7903 = ADVANCED_FACE ( 'NONE', ( #9688 ), #491, .T. ) ;
#7904 = EDGE_LOOP ( 'NONE', ( #5959, #8675, #2986, #1989 ) ) ;
#7905 = ORIENTED_EDGE ( 'NONE', *, *, #3992, .F. ) ;
#7906 = ORIENTED_EDGE ( 'NONE', *, *, #9707, .T. ) ;
#7907 = EDGE_LOOP ( 'NONE', ( #8265, #5894, #435, #1239, #2252, #2577, #2170, #3114 ) ) ;
#7908 = AXIS2_PLACEMENT_3D ( 'NONE', #7201, #6349, #7863 ) ;
#7909 = CARTESIAN_POINT ( 'NONE',  ( -0.9149999999999999245, 0.05000000000000012768, -0.5749999999999999556 ) ) ;
#7910 = PLANE ( 'NONE',  #1755 ) ;
#7911 = DIRECTION ( 'NONE',  ( 0.000000000000000000, -0.000000000000000000, 1.000000000000000000 ) ) ;
#7912 = VECTOR ( 'NONE', #6041, 1000.000000000000000 ) ;
#7913 = CARTESIAN_POINT ( 'NONE',  ( 0.9149999999999950395, 0.05000000000000012768, -0.1249999999999997918 ) ) ;
#7914 = CARTESIAN_POINT ( 'NONE',  ( -0.02500000000000006384, 0.06999999999999986788, -1.000000000000000222 ) ) ;
#7915 = ORIENTED_EDGE ( 'NONE', *, *, #8979, .T. ) ;
#7916 = ORIENTED_EDGE ( 'NONE', *, *, #6977, .F. ) ;
#7917 = DIRECTION ( 'NONE',  ( 0.000000000000000000, 0.000000000000000000, -1.000000000000000000 ) ) ;
#7918 = LINE ( 'NONE', #7109, #3428 ) ;
#7919 = EDGE_CURVE ( 'NONE', #15, #9449, #3584, .T. ) ;
#7920 = DIRECTION ( 'NONE',  ( -0.000000000000000000, -1.000000000000000000, -0.000000000000000000 ) ) ;
#7921 = EDGE_CURVE ( 'NONE', #3751, #9485, #5860, .T. ) ;
#7922 = ORIENTED_EDGE ( 'NONE', *, *, #1377, .T. ) ;
#7923 = CARTESIAN_POINT ( 'NONE',  ( -0.4250000000000039302, 0.1199999999999999956, 0.7000000000000005107 ) ) ;
#7924 = DIRECTION ( 'NONE',  ( 0.000000000000000000, 0.000000000000000000, 1.000000000000000000 ) ) ;
#7925 = FILL_AREA_STYLE ('',( #3520 ) ) ;
#7926 = VERTEX_POINT ( 'NONE', #539 ) ;
#7927 = FACE_BOUND ( 'NONE', #6744, .T. ) ;
#7929 = AXIS2_PLACEMENT_3D ( 'NONE', #2297, #5388, #1533 ) ;
#7928 = CARTESIAN_POINT ( 'NONE',  ( -0.9149999999999858247, 0.000000000000000000, 0.5749999999999999556 ) ) ;
#7930 = ORIENTED_EDGE ( 'NONE', *, *, #5806, .T. ) ;
#7931 = EDGE_CURVE ( 'NONE', #1841, #8617, #6646, .T. ) ;
#7932 = ORIENTED_EDGE ( 'NONE', *, *, #756, .F. ) ;
#7933 = ORIENTED_EDGE ( 'NONE', *, *, #1995, .T. ) ;
#7934 = VECTOR ( 'NONE', #8185, 1000.000000000000000 ) ;
#7935 = CARTESIAN_POINT ( 'NONE',  ( -0.9999999999999997780, 0.06999999999999985401, 0.2500000000000003331 ) ) ;
#7936 = CARTESIAN_POINT ( 'NONE',  ( -0.9149999999999952616, 0.05000000000000012768, -0.1450000000000000455 ) ) ;
#7937 = DIRECTION ( 'NONE',  ( 0.000000000000000000, 1.000000000000000000, 0.000000000000000000 ) ) ;
#7938 = ORIENTED_EDGE ( 'NONE', *, *, #6397, .F. ) ;
#7939 = DIRECTION ( 'NONE',  ( -0.000000000000000000, -1.000000000000000000, -0.000000000000000000 ) ) ;
#7940 = DIRECTION ( 'NONE',  ( 0.000000000000000000, 1.000000000000000000, -0.000000000000000000 ) ) ;
#7941 = DIRECTION ( 'NONE',  ( 1.000000000000000000, 0.000000000000000000, 0.000000000000000000 ) ) ;
#7942 = ORIENTED_EDGE ( 'NONE', *, *, #9870, .F. ) ;
#7944 = EDGE_CURVE ( 'NONE', #6017, #1971, #5958, .T. ) ;
#7943 = CARTESIAN_POINT ( 'NONE',  ( -0.9999999999999997780, 0.1199999999999999956, 0.7000000000000005107 ) ) ;
#7945 = EDGE_CURVE ( 'NONE', #9756, #1543, #8145, .T. ) ;
#7946 = CIRCLE ( 'NONE', #9388, 0.02000000000000005246 ) ;
#7947 = VERTEX_POINT ( 'NONE', #8246 ) ;
#7948 = ORIENTED_EDGE ( 'NONE', *, *, #1326, .T. ) ;
#7949 = VECTOR ( 'NONE', #5987, 1000.000000000000000 ) ;
#7950 = COLOUR_RGB ( '',0.7921568627450980005, 0.8196078431372548767, 0.9333333333333333481 ) ;
#7951 = DIRECTION ( 'NONE',  ( 0.000000000000000000, 0.000000000000000000, 1.000000000000000000 ) ) ;
#7952 = CARTESIAN_POINT ( 'NONE',  ( 1.000000000000000222, 0.1199999999999999956, -0.1999999999999998723 ) ) ;
#7953 = APPLICATION_CONTEXT ( 'automotive_design' ) ;
#7954 = DIRECTION ( 'NONE',  ( -1.000000000000000000, 0.000000000000000000, 0.000000000000000000 ) ) ;
#7955 = ORIENTED_EDGE ( 'NONE', *, *, #6000, .F. ) ;
#7957 = EDGE_CURVE ( 'NONE', #6690, #5088, #6701, .T. ) ;
#7956 = FACE_OUTER_BOUND ( 'NONE', #949, .T. ) ;
#7958 = APPLICATION_PROTOCOL_DEFINITION ( 'draft international standard', 'automotive_design', 1998, #7953 ) ;
#7959 = ORIENTED_EDGE ( 'NONE', *, *, #8015, .F. ) ;
#7960 = VERTEX_POINT ( 'NONE', #1289 ) ;
#7961 = AXIS2_PLACEMENT_3D ( 'NONE', #7179, #1827, #8614 ) ;
#7963 = VERTEX_POINT ( 'NONE', #6545 ) ;
#7962 = AXIS2_PLACEMENT_3D ( 'NONE', #6842, #4569, #7649 ) ;
#7964 = FILL_AREA_STYLE_COLOUR ( '', #9777 ) ;
#7965 = CARTESIAN_POINT ( 'NONE',  ( -0.9149999999999999245, 0.05000000000000012768, -0.7750000000000001332 ) ) ;
#7966 = EDGE_CURVE ( 'NONE', #4624, #2371, #1434, .T. ) ;
#7967 = CARTESIAN_POINT ( 'NONE',  ( -0.3750000000000037748, 0.1199999999999999956, 0.6500000000000003553 ) ) ;
#7968 = DIRECTION ( 'NONE',  ( -0.000000000000000000, -0.000000000000000000, 1.000000000000000000 ) ) ;
#7969 =( GEOMETRIC_REPRESENTATION_CONTEXT ( 3 ) GLOBAL_UNCERTAINTY_ASSIGNED_CONTEXT ( ( #8405 ) ) GLOBAL_UNIT_ASSIGNED_CONTEXT ( ( #2316, #2466, #8744 ) ) REPRESENTATION_CONTEXT ( 'NONE', 'WORKASPACE' ) );
#7970 = CARTESIAN_POINT ( 'NONE',  ( 1.000000000000000222, 0.1199999999999999956, 0.2500000000000003331 ) ) ;
#7971 = CARTESIAN_POINT ( 'NONE',  ( 1.000000000000000222, 0.1199999999999999956, -0.6500000000000000222 ) ) ;
#7972 = ORIENTED_EDGE ( 'NONE', *, *, #9028, .F. ) ;
#7973 = EDGE_LOOP ( 'NONE', ( #3899, #1737, #1812, #3040 ) ) ;
#7974 = DIRECTION ( 'NONE',  ( -0.000000000000000000, -1.000000000000000000, -0.000000000000000000 ) ) ;
#7975 = LINE ( 'NONE', #1040, #362 ) ;
#7976 = DIRECTION ( 'NONE',  ( 0.000000000000000000, 0.000000000000000000, -1.000000000000000000 ) ) ;
#7977 = VECTOR ( 'NONE', #3869, 1000.000000000000000 ) ;
#7978 = DIRECTION ( 'NONE',  ( 0.000000000000000000, 0.000000000000000000, -1.000000000000000000 ) ) ;
#7979 = ADVANCED_FACE ( 'NONE', ( #1340 ), #2115, .F. ) ;
#7980 = DIRECTION ( 'NONE',  ( -1.000000000000000000, 0.000000000000000000, 0.000000000000000000 ) ) ;
#7981 = LINE ( 'NONE', #1604, #9457 ) ;
#7982 = DIRECTION ( 'NONE',  ( 1.000000000000000000, -0.000000000000000000, -0.000000000000000000 ) ) ;
#7983 = CARTESIAN_POINT ( 'NONE',  ( 0.9349999999999853983, 0.05000000000000012768, 0.5950000000000005285 ) ) ;
#7984 = PRESENTATION_STYLE_ASSIGNMENT (( #5653 ) ) ;
#7985 = ORIENTED_EDGE ( 'NONE', *, *, #7036, .F. ) ;
#7986 = DIRECTION ( 'NONE',  ( -1.000000000000000000, 0.000000000000000000, 0.000000000000000000 ) ) ;
#7987 = ORIENTED_EDGE ( 'NONE', *, *, #1614, .F. ) ;
#7988 = EDGE_LOOP ( 'NONE', ( #7566, #4362, #865, #5337, #4064, #4380, #9949, #8437 ) ) ;
#7989 = AXIS2_PLACEMENT_3D ( 'NONE', #5539, #8733, #930 ) ;
#7990 = CARTESIAN_POINT ( 'NONE',  ( -0.9999999999999997780, 0.06999999999999985401, -0.1999999999999998723 ) ) ;
#7991 = ADVANCED_FACE ( 'NONE', ( #4435 ), #1605, .T. ) ;
#7992 = LINE ( 'NONE', #4141, #4152 ) ;
#7993 = DIRECTION ( 'NONE',  ( 1.000000000000000000, 0.000000000000000000, -1.885568995626976366E-16 ) ) ;
#7994 = VECTOR ( 'NONE', #9859, 1000.000000000000000 ) ;
#7995 = CARTESIAN_POINT ( 'NONE',  ( 0.5000000000000006661, 0.05000000000000012768, 0.7749999999999998002 ) ) ;
#7996 = ORIENTED_EDGE ( 'NONE', *, *, #744, .F. ) ;
#7997 = DIRECTION ( 'NONE',  ( 0.000000000000000000, 0.000000000000000000, 1.000000000000000000 ) ) ;
#7998 = DIRECTION ( 'NONE',  ( 0.000000000000000000, -0.000000000000000000, 1.000000000000000000 ) ) ;
#7999 = DIRECTION ( 'NONE',  ( -0.000000000000000000, 0.000000000000000000, 1.000000000000000000 ) ) ;
#8000 = ORIENTED_EDGE ( 'NONE', *, *, #404, .T. ) ;
#8001 = DIRECTION ( 'NONE',  ( 0.000000000000000000, 1.000000000000000000, -0.000000000000000000 ) ) ;
#8002 = VERTEX_POINT ( 'NONE', #800 ) ;
#8003 = ORIENTED_EDGE ( 'NONE', *, *, #6862, .F. ) ;
#8004 = AXIS2_PLACEMENT_3D ( 'NONE', #542, #1399, #6705 ) ;
#8005 = EDGE_CURVE ( 'NONE', #3061, #8344, #1551, .T. ) ;
#8006 = DIRECTION ( 'NONE',  ( -1.000000000000000000, -0.000000000000000000, -0.000000000000000000 ) ) ;
#8007 = CARTESIAN_POINT ( 'NONE',  ( -0.3750000000000037748, 0.1199999999999999956, -1.000000000000000222 ) ) ;
#8008 = CARTESIAN_POINT ( 'NONE',  ( 0.9149999999999853806, 0.05000000000000012768, 0.7550000000000004485 ) ) ;
#8009 = VERTEX_POINT ( 'NONE', #8502 ) ;
#8010 = ORIENTED_EDGE ( 'NONE', *, *, #684, .T. ) ;
#8011 = ORIENTED_EDGE ( 'NONE', *, *, #6044, .T. ) ;
#8012 = EDGE_LOOP ( 'NONE', ( #6005, #6002, #752, #6521 ) ) ;
#8013 = SURFACE_SIDE_STYLE ('',( #3972 ) ) ;
#8014 = VECTOR ( 'NONE', #7810, 1000.000000000000000 ) ;
#8015 = EDGE_CURVE ( 'NONE', #4872, #2054, #2212, .T. ) ;
#8016 = ADVANCED_FACE ( 'NONE', ( #5306 ), #1452, .F. ) ;
#8017 = DIRECTION ( 'NONE',  ( 0.000000000000000000, 0.000000000000000000, -1.000000000000000000 ) ) ;
#8018 = ADVANCED_FACE ( 'NONE', ( #846 ), #7622, .T. ) ;
#8019 = CARTESIAN_POINT ( 'NONE',  ( 0.02500000000000006384, 0.06999999999999985401, 0.7000000000000005107 ) ) ;
#8020 = DIRECTION ( 'NONE',  ( 0.000000000000000000, 0.000000000000000000, 1.000000000000000000 ) ) ;
#8021 = CARTESIAN_POINT ( 'NONE',  ( 0.3750000000000037748, 0.06999999999999975686, 0.6500000000000003553 ) ) ;
#8022 = VERTEX_POINT ( 'NONE', #6864 ) ;
#8023 = CARTESIAN_POINT ( 'NONE',  ( 0.1000000000000005329, 0.000000000000000000, 0.9149999999999999245 ) ) ;
#8024 = CARTESIAN_POINT ( 'NONE',  ( -0.9999999999999997780, 0.1199999999999999956, -0.1999999999999998723 ) ) ;
#8025 = FACE_OUTER_BOUND ( 'NONE', #6538, .T. ) ;
#8026 = COLOUR_RGB ( '',0.7921568627450980005, 0.8196078431372548767, 0.9333333333333333481 ) ;
#8027 = LINE ( 'NONE', #240, #7216 ) ;
#8028 = DIRECTION ( 'NONE',  ( 1.000000000000000000, 0.000000000000000000, 0.000000000000000000 ) ) ;
#8029 = AXIS2_PLACEMENT_3D ( 'NONE', #2062, #5145, #2113 ) ;
#8030 = CARTESIAN_POINT ( 'NONE',  ( -0.4800000000000080869, 0.05000000000000012768, 0.7549999999999984501 ) ) ;
#8031 = CARTESIAN_POINT ( 'NONE',  ( -0.9999999999999997780, 0.06999999999999985401, -0.2500000000000000000 ) ) ;
#8032 = CARTESIAN_POINT ( 'NONE',  ( -0.3750000000000037748, 0.1199999999999999956, -0.7000000000000000666 ) ) ;
#8033 = SURFACE_STYLE_USAGE ( .BOTH. , #387 ) ;
#8034 = ORIENTED_EDGE ( 'NONE', *, *, #1486, .T. ) ;
#8035 = DIRECTION ( 'NONE',  ( -0.000000000000000000, -1.000000000000000000, -0.000000000000000000 ) ) ;
#8036 = EDGE_LOOP ( 'NONE', ( #5874, #2195, #7308, #1222 ) ) ;
#8037 = EDGE_CURVE ( 'NONE', #1361, #8533, #2573, .T. ) ;
#8038 = VECTOR ( 'NONE', #6048, 1000.000000000000000 ) ;
#8039 = CARTESIAN_POINT ( 'NONE',  ( -0.4800000000000002043, 0.05000000000000012768, 0.4800000000000000377 ) ) ;
#8040 = FACE_OUTER_BOUND ( 'NONE', #6212, .T. ) ;
#8042 = AXIS2_PLACEMENT_3D ( 'NONE', #6717, #8952, #6559 ) ;
#8041 = CARTESIAN_POINT ( 'NONE',  ( 0.7549999999999903455, 0.05000000000000012768, 0.1450000000000001565 ) ) ;
#8043 = CARTESIAN_POINT ( 'NONE',  ( 0.3000000000000004885, 0.05000000000000012768, 0.7750000000000000222 ) ) ;
#8044 = ORIENTED_EDGE ( 'NONE', *, *, #5780, .T. ) ;
#8045 = CARTESIAN_POINT ( 'NONE',  ( 0.4250000000000039302, 0.06999999999999975686, -0.1999999999999998723 ) ) ;
#8046 = DIRECTION ( 'NONE',  ( -1.000000000000000000, 0.000000000000000000, 1.161645184805899918E-15 ) ) ;
#8047 = FACE_OUTER_BOUND ( 'NONE', #8279, .T. ) ;
#8048 = ORIENTED_EDGE ( 'NONE', *, *, #3863, .F. ) ;
#8050 = EDGE_CURVE ( 'NONE', #6081, #4497, #7572, .T. ) ;
#8049 = VERTEX_POINT ( 'NONE', #6964 ) ;
#8051 = ADVANCED_FACE ( 'NONE', ( #52 ), #9942, .F. ) ;
#8052 = VECTOR ( 'NONE', #4279, 1000.000000000000000 ) ;
#8053 = DIRECTION ( 'NONE',  ( -0.000000000000000000, 1.000000000000000000, -0.000000000000000000 ) ) ;
#8054 = VECTOR ( 'NONE', #6508, 1000.000000000000000 ) ;
#8055 = AXIS2_PLACEMENT_3D ( 'NONE', #2389, #5476, #3398 ) ;
#8056 = CARTESIAN_POINT ( 'NONE',  ( -0.02500000000000006384, 0.06999999999999975686, -0.7000000000000000666 ) ) ;
#8057 = ORIENTED_EDGE ( 'NONE', *, *, #5394, .F. ) ;
#8058 = CARTESIAN_POINT ( 'NONE',  ( -0.4250000000000039302, 0.06999999999999975686, 0.7000000000000005107 ) ) ;
#8059 = EDGE_LOOP ( 'NONE', ( #6730, #4793, #234, #4474 ) ) ;
#8060 = ORIENTED_EDGE ( 'NONE', *, *, #6655, .T. ) ;
#8061 = EDGE_CURVE ( 'NONE', #9714, #3682, #3941, .T. ) ;
#8062 = VERTEX_POINT ( 'NONE', #652 ) ;
#8063 = DIRECTION ( 'NONE',  ( -0.000000000000000000, -0.000000000000000000, 1.000000000000000000 ) ) ;
#8064 = VECTOR ( 'NONE', #8746, 1000.000000000000000 ) ;
#8065 = AXIS2_PLACEMENT_3D ( 'NONE', #3236, #2575, #5609 ) ;
#8066 = DIRECTION ( 'NONE',  ( -1.000000000000000000, 0.000000000000000000, 0.000000000000000000 ) ) ;
#8067 = LINE ( 'NONE', #6569, #7554 ) ;
#8068 = DIRECTION ( 'NONE',  ( -1.000000000000000000, 0.000000000000000000, 0.000000000000000000 ) ) ;
#8069 = FACE_BOUND ( 'NONE', #3297, .T. ) ;
#8070 = VERTEX_POINT ( 'NONE', #6164 ) ;
#8071 = PLANE ( 'NONE',  #8872 ) ;
#8072 = AXIS2_PLACEMENT_3D ( 'NONE', #6486, #885, #2502 ) ;
#8073 = CARTESIAN_POINT ( 'NONE',  ( -0.4250000000000039302, 0.1199999999999999956, -0.1999999999999998723 ) ) ;
#8074 = LINE ( 'NONE', #5887, #5023 ) ;
#8075 = EDGE_CURVE ( 'NONE', #6420, #2175, #6210, .T. ) ;
#8076 = ADVANCED_FACE ( 'NONE', ( #2315 ), #9206, .F. ) ;
#8077 = EDGE_CURVE ( 'NONE', #84, #9002, #6813, .T. ) ;
#8078 = ORIENTED_EDGE ( 'NONE', *, *, #5746, .T. ) ;
#8079 = MANIFOLD_SOLID_BREP ( 'Boss-Extrude3[2]', #3090 ) ;
#8080 = FACE_OUTER_BOUND ( 'NONE', #9117, .T. ) ;
#8081 = CARTESIAN_POINT ( 'NONE',  ( -0.02500000000000006384, 0.06999999999999975686, 0.2500000000000004441 ) ) ;
#8082 = DIRECTION ( 'NONE',  ( -0.000000000000000000, 0.000000000000000000, -1.000000000000000000 ) ) ;
#8083 = CARTESIAN_POINT ( 'NONE',  ( -0.02500000000000006384, 0.1199999999999999956, -0.1999999999999998723 ) ) ;
#8084 = FILL_AREA_STYLE_COLOUR ( '', #5102 ) ;
#8085 = DIRECTION ( 'NONE',  ( -0.000000000000000000, -0.000000000000000000, 1.000000000000000000 ) ) ;
#8086 = CARTESIAN_POINT ( 'NONE',  ( 0.9149999999999999245, 0.000000000000000000, -0.7749999999999999112 ) ) ;
#8087 = CARTESIAN_POINT ( 'NONE',  ( 0.3750000000000037748, 0.1199999999999999956, 0.9999999999999997780 ) ) ;
#8088 = ORIENTED_EDGE ( 'NONE', *, *, #5935, .T. ) ;
#8089 = CARTESIAN_POINT ( 'NONE',  ( 1.000000000000000222, 0.1199999999999999956, -0.6500000000000000222 ) ) ;
#8090 = ORIENTED_EDGE ( 'NONE', *, *, #2845, .F. ) ;
#8091 = ADVANCED_FACE ( 'NONE', ( #8743 ), #2982, .F. ) ;
#8092 = EDGE_LOOP ( 'NONE', ( #979, #451, #5824, #9108 ) ) ;
#8093 = ORIENTED_EDGE ( 'NONE', *, *, #983, .T. ) ;
#8094 = CARTESIAN_POINT ( 'NONE',  ( -0.8249999999999997335, 0.5799999999999998490, -0.8250000000000000666 ) ) ;
#8095 = ADVANCED_FACE ( 'NONE', ( #243 ), #8600, .T. ) ;
#8096 = VECTOR ( 'NONE', #8672, 1000.000000000000000 ) ;
#8097 = CYLINDRICAL_SURFACE ( 'NONE', #4311, 0.02000000000000005246 ) ;
#8098 = VERTEX_POINT ( 'NONE', #3228 ) ;
#8099 = CARTESIAN_POINT ( 'NONE',  ( 0.9149999999999950395, 0.05000000000000012768, -0.1249999999999997918 ) ) ;
#8100 = DIRECTION ( 'NONE',  ( 0.000000000000000000, 0.000000000000000000, 1.000000000000000000 ) ) ;
#8101 = EDGE_LOOP ( 'NONE', ( #4467, #6735, #1037, #7211 ) ) ;
#8102 = ORIENTED_EDGE ( 'NONE', *, *, #769, .F. ) ;
#8103 = ORIENTED_EDGE ( 'NONE', *, *, #3386, .T. ) ;
#8104 = CARTESIAN_POINT ( 'NONE',  ( -0.7749999999999906963, 0.000000000000000000, 0.1249999999999998890 ) ) ;
#8105 = ADVANCED_FACE ( 'NONE', ( #195 ), #8646, .F. ) ;
#8106 = DIRECTION ( 'NONE',  ( 1.000000000000000000, 0.000000000000000000, 0.000000000000000000 ) ) ;
#8107 = CIRCLE ( 'NONE', #9073, 0.02000000000000005246 ) ;
#8108 = LINE ( 'NONE', #5163, #202 ) ;
#8109 = VERTEX_POINT ( 'NONE', #4033 ) ;
#8110 = VERTEX_POINT ( 'NONE', #3421 ) ;
#8111 = ORIENTED_EDGE ( 'NONE', *, *, #9558, .F. ) ;
#8112 =( NAMED_UNIT ( * ) SI_UNIT ( $, .STERADIAN. ) SOLID_ANGLE_UNIT ( ) );
#8113 = AXIS2_PLACEMENT_3D ( 'NONE', #887, #6445, #237 ) ;
#8114 = DIRECTION ( 'NONE',  ( 1.000000000000000000, 0.000000000000000000, 0.000000000000000000 ) ) ;
#8115 = DIRECTION ( 'NONE',  ( 0.000000000000000000, 0.000000000000000000, 1.000000000000000000 ) ) ;
#8116 = EDGE_CURVE ( 'NONE', #9065, #4584, #292, .T. ) ;
#8117 = CARTESIAN_POINT ( 'NONE',  ( -0.7549999999999857936, 0.000000000000000000, 0.5950000000000000844 ) ) ;
#8118 = FACE_OUTER_BOUND ( 'NONE', #1554, .T. ) ;
#8120 = VERTEX_POINT ( 'NONE', #6494 ) ;
#8119 = PLANE ( 'NONE',  #1537 ) ;
#8121 = VECTOR ( 'NONE', #7124, 1000.000000000000000 ) ;
#8123 = VECTOR ( 'NONE', #7396, 1000.000000000000000 ) ;
#8122 = LINE ( 'NONE', #1166, #9211 ) ;
#8124 = DIRECTION ( 'NONE',  ( 1.000000000000000000, 0.000000000000000000, -3.049318610115328497E-14 ) ) ;
#8125 = VERTEX_POINT ( 'NONE', #994 ) ;
#8126 = PLANE ( 'NONE',  #8682 ) ;
#8127 = DIRECTION ( 'NONE',  ( 1.000000000000000000, 0.000000000000000000, 0.000000000000000000 ) ) ;
#8128 = VECTOR ( 'NONE', #5812, 1000.000000000000000 ) ;
#8129 = EDGE_CURVE ( 'NONE', #8120, #7745, #9433, .T. ) ;
#8130 = EDGE_CURVE ( 'NONE', #9973, #1202, #2511, .T. ) ;
#8131 = LINE ( 'NONE', #1853, #8618 ) ;
#8132 = CYLINDRICAL_SURFACE ( 'NONE', #263, 0.1000000000000001582 ) ;
#8133 = ADVANCED_FACE ( 'NONE', ( #338 ), #1761, .F. ) ;
#8134 = CARTESIAN_POINT ( 'NONE',  ( -0.4250000000000039302, 0.06999999999999975686, -0.7000000000000000666 ) ) ;
#8135 = CARTESIAN_POINT ( 'NONE',  ( 0.02500000000000006384, 0.1199999999999999956, 0.9999999999999997780 ) ) ;
#8136 = ORIENTED_EDGE ( 'NONE', *, *, #3962, .T. ) ;
#8137 = EDGE_LOOP ( 'NONE', ( #5949, #2964 ) ) ;
#8138 = DIRECTION ( 'NONE',  ( -1.000000000000000000, 0.000000000000000000, 0.000000000000000000 ) ) ;
#8139 = ORIENTED_EDGE ( 'NONE', *, *, #9111, .F. ) ;
#8140 = VERTEX_POINT ( 'NONE', #3327 ) ;
#8141 = DIRECTION ( 'NONE',  ( -0.000000000000000000, -1.000000000000000000, -0.000000000000000000 ) ) ;
#8142 = EDGE_CURVE ( 'NONE', #4497, #4731, #6400, .T. ) ;
#8143 = LINE ( 'NONE', #6543, #8052 ) ;
#8144 = ADVANCED_FACE ( 'NONE', ( #7258 ), #5500, .T. ) ;
#8145 = LINE ( 'NONE', #2064, #5 ) ;
#8146 = LINE ( 'NONE', #4335, #7629 ) ;
#8147 = VERTEX_POINT ( 'NONE', #4891 ) ;
#8148 = DIRECTION ( 'NONE',  ( 0.000000000000000000, 1.000000000000000000, 0.000000000000000000 ) ) ;
#8149 = DIRECTION ( 'NONE',  ( -1.000000000000000000, 0.000000000000000000, -0.000000000000000000 ) ) ;
#8150 = PLANE ( 'NONE',  #209 ) ;
#8151 = VERTEX_POINT ( 'NONE', #1046 ) ;
#8152 = ORIENTED_EDGE ( 'NONE', *, *, #5602, .T. ) ;
#8153 = EDGE_LOOP ( 'NONE', ( #7247, #1042, #6391, #3839 ) ) ;
#8154 = EDGE_CURVE ( 'NONE', #2020, #9570, #4130, .T. ) ;
#8155 = VECTOR ( 'NONE', #3119, 1000.000000000000000 ) ;
#8156 = DIRECTION ( 'NONE',  ( -0.000000000000000000, -1.000000000000000000, -0.000000000000000000 ) ) ;
#8157 = PLANE ( 'NONE',  #9491 ) ;
#8158 = DIRECTION ( 'NONE',  ( 0.000000000000000000, 0.000000000000000000, 1.000000000000000000 ) ) ;
#8159 = LINE ( 'NONE', #984, #2875 ) ;
#8160 = CARTESIAN_POINT ( 'NONE',  ( 0.9349999999999950573, 0.000000000000000000, -0.1449999999999998512 ) ) ;
#8161 = EDGE_LOOP ( 'NONE', ( #496, #1292, #4159, #5121 ) ) ;
#8162 = VERTEX_POINT ( 'NONE', #3376 ) ;
#8163 = ORIENTED_EDGE ( 'NONE', *, *, #8596, .T. ) ;
#8164 = CIRCLE ( 'NONE', #8949, 0.02000000000000005246 ) ;
#8165 = EDGE_CURVE ( 'NONE', #5177, #2813, #8789, .T. ) ;
#8166 = SURFACE_SIDE_STYLE ('',( #8965 ) ) ;
#8168 = VECTOR ( 'NONE', #9, 1000.000000000000000 ) ;
#8167 = CYLINDRICAL_SURFACE ( 'NONE', #9496, 0.02000000000000341435 ) ;
#8169 = DIRECTION ( 'NONE',  ( -0.000000000000000000, -1.000000000000000000, -0.000000000000000000 ) ) ;
#8170 = DIRECTION ( 'NONE',  ( -0.000000000000000000, -1.000000000000000000, -0.000000000000000000 ) ) ;
#8172 = VERTEX_POINT ( 'NONE', #8032 ) ;
#8171 = CARTESIAN_POINT ( 'NONE',  ( -0.4250000000000039302, 0.1199999999999999956, -1.000000000000000222 ) ) ;
#8173 = LINE ( 'NONE', #6626, #805 ) ;
#8174 = DIRECTION ( 'NONE',  ( -1.000000000000000000, -0.000000000000000000, -0.000000000000000000 ) ) ;
#8175 = CARTESIAN_POINT ( 'NONE',  ( 0.02500000000000006384, 0.1199999999999999956, -1.000000000000000222 ) ) ;
#8176 = EDGE_CURVE ( 'NONE', #7793, #3714, #894, .T. ) ;
#8177 = CIRCLE ( 'NONE', #5427, 0.02000000000000005246 ) ;
#8178 = LINE ( 'NONE', #5130, #8343 ) ;
#8179 = LINE ( 'NONE', #1220, #3505 ) ;
#8180 = FILL_AREA_STYLE ('',( #5028 ) ) ;
#8181 = CIRCLE ( 'NONE', #6880, 0.02000000000000005246 ) ;
#8182 = ORIENTED_EDGE ( 'NONE', *, *, #141, .F. ) ;
#8183 = EDGE_LOOP ( 'NONE', ( #9452, #3072, #1885, #1375, #9180, #7477, #5364, #6986 ) ) ;
#8184 = CARTESIAN_POINT ( 'NONE',  ( -0.9999999999999997780, -2.828427124746189847, 0.9999999999999997780 ) ) ;
#8185 = DIRECTION ( 'NONE',  ( -0.000000000000000000, -0.000000000000000000, 1.000000000000000000 ) ) ;
#8186 = VERTEX_POINT ( 'NONE', #2465 ) ;
#8187 = EDGE_CURVE ( 'NONE', #7610, #8945, #5550, .T. ) ;
#8188 =( GEOMETRIC_REPRESENTATION_CONTEXT ( 3 ) GLOBAL_UNCERTAINTY_ASSIGNED_CONTEXT ( ( #4942 ) ) GLOBAL_UNIT_ASSIGNED_CONTEXT ( ( #6432, #3259, #7240 ) ) REPRESENTATION_CONTEXT ( 'NONE', 'WORKASPACE' ) );
#8189 = DIRECTION ( 'NONE',  ( -1.000000000000000000, 0.000000000000000000, 0.000000000000000000 ) ) ;
#8190 = DIRECTION ( 'NONE',  ( 7.744301232039334431E-16, 0.000000000000000000, -1.000000000000000000 ) ) ;
#8191 = CARTESIAN_POINT ( 'NONE',  ( -0.4799999999999999267, 0.000000000000000000, -0.9349999999999998312 ) ) ;
#8192 = CARTESIAN_POINT ( 'NONE',  ( 1.000000000000000222, 0.06999999999999975686, -0.7000000000000000666 ) ) ;
#8193 = EDGE_LOOP ( 'NONE', ( #3614, #5255, #8904, #4986 ) ) ;
#8194 = CARTESIAN_POINT ( 'NONE',  ( 0.4800000000000004818, 0.000000000000000000, 0.7549999999999997824 ) ) ;
#8195 = CARTESIAN_POINT ( 'NONE',  ( 1.000000000000000222, 0.1199999999999999956, -0.2500000000000000000 ) ) ;
#8196 = LINE ( 'NONE', #7613, #7628 ) ;
#8198 = ORIENTED_EDGE ( 'NONE', *, *, #2165, .T. ) ;
#8197 = VECTOR ( 'NONE', #4690, 1000.000000000000000 ) ;
#8199 = ORIENTED_EDGE ( 'NONE', *, *, #6772, .F. ) ;
#8200 = EDGE_CURVE ( 'NONE', #8477, #1405, #1131, .T. ) ;
#8201 = EDGE_CURVE ( 'NONE', #4102, #3080, #8288, .T. ) ;
#8202 = VECTOR ( 'NONE', #5963, 1000.000000000000000 ) ;
#8203 = FACE_OUTER_BOUND ( 'NONE', #7580, .T. ) ;
#8204 = DIRECTION ( 'NONE',  ( 0.000000000000000000, 0.000000000000000000, 1.000000000000000000 ) ) ;
#8205 = PLANE ( 'NONE',  #7022 ) ;
#8206 = LINE ( 'NONE', #9752, #1760 ) ;
#8207 = FACE_OUTER_BOUND ( 'NONE', #6483, .T. ) ;
#8208 = ORIENTED_EDGE ( 'NONE', *, *, #5091, .T. ) ;
#8209 = CARTESIAN_POINT ( 'NONE',  ( -0.9349999999999952793, 0.05000000000000012768, -0.3050000000000000488 ) ) ;
#8211 = ORIENTED_EDGE ( 'NONE', *, *, #2955, .F. ) ;
#8210 = VECTOR ( 'NONE', #4792, 1000.000000000000000 ) ;
#8212 = EDGE_LOOP ( 'NONE', ( #3626, #7878, #6971, #1175 ) ) ;
#8213 = VECTOR ( 'NONE', #6757, 1000.000000000000000 ) ;
#8214 = EDGE_CURVE ( 'NONE', #5740, #4205, #4268, .T. ) ;
#8215 = PRESENTATION_LAYER_ASSIGNMENT (  '', '', ( #6913 ) ) ;
#8216 = CIRCLE ( 'NONE', #7389, 0.02000000000000005246 ) ;
#8217 = DIRECTION ( 'NONE',  ( 0.000000000000000000, 1.000000000000000000, 0.000000000000000000 ) ) ;
#8218 = FACE_OUTER_BOUND ( 'NONE', #1620, .T. ) ;
#8219 = EDGE_CURVE ( 'NONE', #2967, #1484, #5941, .T. ) ;
#8220 = DIRECTION ( 'NONE',  ( -0.000000000000000000, -0.000000000000000000, 1.000000000000000000 ) ) ;
#8222 = VERTEX_POINT ( 'NONE', #4373 ) ;
#8221 = DIRECTION ( 'NONE',  ( 0.000000000000000000, 0.000000000000000000, -1.000000000000000000 ) ) ;
#8223 = ORIENTED_EDGE ( 'NONE', *, *, #1600, .T. ) ;
#8224 = DIRECTION ( 'NONE',  ( -1.000000000000000000, 0.000000000000000000, 0.000000000000000000 ) ) ;
#8225 = CARTESIAN_POINT ( 'NONE',  ( -0.7549999999999905675, 0.05000000000000012768, 0.1449999999999999345 ) ) ;
#8226 = DIRECTION ( 'NONE',  ( 0.000000000000000000, 1.000000000000000000, 0.000000000000000000 ) ) ;
#8227 = VECTOR ( 'NONE', #9311, 1000.000000000000000 ) ;
#8228 = AXIS2_PLACEMENT_3D ( 'NONE', #4291, #5105, #6776 ) ;
#8229 = ORIENTED_EDGE ( 'NONE', *, *, #6146, .T. ) ;
#8230 = DIRECTION ( 'NONE',  ( 0.000000000000000000, 0.000000000000000000, -1.000000000000000000 ) ) ;
#8231 = CARTESIAN_POINT ( 'NONE',  ( -0.9999999999999997780, 0.1199999999999999956, -0.7000000000000000666 ) ) ;
#8232 = VECTOR ( 'NONE', #4643, 1000.000000000000000 ) ;
#8234 = AXIS2_PLACEMENT_3D ( 'NONE', #7062, #5700, #3275 ) ;
#8233 = DIRECTION ( 'NONE',  ( -1.000000000000000000, 0.000000000000000000, 0.000000000000000000 ) ) ;
#8235 = ORIENTED_EDGE ( 'NONE', *, *, #4610, .T. ) ;
#8236 = EDGE_LOOP ( 'NONE', ( #4923, #4579, #4061, #2246 ) ) ;
#8237 = CARTESIAN_POINT ( 'NONE',  ( 0.02500000000000006384, 0.06999999999999975686, -1.000000000000000222 ) ) ;
#8238 = DIRECTION ( 'NONE',  ( 0.000000000000000000, 1.000000000000000000, 0.000000000000000000 ) ) ;
#8239 = ORIENTED_EDGE ( 'NONE', *, *, #2833, .F. ) ;
#8240 = EDGE_LOOP ( 'NONE', ( #91, #4911, #2379, #7462 ) ) ;
#8241 = EDGE_LOOP ( 'NONE', ( #2084, #4095, #9732, #4511 ) ) ;
#8242 = VECTOR ( 'NONE', #6576, 1000.000000000000000 ) ;
#8243 = CARTESIAN_POINT ( 'NONE',  ( 0.3750000000000037748, 0.1199999999999999956, -1.000000000000000222 ) ) ;
#8244 = DIRECTION ( 'NONE',  ( -0.000000000000000000, -1.000000000000000000, -0.000000000000000000 ) ) ;
#8245 = DIRECTION ( 'NONE',  ( 0.000000000000000000, 1.000000000000000000, 0.000000000000000000 ) ) ;
#8246 = CARTESIAN_POINT ( 'NONE',  ( 0.9349999999999903944, 0.05000000000000012768, 0.3050000000000003819 ) ) ;
#8247 = ADVANCED_FACE ( 'NONE', ( #5185 ), #4222, .F. ) ;
#8248 = CARTESIAN_POINT ( 'NONE',  ( -0.4250000000000039302, 0.06999999999999975686, 0.9999999999999997780 ) ) ;
#8249 = DIRECTION ( 'NONE',  ( -0.000000000000000000, 1.000000000000000000, -0.000000000000000000 ) ) ;
#8250 = DIRECTION ( 'NONE',  ( 1.000000000000000000, 0.000000000000000000, 0.000000000000000000 ) ) ;
#8251 = DIRECTION ( 'NONE',  ( 1.000000000000000000, 0.000000000000000000, 1.151964808265787246E-14 ) ) ;
#8252 = ORIENTED_EDGE ( 'NONE', *, *, #8363, .F. ) ;
#8253 = ORIENTED_EDGE ( 'NONE', *, *, #8037, .T. ) ;
#8254 = ORIENTED_EDGE ( 'NONE', *, *, #8433, .T. ) ;
#8255 = PLANE ( 'NONE',  #923 ) ;
#8256 = CARTESIAN_POINT ( 'NONE',  ( 0.3200000000000004508, 0.000000000000000000, 0.7749999999999999112 ) ) ;
#8257 = CARTESIAN_POINT ( 'NONE',  ( 0.02500000000000006384, 0.06999999999999986788, -1.000000000000000222 ) ) ;
#8258 = ADVANCED_FACE ( 'NONE', ( #580 ), #6635, .F. ) ;
#8259 = LINE ( 'NONE', #1411, #5078 ) ;
#8260 =( NAMED_UNIT ( * ) SI_UNIT ( $, .STERADIAN. ) SOLID_ANGLE_UNIT ( ) );
#8261 = CARTESIAN_POINT ( 'NONE',  ( -0.9999999999999997780, 0.06999999999999985401, -0.6500000000000000222 ) ) ;
#8262 = VERTEX_POINT ( 'NONE', #9727 ) ;
#8263 = CARTESIAN_POINT ( 'NONE',  ( 0.7749999999999951372, 0.05000000000000012768, -0.3249999999999999001 ) ) ;
#8264 = VECTOR ( 'NONE', #6381, 1000.000000000000000 ) ;
#8265 = ORIENTED_EDGE ( 'NONE', *, *, #9098, .T. ) ;
#8266 = EDGE_LOOP ( 'NONE', ( #8430, #9885, #9865, #5948 ) ) ;
#8267 = PLANE ( 'NONE',  #7875 ) ;
#8268 = PRESENTATION_STYLE_ASSIGNMENT (( #5926 ) ) ;
#8269 = VECTOR ( 'NONE', #8760, 1000.000000000000000 ) ;
#8270 = LINE ( 'NONE', #6673, #4009 ) ;
#8271 = EDGE_CURVE ( 'NONE', #8110, #5254, #4424, .T. ) ;
#8272 = CARTESIAN_POINT ( 'NONE',  ( -0.9999999999999997780, 0.1199999999999999956, -0.6500000000000000222 ) ) ;
#8273 = ORIENTED_EDGE ( 'NONE', *, *, #1486, .F. ) ;
#8274 = CARTESIAN_POINT ( 'NONE',  ( 0.4999999999999997780, 0.000000000000000000, 0.4799999999999998712 ) ) ;
#8276 = ORIENTED_EDGE ( 'NONE', *, *, #8410, .T. ) ;
#8275 = LINE ( 'NONE', #4572, #1707 ) ;
#8277 = LINE ( 'NONE', #1210, #6939 ) ;
#8278 = LINE ( 'NONE', #1211, #686 ) ;
#8279 = EDGE_LOOP ( 'NONE', ( #7264, #2724, #7287, #129 ) ) ;
#8280 = PLANE ( 'NONE',  #2065 ) ;
#8281 = CIRCLE ( 'NONE', #4382, 0.02000000000000005246 ) ;
#8282 = EDGE_CURVE ( 'NONE', #4038, #1361, #9776, .T. ) ;
#8283 = VERTEX_POINT ( 'NONE', #7455 ) ;
#8284 = AXIS2_PLACEMENT_3D ( 'NONE', #8008, #2681, #2486 ) ;
#8285 = CARTESIAN_POINT ( 'NONE',  ( 0.02500000000000006384, 0.06999999999999975686, 0.6500000000000003553 ) ) ;
#8286 = FACE_BOUND ( 'NONE', #1487, .T. ) ;
#8287 = VECTOR ( 'NONE', #5075, 1000.000000000000000 ) ;
#8288 = LINE ( 'NONE', #4983, #9495 ) ;
#8289 = VERTEX_POINT ( 'NONE', #531 ) ;
#8290 = VERTEX_POINT ( 'NONE', #3680 ) ;
#8291 = LINE ( 'NONE', #2055, #1602 ) ;
#8292 = CARTESIAN_POINT ( 'NONE',  ( 0.9350000000000000533, 0.05000000000000012768, -0.5949999999999998623 ) ) ;
#8293 = ORIENTED_EDGE ( 'NONE', *, *, #2954, .T. ) ;
#8294 = VECTOR ( 'NONE', #9197, 1000.000000000000000 ) ;
#8295 = VECTOR ( 'NONE', #4947, 1000.000000000000000 ) ;
#8296 = EDGE_CURVE ( 'NONE', #7960, #7021, #2805, .T. ) ;
#8297 = DIRECTION ( 'NONE',  ( 1.000000000000000000, -0.000000000000000000, -0.000000000000000000 ) ) ;
#8298 = DIRECTION ( 'NONE',  ( 0.000000000000000000, -0.000000000000000000, 1.000000000000000000 ) ) ;
#8299 = VERTEX_POINT ( 'NONE', #1221 ) ;
#8300 = CARTESIAN_POINT ( 'NONE',  ( 0.4799999999999998157, 0.000000000000000000, -0.9349999999999998312 ) ) ;
#8301 =( GEOMETRIC_REPRESENTATION_CONTEXT ( 3 ) GLOBAL_UNCERTAINTY_ASSIGNED_CONTEXT ( ( #7781 ) ) GLOBAL_UNIT_ASSIGNED_CONTEXT ( ( #3887, #3121, #6201 ) ) REPRESENTATION_CONTEXT ( 'NONE', 'WORKASPACE' ) );
#8302 = DIRECTION ( 'NONE',  ( -1.000000000000000000, -0.000000000000000000, -1.151964808265786930E-14 ) ) ;
#8303 = VERTEX_POINT ( 'NONE', #1172 ) ;
#8304 = PLANE ( 'NONE',  #4644 ) ;
#8305 = ORIENTED_EDGE ( 'NONE', *, *, #1201, .T. ) ;
#8306 = EDGE_LOOP ( 'NONE', ( #3781, #1906, #8969, #1789 ) ) ;
#8307 = ADVANCED_FACE ( 'NONE', ( #3467 ), #9585, .F. ) ;
#8308 = CARTESIAN_POINT ( 'NONE',  ( -0.4250000000000039302, 0.06999999999999986788, -1.000000000000000222 ) ) ;
#8309 = CARTESIAN_POINT ( 'NONE',  ( -0.4250000000000039302, 0.1199999999999999956, -0.2500000000000000000 ) ) ;
#8310 = LINE ( 'NONE', #6778, #9029 ) ;
#8311 = CARTESIAN_POINT ( 'NONE',  ( 0.3750000000000037748, 0.1199999999999999956, -0.6500000000000000222 ) ) ;
#8312 = ORIENTED_EDGE ( 'NONE', *, *, #9668, .F. ) ;
#8313 = CYLINDRICAL_SURFACE ( 'NONE', #9864, 0.02000000000000016001 ) ;
#8314 = ORIENTED_EDGE ( 'NONE', *, *, #8330, .F. ) ;
#8315 = ORIENTED_EDGE ( 'NONE', *, *, #1840, .F. ) ;
#8316 = AXIS2_PLACEMENT_3D ( 'NONE', #6297, #3974, #9379 ) ;
#8317 = EDGE_CURVE ( 'NONE', #8172, #7807, #8982, .T. ) ;
#8318 = CARTESIAN_POINT ( 'NONE',  ( 0.4800000000000006484, 0.05000000000000012768, 0.7749999999999999112 ) ) ;
#8319 = CARTESIAN_POINT ( 'NONE',  ( -0.02500000000000006384, 0.06999999999999986788, -1.000000000000000222 ) ) ;
#8320 = CARTESIAN_POINT ( 'NONE',  ( 0.08000000000000009881, 0.05000000000000012768, -0.7749999999999999112 ) ) ;
#8321 = CARTESIAN_POINT ( 'NONE',  ( 0.3750000000000037748, 0.06999999999999986788, -1.000000000000000222 ) ) ;
#8324 = VERTEX_POINT ( 'NONE', #8879 ) ;
#8323 = AXIS2_PLACEMENT_3D ( 'NONE', #123, #4667, #7039 ) ;
#8322 = DIRECTION ( 'NONE',  ( 5.808225924029499591E-16, 0.000000000000000000, -1.000000000000000000 ) ) ;
#8325 = ORIENTED_EDGE ( 'NONE', *, *, #7369, .F. ) ;
#8326 = DIRECTION ( 'NONE',  ( 0.000000000000000000, 0.000000000000000000, -1.000000000000000000 ) ) ;
#8327 = DIRECTION ( 'NONE',  ( 0.000000000000000000, 0.000000000000000000, -1.000000000000000000 ) ) ;
#8328 = ORIENTED_EDGE ( 'NONE', *, *, #9508, .F. ) ;
#8329 = VERTEX_POINT ( 'NONE', #8927 ) ;
#8330 = EDGE_CURVE ( 'NONE', #541, #5703, #2052, .T. ) ;
#8331 = EDGE_CURVE ( 'NONE', #4296, #3065, #1277, .T. ) ;
#8332 = EDGE_LOOP ( 'NONE', ( #8416, #323, #3838, #8671 ) ) ;
#8333 = VECTOR ( 'NONE', #7317, 1000.000000000000000 ) ;
#8334 = MANIFOLD_SOLID_BREP ( 'Boss-Extrude3[15]', #1797 ) ;
#8335 = PLANE ( 'NONE',  #6046 ) ;
#8336 = LINE ( 'NONE', #3518, #1894 ) ;
#8337 = LINE ( 'NONE', #7764, #3204 ) ;
#8338 = ORIENTED_EDGE ( 'NONE', *, *, #9602, .T. ) ;
#8339 = ORIENTED_EDGE ( 'NONE', *, *, #1552, .F. ) ;
#8340 = FACE_OUTER_BOUND ( 'NONE', #2673, .T. ) ;
#8341 = DIRECTION ( 'NONE',  ( -0.000000000000000000, -1.000000000000000000, -0.000000000000000000 ) ) ;
#8342 = EDGE_LOOP ( 'NONE', ( #5417, #8443, #6281, #9567 ) ) ;
#8343 = VECTOR ( 'NONE', #6493, 1000.000000000000000 ) ;
#8344 = VERTEX_POINT ( 'NONE', #9931 ) ;
#8345 = VECTOR ( 'NONE', #1743, 1000.000000000000000 ) ;
#8346 = FACE_OUTER_BOUND ( 'NONE', #719, .T. ) ;
#8347 = DIRECTION ( 'NONE',  ( -1.000000000000000000, 0.000000000000000000, 0.000000000000000000 ) ) ;
#8348 = SURFACE_SIDE_STYLE ('',( #6647 ) ) ;
#8349 = ORIENTED_EDGE ( 'NONE', *, *, #1933, .T. ) ;
#8350 = ADVANCED_FACE ( 'NONE', ( #6583 ), #5441, .F. ) ;
#8351 = CARTESIAN_POINT ( 'NONE',  ( -0.9999999999999997780, 0.06999999999999985401, 0.2500000000000003331 ) ) ;
#8352 = ORIENTED_EDGE ( 'NONE', *, *, #2460, .T. ) ;
#8353 = DIRECTION ( 'NONE',  ( -0.000000000000000000, 0.000000000000000000, 1.000000000000000000 ) ) ;
#8354 = AXIS2_PLACEMENT_3D ( 'NONE', #9592, #1912, #4277 ) ;
#8355 = ORIENTED_EDGE ( 'NONE', *, *, #5818, .T. ) ;
#8356 = LINE ( 'NONE', #551, #1082 ) ;
#8358 = VECTOR ( 'NONE', #4604, 1000.000000000000000 ) ;
#8357 = PLANE ( 'NONE',  #315 ) ;
#8359 = CARTESIAN_POINT ( 'NONE',  ( 0.3750000000000037748, 0.1199999999999999956, -0.6500000000000000222 ) ) ;
#8360 = EDGE_CURVE ( 'NONE', #7716, #3996, #5458, .T. ) ;
#8361 = CARTESIAN_POINT ( 'NONE',  ( 0.7750000000000001332, 0.05000000000000012768, -0.7549999999999997824 ) ) ;
#8362 = ORIENTED_EDGE ( 'NONE', *, *, #7438, .T. ) ;
#8363 = EDGE_CURVE ( 'NONE', #7631, #1568, #9652, .T. ) ;
#8364 = CARTESIAN_POINT ( 'NONE',  ( -0.4800000000000080869, 0.05000000000000012768, -0.7749999999999952482 ) ) ;
#8365 = ORIENTED_EDGE ( 'NONE', *, *, #9521, .T. ) ;
#8366 = ORIENTED_EDGE ( 'NONE', *, *, #5880, .F. ) ;
#8367 = VECTOR ( 'NONE', #2904, 1000.000000000000000 ) ;
#8368 = FACE_OUTER_BOUND ( 'NONE', #9011, .T. ) ;
#8369 = CARTESIAN_POINT ( 'NONE',  ( -0.4250000000000039302, 0.1199999999999999956, 0.6500000000000003553 ) ) ;
#8370 = PLANE ( 'NONE',  #3142 ) ;
#8371 = VECTOR ( 'NONE', #3964, 1000.000000000000000 ) ;
#8372 = DIRECTION ( 'NONE',  ( 0.000000000000000000, 0.000000000000000000, -1.000000000000000000 ) ) ;
#8374 = ORIENTED_EDGE ( 'NONE', *, *, #1298, .F. ) ;
#8373 = DIRECTION ( 'NONE',  ( -0.000000000000000000, -0.000000000000000000, 1.000000000000000000 ) ) ;
#8375 = EDGE_CURVE ( 'NONE', #8049, #4529, #8337, .T. ) ;
#8376 = ORIENTED_EDGE ( 'NONE', *, *, #7663, .F. ) ;
#8377 = ORIENTED_EDGE ( 'NONE', *, *, #8375, .F. ) ;
#8378 = VECTOR ( 'NONE', #6854, 1000.000000000000000 ) ;
#8379 = VECTOR ( 'NONE', #4254, 1000.000000000000000 ) ;
#8380 = MANIFOLD_SOLID_BREP ( 'Boss-Extrude3[10]', #664 ) ;
#8381 = DIRECTION ( 'NONE',  ( -0.000000000000000000, 1.000000000000000000, -0.000000000000000000 ) ) ;
#8382 = DIRECTION ( 'NONE',  ( 7.744301232039334431E-16, 0.000000000000000000, 1.000000000000000000 ) ) ;
#8383 = VERTEX_POINT ( 'NONE', #3784 ) ;
#8384 = EDGE_CURVE ( 'NONE', #3150, #8745, #9141, .T. ) ;
#8385 = VERTEX_POINT ( 'NONE', #8435 ) ;
#8386 = EDGE_CURVE ( 'NONE', #329, #9600, #4008, .T. ) ;
#8387 = EDGE_CURVE ( 'NONE', #7393, #5007, #2159, .T. ) ;
#8388 = CARTESIAN_POINT ( 'NONE',  ( -0.2999999999999995448, 0.05000000000000012768, 0.9150000000000001465 ) ) ;
#8389 = AXIS2_PLACEMENT_3D ( 'NONE', #9702, #3096, #1670 ) ;
#8390 = DIRECTION ( 'NONE',  ( -0.000000000000000000, -1.000000000000000000, -0.000000000000000000 ) ) ;
#8391 = CARTESIAN_POINT ( 'NONE',  ( 0.7750000000000001332, 0.000000000000000000, -0.7549999999999997824 ) ) ;
#8393 = ORIENTED_EDGE ( 'NONE', *, *, #5183, .F. ) ;
#8392 = VECTOR ( 'NONE', #1720, 1000.000000000000000 ) ;
#8394 = ORIENTED_EDGE ( 'NONE', *, *, #7699, .F. ) ;
#8395 = AXIS2_PLACEMENT_3D ( 'NONE', #5702, #5754, #6359 ) ;
#8396 = CIRCLE ( 'NONE', #9664, 0.02000000000000243944 ) ;
#8397 = DIRECTION ( 'NONE',  ( 0.000000000000000000, 0.000000000000000000, -1.000000000000000000 ) ) ;
#8398 = FILL_AREA_STYLE ('',( #3585 ) ) ;
#8399 = ADVANCED_FACE ( 'NONE', ( #6104 ), #2258, .F. ) ;
#8400 = VERTEX_POINT ( 'NONE', #3071 ) ;
#8401 = FACE_OUTER_BOUND ( 'NONE', #3098, .T. ) ;
#8402 = DIRECTION ( 'NONE',  ( 0.000000000000000000, 0.000000000000000000, -1.000000000000000000 ) ) ;
#8403 = EDGE_LOOP ( 'NONE', ( #1098, #5823, #9134, #9542 ) ) ;
#8404 = CARTESIAN_POINT ( 'NONE',  ( 0.3750000000000037748, 0.06999999999999975686, -0.6500000000000000222 ) ) ;
#8405 = UNCERTAINTY_MEASURE_WITH_UNIT (LENGTH_MEASURE( 1.000000000000000082E-05 ), #2316, 'distance_accuracy_value', 'NONE');
#8407 = EDGE_LOOP ( 'NONE', ( #790, #7117, #4641, #6110, #3209, #5556, #8469, #616 ) ) ;
#8406 = VECTOR ( 'NONE', #5834, 1000.000000000000000 ) ;
#8408 = ORIENTED_EDGE ( 'NONE', *, *, #842, .F. ) ;
#8409 = ORIENTED_EDGE ( 'NONE', *, *, #1840, .T. ) ;
#8410 = EDGE_CURVE ( 'NONE', #8070, #1468, #9243, .T. ) ;
#8411 = PLANE ( 'NONE',  #7373 ) ;
#8412 = DIRECTION ( 'NONE',  ( -0.000000000000000000, 1.000000000000000000, -0.000000000000000000 ) ) ;
#8413 = CARTESIAN_POINT ( 'NONE',  ( 0.7549999999999903455, 0.05000000000000012768, 0.3049999999999999378 ) ) ;
#8414 = DIRECTION ( 'NONE',  ( 0.000000000000000000, 1.000000000000000000, 0.000000000000000000 ) ) ;
#8415 = LINE ( 'NONE', #3293, #1148 ) ;
#8416 = ORIENTED_EDGE ( 'NONE', *, *, #3249, .F. ) ;
#8417 = PLANE ( 'NONE',  #5510 ) ;
#8418 = VERTEX_POINT ( 'NONE', #40 ) ;
#8419 = DIRECTION ( 'NONE',  ( 0.000000000000000000, -1.000000000000000000, 0.000000000000000000 ) ) ;
#8420 = EDGE_CURVE ( 'NONE', #1667, #9973, #3693, .T. ) ;
#8421 = DIRECTION ( 'NONE',  ( -0.000000000000000000, -1.000000000000000000, -0.000000000000000000 ) ) ;
#8422 = CARTESIAN_POINT ( 'NONE',  ( 0.7549999999999853495, 0.05000000000000012768, 0.5950000000000000844 ) ) ;
#8423 = DIRECTION ( 'NONE',  ( 7.744301232039334431E-16, 0.000000000000000000, -1.000000000000000000 ) ) ;
#8424 = VECTOR ( 'NONE', #2683, 1000.000000000000000 ) ;
#8425 = CARTESIAN_POINT ( 'NONE',  ( 0.02500000000000006384, 0.06999999999999975686, 0.7000000000000005107 ) ) ;
#8427 = ORIENTED_EDGE ( 'NONE', *, *, #7237, .T. ) ;
#8426 = DIRECTION ( 'NONE',  ( -0.000000000000000000, -1.000000000000000000, -0.000000000000000000 ) ) ;
#8428 = ORIENTED_EDGE ( 'NONE', *, *, #7205, .T. ) ;
#8429 = LINE ( 'NONE', #5436, #9217 ) ;
#8430 = ORIENTED_EDGE ( 'NONE', *, *, #1616, .F. ) ;
#8431 = ORIENTED_EDGE ( 'NONE', *, *, #1832, .F. ) ;
#8432 = ORIENTED_EDGE ( 'NONE', *, *, #8777, .F. ) ;
#8433 = EDGE_CURVE ( 'NONE', #8885, #5555, #3217, .T. ) ;
#8434 = DIRECTION ( 'NONE',  ( -1.000000000000000000, 0.000000000000000000, 0.000000000000000000 ) ) ;
#8435 = CARTESIAN_POINT ( 'NONE',  ( -0.3750000000000002220, 0.05000000000000012768, -0.5000000000000000000 ) ) ;
#8436 = SURFACE_STYLE_USAGE ( .BOTH. , #5493 ) ;
#8437 = ORIENTED_EDGE ( 'NONE', *, *, #3544, .F. ) ;
#8438 = ORIENTED_EDGE ( 'NONE', *, *, #4551, .T. ) ;
#8440 = VECTOR ( 'NONE', #794, 1000.000000000000000 ) ;
#8439 = CARTESIAN_POINT ( 'NONE',  ( -0.8249999999999997335, 0.5999999999999999778, -0.8250000000000000666 ) ) ;
#8441 = DIRECTION ( 'NONE',  ( 0.000000000000000000, 1.000000000000000000, 0.000000000000000000 ) ) ;
#8442 = LINE ( 'NONE', #646, #8761 ) ;
#8443 = ORIENTED_EDGE ( 'NONE', *, *, #4915, .F. ) ;
#8444 = PLANE ( 'NONE',  #5758 ) ;
#8445 = ADVANCED_FACE ( 'NONE', ( #5058 ), #2600, .T. ) ;
#8446 = EDGE_CURVE ( 'NONE', #8771, #4624, #5639, .T. ) ;
#8447 = EDGE_CURVE ( 'NONE', #1862, #691, #8159, .T. ) ;
#8448 = VECTOR ( 'NONE', #5043, 1000.000000000000000 ) ;
#8449 = LINE ( 'NONE', #1656, #5699 ) ;
#8450 = CARTESIAN_POINT ( 'NONE',  ( 1.000000000000000222, 0.05000000000000012768, 0.9999999999999997780 ) ) ;
#8451 = VERTEX_POINT ( 'NONE', #6298 ) ;
#8452 = FACE_OUTER_BOUND ( 'NONE', #8661, .T. ) ;
#8453 = FACE_OUTER_BOUND ( 'NONE', #5289, .T. ) ;
#8454 = ORIENTED_EDGE ( 'NONE', *, *, #3377, .T. ) ;
#8455 = VECTOR ( 'NONE', #2284, 1000.000000000000000 ) ;
#8456 = VERTEX_POINT ( 'NONE', #7005 ) ;
#8457 = ORIENTED_EDGE ( 'NONE', *, *, #2324, .F. ) ;
#8458 = CARTESIAN_POINT ( 'NONE',  ( -0.3750000000000037748, 0.1199999999999999956, -0.7000000000000000666 ) ) ;
#8459 = ADVANCED_FACE ( 'NONE', ( #3166 ), #9526, .F. ) ;
#8460 = ADVANCED_FACE ( 'NONE', ( #931 ), #184, .F. ) ;
#8461 = STYLED_ITEM ( 'NONE', ( #6956 ), #1822 ) ;
#8462 = CARTESIAN_POINT ( 'NONE',  ( -0.9999999999999997780, 0.1199999999999999956, -0.7000000000000000666 ) ) ;
#8463 = LINE ( 'NONE', #7786, #5635 ) ;
#8464 = CARTESIAN_POINT ( 'NONE',  ( -0.9349999999999858424, 0.05000000000000012768, 0.5950000000000000844 ) ) ;
#8465 = FACE_OUTER_BOUND ( 'NONE', #9303, .T. ) ;
#8466 = DIRECTION ( 'NONE',  ( 1.000000000000000000, 0.000000000000000000, 0.000000000000000000 ) ) ;
#8467 = ORIENTED_EDGE ( 'NONE', *, *, #7823, .F. ) ;
#8468 = PLANE ( 'NONE',  #2124 ) ;
#8469 = ORIENTED_EDGE ( 'NONE', *, *, #3515, .T. ) ;
#8470 = ORIENTED_EDGE ( 'NONE', *, *, #2483, .T. ) ;
#8471 = VECTOR ( 'NONE', #1022, 1000.000000000000000 ) ;
#8472 = DIRECTION ( 'NONE',  ( -0.000000000000000000, -1.000000000000000000, -0.000000000000000000 ) ) ;
#8473 = LINE ( 'NONE', #9276, #6115 ) ;
#8474 = LINE ( 'NONE', #3822, #2172 ) ;
#8475 = CARTESIAN_POINT ( 'NONE',  ( -0.8249999999999997335, 0.5999999999999999778, -0.8250000000000000666 ) ) ;
#8477 = VERTEX_POINT ( 'NONE', #7970 ) ;
#8476 = CARTESIAN_POINT ( 'NONE',  ( -0.9349999999999906164, 0.05000000000000012768, 0.1449999999999999345 ) ) ;
#8478 = DIRECTION ( 'NONE',  ( 0.000000000000000000, 0.000000000000000000, 1.000000000000000000 ) ) ;
#8479 = EDGE_CURVE ( 'NONE', #7449, #7371, #89, .T. ) ;
#8480 = DIRECTION ( 'NONE',  ( 0.000000000000000000, 1.000000000000000000, -0.000000000000000000 ) ) ;
#8481 = EDGE_LOOP ( 'NONE', ( #6637, #1848, #2637, #3669 ) ) ;
#8482 = ADVANCED_FACE ( 'NONE', ( #7860 ), #5541, .F. ) ;
#8483 = AXIS2_PLACEMENT_3D ( 'NONE', #7812, #8542, #833 ) ;
#8484 = ORIENTED_EDGE ( 'NONE', *, *, #8077, .T. ) ;
#8485 = VERTEX_POINT ( 'NONE', #6439 ) ;
#8486 = SURFACE_STYLE_USAGE ( .BOTH. , #6900 ) ;
#8488 = AXIS2_PLACEMENT_3D ( 'NONE', #4400, #5161, #555 ) ;
#8487 = DIRECTION ( 'NONE',  ( -1.000000000000000000, -0.000000000000000000, -0.000000000000000000 ) ) ;
#8489 = LINE ( 'NONE', #639, #2006 ) ;
#8490 = DIRECTION ( 'NONE',  ( 0.000000000000000000, 0.000000000000000000, 1.000000000000000000 ) ) ;
#8491 = ORIENTED_EDGE ( 'NONE', *, *, #5986, .T. ) ;
#8492 = VERTEX_POINT ( 'NONE', #1800 ) ;
#8493 = DIRECTION ( 'NONE',  ( 0.000000000000000000, 0.000000000000000000, 1.000000000000000000 ) ) ;
#8494 = PLANE ( 'NONE',  #689 ) ;
#8495 = EDGE_CURVE ( 'NONE', #7372, #1633, #2453, .T. ) ;
#8496 = DIRECTION ( 'NONE',  ( 0.000000000000000000, 1.000000000000000000, -0.000000000000000000 ) ) ;
#8497 = ADVANCED_FACE ( 'NONE', ( #4827 ), #2406, .F. ) ;
#8498 = VERTEX_POINT ( 'NONE', #7813 ) ;
#8499 = VECTOR ( 'NONE', #7221, 1000.000000000000000 ) ;
#8500 =( NAMED_UNIT ( * ) PLANE_ANGLE_UNIT ( ) SI_UNIT ( $, .RADIAN. ) );
#8501 = LINE ( 'NONE', #9346, #8197 ) ;
#8502 = CARTESIAN_POINT ( 'NONE',  ( -0.3200000000000000622, 0.05000000000000012768, -0.7549999999999950084 ) ) ;
#8503 = VECTOR ( 'NONE', #2515, 1000.000000000000000 ) ;
#8504 =( NAMED_UNIT ( * ) SI_UNIT ( $, .STERADIAN. ) SOLID_ANGLE_UNIT ( ) );
#8505 = VERTEX_POINT ( 'NONE', #2498 ) ;
#8506 = DIRECTION ( 'NONE',  ( 1.000000000000000000, -0.000000000000000000, -0.000000000000000000 ) ) ;
#8507 = DIRECTION ( 'NONE',  ( 0.000000000000000000, 0.000000000000000000, 1.000000000000000000 ) ) ;
#8508 = VERTEX_POINT ( 'NONE', #7151 ) ;
#8509 = EDGE_CURVE ( 'NONE', #2897, #8477, #8901, .T. ) ;
#8510 = VERTEX_POINT ( 'NONE', #883 ) ;
#8511 = ORIENTED_EDGE ( 'NONE', *, *, #9274, .F. ) ;
#8512 = VECTOR ( 'NONE', #5396, 1000.000000000000000 ) ;
#8513 = CYLINDRICAL_SURFACE ( 'NONE', #9507, 0.02000000000000005246 ) ;
#8514 = PLANE ( 'NONE',  #87 ) ;
#8515 = CARTESIAN_POINT ( 'NONE',  ( -0.8249999999999997335, 0.5799999999999998490, -0.7249999999999999778 ) ) ;
#8516 = CARTESIAN_POINT ( 'NONE',  ( -0.7749999999999953593, 0.000000000000000000, -0.1250000000000000000 ) ) ;
#8518 = VERTEX_POINT ( 'NONE', #278 ) ;
#8517 = VECTOR ( 'NONE', #7593, 1000.000000000000000 ) ;
#8520 = EDGE_CURVE ( 'NONE', #9249, #1000, #3975, .T. ) ;
#8519 = LINE ( 'NONE', #4756, #5358 ) ;
#8521 = EDGE_CURVE ( 'NONE', #8492, #8726, #452, .T. ) ;
#8522 = EDGE_CURVE ( 'NONE', #1272, #9449, #2550, .T. ) ;
#8523 = EDGE_LOOP ( 'NONE', ( #8011, #2840, #3436, #8903 ) ) ;
#8524 = MANIFOLD_SOLID_BREP ( 'Boss-Extrude3[3]', #2433 ) ;
#8525 = LINE ( 'NONE', #1473, #4131 ) ;
#8526 = AXIS2_PLACEMENT_3D ( 'NONE', #9938, #7723, #797 ) ;
#8527 = CARTESIAN_POINT ( 'NONE',  ( 0.3750000000000037748, 0.1199999999999999956, -0.7000000000000000666 ) ) ;
#8528 = DIRECTION ( 'NONE',  ( 1.000000000000000000, -0.000000000000000000, -0.000000000000000000 ) ) ;
#8529 = CARTESIAN_POINT ( 'NONE',  ( -0.4250000000000039302, 0.1199999999999999956, 0.2500000000000004441 ) ) ;
#8530 = CARTESIAN_POINT ( 'NONE',  ( 1.000000000000000222, 0.06999999999999975686, -0.2500000000000000000 ) ) ;
#8532 = ORIENTED_EDGE ( 'NONE', *, *, #4357, .F. ) ;
#8531 = FACE_OUTER_BOUND ( 'NONE', #6001, .T. ) ;
#8534 = EDGE_CURVE ( 'NONE', #520, #4941, #8206, .T. ) ;
#8533 = VERTEX_POINT ( 'NONE', #9009 ) ;
#8535 = DIRECTION ( 'NONE',  ( 0.000000000000000000, -1.000000000000000000, 0.000000000000000000 ) ) ;
#8536 = ORIENTED_EDGE ( 'NONE', *, *, #3486, .T. ) ;
#8537 = VECTOR ( 'NONE', #7671, 1000.000000000000000 ) ;
#8538 = ORIENTED_EDGE ( 'NONE', *, *, #3688, .F. ) ;
#8539 = EDGE_CURVE ( 'NONE', #3522, #6081, #7377, .T. ) ;
#8540 = VECTOR ( 'NONE', #6672, 1000.000000000000000 ) ;
#8541 = CARTESIAN_POINT ( 'NONE',  ( 0.02500000000000006384, 0.06999999999999975686, -0.6500000000000000222 ) ) ;
#8542 = DIRECTION ( 'NONE',  ( 0.000000000000000000, -1.000000000000000000, 0.000000000000000000 ) ) ;
#8543 = CARTESIAN_POINT ( 'NONE',  ( 0.4250000000000039302, 0.1199999999999999956, -0.7000000000000000666 ) ) ;
#8544 = ORIENTED_EDGE ( 'NONE', *, *, #9371, .T. ) ;
#8545 = DIRECTION ( 'NONE',  ( 0.000000000000000000, 0.000000000000000000, 1.000000000000000000 ) ) ;
#8546 = FACE_OUTER_BOUND ( 'NONE', #3643, .T. ) ;
#8547 = DIRECTION ( 'NONE',  ( 0.000000000000000000, 1.000000000000000000, -0.000000000000000000 ) ) ;
#8548 = VECTOR ( 'NONE', #2654, 1000.000000000000000 ) ;
#8549 = AXIS2_PLACEMENT_3D ( 'NONE', #2353, #4825, #1590 ) ;
#8550 = CARTESIAN_POINT ( 'NONE',  ( -0.9999999999999997780, 0.06999999999999985401, -0.1999999999999998723 ) ) ;
#8551 = EDGE_CURVE ( 'NONE', #1828, #660, #8310, .T. ) ;
#8552 = AXIS2_PLACEMENT_3D ( 'NONE', #1826, #8046, #1057 ) ;
#8554 = VECTOR ( 'NONE', #1630, 1000.000000000000000 ) ;
#8553 = DIRECTION ( 'NONE',  ( 1.000000000000000000, -0.000000000000000000, -0.000000000000000000 ) ) ;
#8555 =( NAMED_UNIT ( * ) SI_UNIT ( $, .STERADIAN. ) SOLID_ANGLE_UNIT ( ) );
#8556 = EDGE_LOOP ( 'NONE', ( #8229, #7645, #9933, #6602 ) ) ;
#8557 = DIRECTION ( 'NONE',  ( -0.000000000000000000, 1.000000000000000000, -0.000000000000000000 ) ) ;
#8558 = DIRECTION ( 'NONE',  ( 0.000000000000000000, 1.000000000000000000, 0.000000000000000000 ) ) ;
#8559 = EDGE_LOOP ( 'NONE', ( #2278, #6605, #2455, #6866 ) ) ;
#8560 = VERTEX_POINT ( 'NONE', #2131 ) ;
#8561 = CIRCLE ( 'NONE', #9826, 0.02000000000000005246 ) ;
#8562 = VECTOR ( 'NONE', #4853, 1000.000000000000000 ) ;
#8563 = EDGE_CURVE ( 'NONE', #4768, #9041, #9860, .T. ) ;
#8564 = CARTESIAN_POINT ( 'NONE',  ( -0.4800000000000080869, 0.000000000000000000, 0.9349999999999983880 ) ) ;
#8565 = DIRECTION ( 'NONE',  ( 0.000000000000000000, 0.000000000000000000, -1.000000000000000000 ) ) ;
#8566 = ORIENTED_EDGE ( 'NONE', *, *, #5889, .T. ) ;
#8567 = FACE_OUTER_BOUND ( 'NONE', #5864, .T. ) ;
#8569 = LINE ( 'NONE', #4708, #6747 ) ;
#8568 = CIRCLE ( 'NONE', #5158, 0.02000000000000005246 ) ;
#8570 = AXIS2_PLACEMENT_3D ( 'NONE', #4234, #6759, #7467 ) ;
#8571 = CARTESIAN_POINT ( 'NONE',  ( -0.9999999999999997780, 0.06999999999999985401, 0.7000000000000005107 ) ) ;
#8572 = ORIENTED_EDGE ( 'NONE', *, *, #8596, .F. ) ;
#8573 = PLANE ( 'NONE',  #190 ) ;
#8574 = EDGE_LOOP ( 'NONE', ( #5085, #2148, #9135, #3728, #3037, #3647, #9286, #5376 ) ) ;
#8575 = CARTESIAN_POINT ( 'NONE',  ( -0.9999999999999997780, 0.06999999999999975686, 0.2500000000000003331 ) ) ;
#8576 = ADVANCED_FACE ( 'NONE', ( #9806 ), #2894, .T. ) ;
#8577 = EDGE_CURVE ( 'NONE', #7702, #1429, #6719, .T. ) ;
#8578 = DIRECTION ( 'NONE',  ( 0.000000000000000000, 0.000000000000000000, 1.000000000000000000 ) ) ;
#8579 = DIRECTION ( 'NONE',  ( -0.000000000000000000, -0.000000000000000000, 1.000000000000000000 ) ) ;
#8580 = DIRECTION ( 'NONE',  ( 0.000000000000000000, 0.000000000000000000, 1.000000000000000000 ) ) ;
#8581 = CARTESIAN_POINT ( 'NONE',  ( -0.4250000000000039302, 0.06999999999999975686, 0.9999999999999997780 ) ) ;
#8582 = ORIENTED_EDGE ( 'NONE', *, *, #3692, .F. ) ;
#8583 = LINE ( 'NONE', #3109, #3408 ) ;
#8584 = EDGE_LOOP ( 'NONE', ( #576, #3592, #8239, #6897 ) ) ;
#8585 = ORIENTED_EDGE ( 'NONE', *, *, #7921, .F. ) ;
#8586 = VERTEX_POINT ( 'NONE', #2837 ) ;
#8587 = EDGE_CURVE ( 'NONE', #8303, #6784, #7429, .T. ) ;
#8588 = EDGE_CURVE ( 'NONE', #7021, #8807, #2949, .T. ) ;
#8589 = LINE ( 'NONE', #7101, #7721 ) ;
#8590 = CARTESIAN_POINT ( 'NONE',  ( -0.3750000000000037748, 0.06999999999999975686, 0.2500000000000004441 ) ) ;
#8591 = CARTESIAN_POINT ( 'NONE',  ( 0.08000000000000009881, 0.05000000000000012768, -0.7749999999999999112 ) ) ;
#8592 = ORIENTED_EDGE ( 'NONE', *, *, #6691, .T. ) ;
#8593 = DIRECTION ( 'NONE',  ( 0.000000000000000000, 1.000000000000000000, -0.000000000000000000 ) ) ;
#8594 = DIRECTION ( 'NONE',  ( -1.000000000000000000, 0.000000000000000000, 0.000000000000000000 ) ) ;
#8595 = CARTESIAN_POINT ( 'NONE',  ( 1.000000000000000222, 0.5999999999999999778, 0.9999999999999997780 ) ) ;
#8596 = EDGE_CURVE ( 'NONE', #9002, #8147, #4659, .T. ) ;
#8597 = VECTOR ( 'NONE', #6079, 1000.000000000000000 ) ;
#8598 = LINE ( 'NONE', #9386, #3983 ) ;
#8599 = PLANE ( 'NONE',  #5442 ) ;
#8600 = PLANE ( 'NONE',  #6446 ) ;
#8601 = ORIENTED_EDGE ( 'NONE', *, *, #1996, .F. ) ;
#8602 = CARTESIAN_POINT ( 'NONE',  ( -0.4250000000000039302, 0.06999999999999986788, 0.7000000000000005107 ) ) ;
#8603 = DIRECTION ( 'NONE',  ( 0.000000000000000000, 0.000000000000000000, -1.000000000000000000 ) ) ;
#8604 = ORIENTED_EDGE ( 'NONE', *, *, #8534, .T. ) ;
#8605 = ORIENTED_EDGE ( 'NONE', *, *, #9396, .T. ) ;
#8606 = EDGE_CURVE ( 'NONE', #7527, #4768, #7533, .T. ) ;
#8607 = CIRCLE ( 'NONE', #1302, 0.02000000000000005246 ) ;
#8608 = DIRECTION ( 'NONE',  ( -0.000000000000000000, -1.000000000000000000, -0.000000000000000000 ) ) ;
#8609 = CARTESIAN_POINT ( 'NONE',  ( 0.4250000000000039302, 0.1199999999999999956, -0.2500000000000000000 ) ) ;
#8611 = AXIS2_PLACEMENT_3D ( 'NONE', #9502, #3999, #1011 ) ;
#8610 = CARTESIAN_POINT ( 'NONE',  ( 0.7550000000000000044, 0.05000000000000012768, -0.7549999999999996714 ) ) ;
#8612 = AXIS2_PLACEMENT_3D ( 'NONE', #2152, #9183, #8327 ) ;
#8613 = CARTESIAN_POINT ( 'NONE',  ( -0.8249999999999997335, 0.5799999999999998490, -0.8250000000000000666 ) ) ;
#8614 = DIRECTION ( 'NONE',  ( 1.000000000000000000, 0.000000000000000000, -1.885568995626976613E-16 ) ) ;
#8615 = EDGE_LOOP ( 'NONE', ( #8431, #3233, #4307, #1294 ) ) ;
#8616 = LINE ( 'NONE', #6228, #7120 ) ;
#8617 = VERTEX_POINT ( 'NONE', #667 ) ;
#8618 = VECTOR ( 'NONE', #2650, 1000.000000000000000 ) ;
#8619 = CARTESIAN_POINT ( 'NONE',  ( -0.4799999999999999267, 0.05000000000000012768, -0.9349999999999998312 ) ) ;
#8620 = CARTESIAN_POINT ( 'NONE',  ( 0.3750000000000037748, 0.06999999999999975686, 0.6500000000000003553 ) ) ;
#8621 = CARTESIAN_POINT ( 'NONE',  ( -0.3200000000000089995, 0.000000000000000000, 0.9149999999999969269 ) ) ;
#8622 = CARTESIAN_POINT ( 'NONE',  ( -0.9150000000000000355, 0.05000000000000012768, -0.5950000000000000844 ) ) ;
#8623 = ORIENTED_EDGE ( 'NONE', *, *, #3820, .T. ) ;
#8624 = CARTESIAN_POINT ( 'NONE',  ( 0.3200000000000000622, 0.000000000000000000, -0.7549999999999997824 ) ) ;
#8626 = PRESENTATION_LAYER_ASSIGNMENT (  '', '', ( #4576 ) ) ;
#8625 = PRODUCT_CONTEXT ( 'NONE', #1352, 'mechanical' ) ;
#8627 = VERTEX_POINT ( 'NONE', #3762 ) ;
#8628 = EDGE_CURVE ( 'NONE', #1243, #1155, #2711, .T. ) ;
#8629 = ORIENTED_EDGE ( 'NONE', *, *, #2822, .F. ) ;
#8630 = PLANE ( 'NONE',  #2877 ) ;
#8631 = CARTESIAN_POINT ( 'NONE',  ( -0.4250000000000039302, 0.06999999999999986788, -1.000000000000000222 ) ) ;
#8632 = DIRECTION ( 'NONE',  ( 1.161645184805899918E-15, 0.000000000000000000, -1.000000000000000000 ) ) ;
#8633 = LINE ( 'NONE', #9381, #702 ) ;
#8634 = ORIENTED_EDGE ( 'NONE', *, *, #3556, .T. ) ;
#8635 = ORIENTED_EDGE ( 'NONE', *, *, #9787, .F. ) ;
#8636 = DIRECTION ( 'NONE',  ( 1.000000000000000000, 0.000000000000000000, 0.000000000000000000 ) ) ;
#8637 = LINE ( 'NONE', #1700, #7790 ) ;
#8638 = DIRECTION ( 'NONE',  ( 0.000000000000000000, 1.000000000000000000, 0.000000000000000000 ) ) ;
#8639 = EDGE_CURVE ( 'NONE', #2951, #5997, #9167, .T. ) ;
#8640 = ADVANCED_FACE ( 'NONE', ( #5322 ), #1196, .F. ) ;
#8641 = ADVANCED_FACE ( 'NONE', ( #5465 ), #9402, .F. ) ;
#8642 = EDGE_LOOP ( 'NONE', ( #2431, #6848, #3294, #6615 ) ) ;
#8643 = DIRECTION ( 'NONE',  ( 0.000000000000000000, 1.000000000000000000, 0.000000000000000000 ) ) ;
#8644 = VECTOR ( 'NONE', #2103, 1000.000000000000000 ) ;
#8645 = CARTESIAN_POINT ( 'NONE',  ( -0.9149999999999952616, 0.000000000000000000, -0.1250000000000000000 ) ) ;
#8646 = CYLINDRICAL_SURFACE ( 'NONE', #8234, 0.1250000000000000000 ) ;
#8647 = FILL_AREA_STYLE ('',( #6258 ) ) ;
#8648 = ORIENTED_EDGE ( 'NONE', *, *, #4503, .F. ) ;
#8649 = CARTESIAN_POINT ( 'NONE',  ( 0.4799999999999999822, 0.05000000000000012768, -0.7549999999999997824 ) ) ;
#8650 = DIRECTION ( 'NONE',  ( 0.000000000000000000, 0.000000000000000000, 1.000000000000000000 ) ) ;
#8651 = VERTEX_POINT ( 'NONE', #6178 ) ;
#8652 = AXIS2_PLACEMENT_3D ( 'NONE', #5676, #8767, #2632 ) ;
#8653 = ORIENTED_EDGE ( 'NONE', *, *, #2548, .T. ) ;
#8654 = VECTOR ( 'NONE', #5310, 1000.000000000000000 ) ;
#8655 = ADVANCED_FACE ( 'NONE', ( #7076 ), #5514, .T. ) ;
#8656 = DIRECTION ( 'NONE',  ( -0.000000000000000000, -0.000000000000000000, 1.000000000000000000 ) ) ;
#8657 = EDGE_LOOP ( 'NONE', ( #2529, #2775, #8572, #2857, #4717, #9615, #5725, #1086 ) ) ;
#8658 = DIRECTION ( 'NONE',  ( 0.000000000000000000, 0.000000000000000000, 1.000000000000000000 ) ) ;
#8659 = DIRECTION ( 'NONE',  ( -1.000000000000000000, 0.000000000000000000, 0.000000000000000000 ) ) ;
#8660 = CARTESIAN_POINT ( 'NONE',  ( -0.07999999999999944655, 0.000000000000000000, 0.7550000000000000044 ) ) ;
#8661 = EDGE_LOOP ( 'NONE', ( #5242, #730, #3834, #1503 ) ) ;
#8662 = CARTESIAN_POINT ( 'NONE',  ( 1.000000000000000222, 0.1199999999999999956, -0.1999999999999998723 ) ) ;
#8663 = ORIENTED_EDGE ( 'NONE', *, *, #5297, .T. ) ;
#8664 = EDGE_LOOP ( 'NONE', ( #4379, #1814, #9418, #6666 ) ) ;
#8665 = VECTOR ( 'NONE', #1083, 1000.000000000000000 ) ;
#8666 = EDGE_CURVE ( 'NONE', #925, #9928, #6225, .T. ) ;
#8667 = DIRECTION ( 'NONE',  ( -0.000000000000000000, -0.000000000000000000, -1.000000000000000000 ) ) ;
#8668 = ADVANCED_FACE ( 'NONE', ( #7640 ), #2329, .T. ) ;
#8669 = PLANE ( 'NONE',  #8323 ) ;
#8670 = CARTESIAN_POINT ( 'NONE',  ( -0.2999999999999999334, 0.05000000000000012768, -0.7750000000000000222 ) ) ;
#8671 = ORIENTED_EDGE ( 'NONE', *, *, #9683, .T. ) ;
#8672 = DIRECTION ( 'NONE',  ( 0.000000000000000000, 1.000000000000000000, 0.000000000000000000 ) ) ;
#8673 = ORIENTED_EDGE ( 'NONE', *, *, #1641, .F. ) ;
#8674 = ORIENTED_EDGE ( 'NONE', *, *, #9788, .T. ) ;
#8675 = ORIENTED_EDGE ( 'NONE', *, *, #9255, .F. ) ;
#8676 = VECTOR ( 'NONE', #3089, 1000.000000000000000 ) ;
#8677 = DIRECTION ( 'NONE',  ( 0.000000000000000000, 0.000000000000000000, 1.000000000000000000 ) ) ;
#8678 = LINE ( 'NONE', #133, #6111 ) ;
#8679 = EDGE_CURVE ( 'NONE', #5486, #2569, #907, .T. ) ;
#8680 = CARTESIAN_POINT ( 'NONE',  ( 0.08000000000000009881, 0.000000000000000000, -0.7749999999999999112 ) ) ;
#8681 = CARTESIAN_POINT ( 'NONE',  ( -0.5000000000000082157, 0.05000000000000012768, 0.7749999999999984679 ) ) ;
#8682 = AXIS2_PLACEMENT_3D ( 'NONE', #4265, #5841, #8921 ) ;
#8683 = DIRECTION ( 'NONE',  ( 0.000000000000000000, 0.000000000000000000, 1.000000000000000000 ) ) ;
#8684 = ORIENTED_EDGE ( 'NONE', *, *, #6974, .T. ) ;
#8685 = ORIENTED_EDGE ( 'NONE', *, *, #3652, .F. ) ;
#8686 = PLANE ( 'NONE',  #1108 ) ;
#8687 = LINE ( 'NONE', #6959, #2763 ) ;
#8688 = CARTESIAN_POINT ( 'NONE',  ( 0.4250000000000039302, 0.06999999999999985401, -0.1999999999999998723 ) ) ;
#8689 = VERTEX_POINT ( 'NONE', #6273 ) ;
#8690 = CARTESIAN_POINT ( 'NONE',  ( -0.9149999999999905986, 0.05000000000000012768, 0.1449999999999999345 ) ) ;
#8691 = AXIS2_PLACEMENT_3D ( 'NONE', #7909, #980, #5733 ) ;
#8692 = ADVANCED_FACE ( 'NONE', ( #3239 ), #6131, .F. ) ;
#8693 = EDGE_CURVE ( 'NONE', #1125, #5437, #8569, .T. ) ;
#8694 = EDGE_CURVE ( 'NONE', #8560, #6452, #1566, .T. ) ;
#8695 = DIRECTION ( 'NONE',  ( 0.000000000000000000, 1.000000000000000000, -0.000000000000000000 ) ) ;
#8696 = DIRECTION ( 'NONE',  ( -0.000000000000000000, -0.000000000000000000, 1.000000000000000000 ) ) ;
#8697 = VERTEX_POINT ( 'NONE', #6878 ) ;
#8698 = FACE_BOUND ( 'NONE', #5128, .T. ) ;
#8699 = LINE ( 'NONE', #2611, #5644 ) ;
#8701 = VERTEX_POINT ( 'NONE', #7688 ) ;
#8700 = VECTOR ( 'NONE', #5144, 1000.000000000000000 ) ;
#8702 = ORIENTED_EDGE ( 'NONE', *, *, #7382, .T. ) ;
#8703 = ORIENTED_EDGE ( 'NONE', *, *, #6158, .T. ) ;
#8704 = COLOUR_RGB ( '',0.7921568627450980005, 0.8196078431372548767, 0.9333333333333333481 ) ;
#8705 = CIRCLE ( 'NONE', #4968, 0.02000000000000005246 ) ;
#8706 = EDGE_CURVE ( 'NONE', #5898, #7715, #861, .T. ) ;
#8707 = DIRECTION ( 'NONE',  ( 0.000000000000000000, 0.000000000000000000, -1.000000000000000000 ) ) ;
#8708 = LINE ( 'NONE', #1920, #8333 ) ;
#8709 = CARTESIAN_POINT ( 'NONE',  ( 1.000000000000000222, 0.06999999999999975686, 0.2500000000000003331 ) ) ;
#8710 = CARTESIAN_POINT ( 'NONE',  ( 0.3750000000000037748, 0.06999999999999975686, -1.000000000000000222 ) ) ;
#8711 = ORIENTED_EDGE ( 'NONE', *, *, #3397, .F. ) ;
#8712 = DIRECTION ( 'NONE',  ( 0.000000000000000000, 1.000000000000000000, 0.000000000000000000 ) ) ;
#8714 = VERTEX_POINT ( 'NONE', #3956 ) ;
#8713 = VECTOR ( 'NONE', #6982, 1000.000000000000000 ) ;
#8715 = EDGE_LOOP ( 'NONE', ( #25, #7351, #3849, #7316 ) ) ;
#8716 = VECTOR ( 'NONE', #9655, 1000.000000000000000 ) ;
#8717 = EDGE_CURVE ( 'NONE', #806, #329, #3191, .T. ) ;
#8718 = DIRECTION ( 'NONE',  ( -0.000000000000000000, 0.000000000000000000, 1.000000000000000000 ) ) ;
#8719 = CIRCLE ( 'NONE', #2893, 0.02000000000000005246 ) ;
#8720 = CIRCLE ( 'NONE', #7569, 0.02000000000000005246 ) ;
#8721 = CARTESIAN_POINT ( 'NONE',  ( 0.4800000000000004263, 0.05000000000000012768, 0.9149999999999998135 ) ) ;
#8722 = CARTESIAN_POINT ( 'NONE',  ( -0.09999999999999999167, 0.000000000000000000, -0.9149999999999997025 ) ) ;
#8723 = DIRECTION ( 'NONE',  ( 0.000000000000000000, 0.000000000000000000, 1.000000000000000000 ) ) ;
#8724 = ORIENTED_EDGE ( 'NONE', *, *, #8375, .T. ) ;
#8725 = DIRECTION ( 'NONE',  ( 1.000000000000000000, 0.000000000000000000, 0.000000000000000000 ) ) ;
#8726 = VERTEX_POINT ( 'NONE', #69 ) ;
#8727 = ORIENTED_EDGE ( 'NONE', *, *, #6546, .F. ) ;
#8728 = ORIENTED_EDGE ( 'NONE', *, *, #347, .T. ) ;
#8729 = ORIENTED_EDGE ( 'NONE', *, *, #6449, .T. ) ;
#8730 = CIRCLE ( 'NONE', #5488, 0.02000000000000005246 ) ;
#8731 = ADVANCED_FACE ( 'NONE', ( #1623 ), #9958, .F. ) ;
#8732 = CYLINDRICAL_SURFACE ( 'NONE', #617, 0.02000000000000005246 ) ;
#8733 = DIRECTION ( 'NONE',  ( -0.000000000000000000, -1.000000000000000000, -0.000000000000000000 ) ) ;
#8734 = DIRECTION ( 'NONE',  ( 0.000000000000000000, 0.000000000000000000, 1.000000000000000000 ) ) ;
#8735 = CARTESIAN_POINT ( 'NONE',  ( 0.4800000000000000933, 0.05000000000000012768, -0.7749999999999999112 ) ) ;
#8736 = ORIENTED_EDGE ( 'NONE', *, *, #6097, .T. ) ;
#8737 = VERTEX_POINT ( 'NONE', #115 ) ;
#8738 = CARTESIAN_POINT ( 'NONE',  ( -0.07999999999999929390, 0.05000000000000012768, 0.9350000000000000533 ) ) ;
#8739 = CARTESIAN_POINT ( 'NONE',  ( 0.07999999999999977962, 0.000000000000000000, -0.9349999999999998312 ) ) ;
#8740 = CARTESIAN_POINT ( 'NONE',  ( -0.8249999999999997335, 0.5799999999999998490, -0.7249999999999999778 ) ) ;
#8741 = EDGE_CURVE ( 'NONE', #8009, #2296, #4499, .T. ) ;
#8742 = DIRECTION ( 'NONE',  ( 1.000000000000000000, 0.000000000000000000, 0.000000000000000000 ) ) ;
#8743 = FACE_OUTER_BOUND ( 'NONE', #5631, .T. ) ;
#8744 =( NAMED_UNIT ( * ) SI_UNIT ( $, .STERADIAN. ) SOLID_ANGLE_UNIT ( ) );
#8745 = VERTEX_POINT ( 'NONE', #2427 ) ;
#8747 = CLOSED_SHELL ( 'NONE', ( #1943, #1889, #5969, #5727, #9042, #1061, #8640, #6278, #4117, #2757, #5564, #2290, #2561, #8459, #7381, #8821, #2633, #8051, #3677, #6448, #4849, #1975, #2045, #2106, #7761, #1682, #2628, #7634, #6937, #2302, #4244, #2247, #3325, #796, #7277, #718, #2521, #4059, #2435, #7500, #5296, #7192, #7826, #1638, #8482, #4289, #2807, #6458, #7368, #746, #5499, #1485, #2872, #4892, #9612, #4161, #4315, #8095, #4748, #1437, #8655, #6024, #96, #9324, #1241, #4800, #5416, #3755, #8144, #9813, #7436, #5443, #2537, #8874, #6963, #3313, #1962, #9219 ) ) ;
#8746 = DIRECTION ( 'NONE',  ( -0.000000000000000000, -0.000000000000000000, -1.000000000000000000 ) ) ;
#8748 = VERTEX_POINT ( 'NONE', #4655 ) ;
#8749 = ORIENTED_EDGE ( 'NONE', *, *, #9241, .F. ) ;
#8750 = ADVANCED_FACE ( 'NONE', ( #8465 ), #4753, .F. ) ;
#8751 = ADVANCED_FACE ( 'NONE', ( #7742 ), #815, .T. ) ;
#8752 = CIRCLE ( 'NONE', #4055, 0.02000000000000005246 ) ;
#8753 = FACE_OUTER_BOUND ( 'NONE', #8715, .T. ) ;
#8754 = CARTESIAN_POINT ( 'NONE',  ( 0.9149999999999903766, 0.000000000000000000, 0.1250000000000001110 ) ) ;
#8755 = CARTESIAN_POINT ( 'NONE',  ( 0.7750000000000002442, 0.05000000000000012768, -0.7749999999999999112 ) ) ;
#8756 = DIRECTION ( 'NONE',  ( -0.000000000000000000, -0.000000000000000000, 1.000000000000000000 ) ) ;
#8757 = CARTESIAN_POINT ( 'NONE',  ( -0.4250000000000039302, 0.06999999999999985401, -0.7000000000000000666 ) ) ;
#8758 = LINE ( 'NONE', #2581, #3769 ) ;
#8759 = ORIENTED_EDGE ( 'NONE', *, *, #1424, .T. ) ;
#8760 = DIRECTION ( 'NONE',  ( -1.000000000000000000, 0.000000000000000000, 0.000000000000000000 ) ) ;
#8761 = VECTOR ( 'NONE', #7614, 1000.000000000000000 ) ;
#8762 = ORIENTED_EDGE ( 'NONE', *, *, #2034, .F. ) ;
#8763 = EDGE_CURVE ( 'NONE', #7702, #1841, #3483, .T. ) ;
#8764 = EDGE_CURVE ( 'NONE', #100, #1511, #9646, .T. ) ;
#8765 = AXIS2_PLACEMENT_3D ( 'NONE', #2244, #776, #1477 ) ;
#8766 = FACE_OUTER_BOUND ( 'NONE', #6183, .T. ) ;
#8767 = DIRECTION ( 'NONE',  ( 0.000000000000000000, 1.000000000000000000, 0.000000000000000000 ) ) ;
#8768 = LINE ( 'NONE', #2634, #5397 ) ;
#8769 = ORIENTED_EDGE ( 'NONE', *, *, #8963, .F. ) ;
#8770 = ORIENTED_EDGE ( 'NONE', *, *, #8852, .T. ) ;
#8771 = VERTEX_POINT ( 'NONE', #8099 ) ;
#8772 = VECTOR ( 'NONE', #5977, 1000.000000000000000 ) ;
#8773 = ORIENTED_EDGE ( 'NONE', *, *, #8717, .F. ) ;
#8774 = PLANE ( 'NONE',  #8691 ) ;
#8775 = LINE ( 'NONE', #3363, #4324 ) ;
#8776 = DIRECTION ( 'NONE',  ( 0.000000000000000000, 0.000000000000000000, -1.000000000000000000 ) ) ;
#8777 = EDGE_CURVE ( 'NONE', #9249, #7669, #4194, .T. ) ;
#8778 = AXIS2_PLACEMENT_3D ( 'NONE', #8735, #376, #1035 ) ;
#8779 = EDGE_CURVE ( 'NONE', #6419, #9271, #3392, .T. ) ;
#8780 = CYLINDRICAL_SURFACE ( 'NONE', #3606, 0.1000000000000001582 ) ;
#8781 = VERTEX_POINT ( 'NONE', #6463 ) ;
#8782 = CARTESIAN_POINT ( 'NONE',  ( -0.02500000000000006384, 0.1199999999999999956, 0.2000000000000002054 ) ) ;
#8783 = LINE ( 'NONE', #4885, #4884 ) ;
#8784 = DIRECTION ( 'NONE',  ( 0.000000000000000000, 0.000000000000000000, -1.000000000000000000 ) ) ;
#8785 = ADVANCED_BREP_SHAPE_REPRESENTATION ( 'SKY13416-485LF', ( #1794, #5209, #8079, #8524, #1704, #5073, #1668, #1390, #5039, #1621, #8380, #1721, #4725, #4955, #5104, #8334, #1808, #1822, #479 ), #1448 ) ;
#8786 = FACE_OUTER_BOUND ( 'NONE', #197, .T. ) ;
#8787 = CARTESIAN_POINT ( 'NONE',  ( 0.2999999999999999334, 0.05000000000000012768, -0.7750000000000000222 ) ) ;
#8788 = ADVANCED_FACE ( 'NONE', ( #2526 ), #6368, .F. ) ;
#8789 = LINE ( 'NONE', #1855, #466 ) ;
#8790 = EDGE_CURVE ( 'NONE', #1564, #9528, #400, .T. ) ;
#8791 = CARTESIAN_POINT ( 'NONE',  ( -0.9350000000000000533, 0.000000000000000000, -0.5950000000000001954 ) ) ;
#8792 = ORIENTED_EDGE ( 'NONE', *, *, #1614, .T. ) ;
#8793 = FACE_OUTER_BOUND ( 'NONE', #4769, .T. ) ;
#8794 = ORIENTED_EDGE ( 'NONE', *, *, #23, .T. ) ;
#8795 = UNCERTAINTY_MEASURE_WITH_UNIT (LENGTH_MEASURE( 1.000000000000000082E-05 ), #99, 'distance_accuracy_value', 'NONE');
#8796 = ORIENTED_EDGE ( 'NONE', *, *, #926, .F. ) ;
#8797 = VECTOR ( 'NONE', #1314, 1000.000000000000000 ) ;
#8798 = DIRECTION ( 'NONE',  ( -0.000000000000000000, -0.000000000000000000, 1.000000000000000000 ) ) ;
#8799 = VECTOR ( 'NONE', #1976, 1000.000000000000000 ) ;
#8800 = ADVANCED_FACE ( 'NONE', ( #9551 ), #7222, .F. ) ;
#8801 = DIRECTION ( 'NONE',  ( -0.000000000000000000, 1.000000000000000000, -0.000000000000000000 ) ) ;
#8802 = VERTEX_POINT ( 'NONE', #4239 ) ;
#8803 = LINE ( 'NONE', #1186, #248 ) ;
#8804 = CARTESIAN_POINT ( 'NONE',  ( -0.4250000000000039302, 0.1199999999999999956, -1.000000000000000222 ) ) ;
#8805 = LINE ( 'NONE', #1870, #9400 ) ;
#8806 = VERTEX_POINT ( 'NONE', #5711 ) ;
#8807 = VERTEX_POINT ( 'NONE', #8757 ) ;
#8808 = AXIS2_PLACEMENT_3D ( 'NONE', #256, #307, #5613 ) ;
#8809 = FACE_OUTER_BOUND ( 'NONE', #3703, .T. ) ;
#8810 = EDGE_CURVE ( 'NONE', #1681, #136, #5561, .T. ) ;
#8811 = EDGE_CURVE ( 'NONE', #105, #8477, #1010, .T. ) ;
#8812 = EDGE_CURVE ( 'NONE', #5227, #9492, #5633, .T. ) ;
#8813 = DIRECTION ( 'NONE',  ( -1.000000000000000000, 0.000000000000000000, 0.000000000000000000 ) ) ;
#8815 = ORIENTED_EDGE ( 'NONE', *, *, #4219, .F. ) ;
#8814 = VECTOR ( 'NONE', #9077, 1000.000000000000000 ) ;
#8816 = ORIENTED_EDGE ( 'NONE', *, *, #4965, .T. ) ;
#8817 = VERTEX_POINT ( 'NONE', #1779 ) ;
#8818 = AXIS2_PLACEMENT_3D ( 'NONE', #4355, #4458, #9663 ) ;
#8819 = DIRECTION ( 'NONE',  ( -0.000000000000000000, -0.000000000000000000, 1.000000000000000000 ) ) ;
#8820 = DIRECTION ( 'NONE',  ( -1.000000000000000000, 0.000000000000000000, 0.000000000000000000 ) ) ;
#8821 = ADVANCED_FACE ( 'NONE', ( #4804 ), #4998, .F. ) ;
#8822 = FACE_OUTER_BOUND ( 'NONE', #5138, .T. ) ;
#8823 = DIRECTION ( 'NONE',  ( 0.000000000000000000, 1.000000000000000000, -0.000000000000000000 ) ) ;
#8824 = VERTEX_POINT ( 'NONE', #7318 ) ;
#8825 = CARTESIAN_POINT ( 'NONE',  ( -0.5000000000000000000, 0.05000000000000012768, -0.9149999999999997025 ) ) ;
#8826 = DIRECTION ( 'NONE',  ( 0.000000000000000000, -1.000000000000000000, 0.000000000000000000 ) ) ;
#8827 = DIRECTION ( 'NONE',  ( 0.000000000000000000, 1.000000000000000000, 0.000000000000000000 ) ) ;
#8828 = EDGE_CURVE ( 'NONE', #8290, #9757, #1100, .T. ) ;
#8829 = VECTOR ( 'NONE', #941, 1000.000000000000000 ) ;
#8830 = LINE ( 'NONE', #8030, #3328 ) ;
#8831 = CARTESIAN_POINT ( 'NONE',  ( -0.4799999999999999267, 0.05000000000000012768, -0.9349999999999998312 ) ) ;
#8832 = DIRECTION ( 'NONE',  ( -5.808225924029499591E-16, 0.000000000000000000, 1.000000000000000000 ) ) ;
#8833 = PLANE ( 'NONE',  #8924 ) ;
#8834 = ORIENTED_EDGE ( 'NONE', *, *, #5826, .T. ) ;
#8835 = CARTESIAN_POINT ( 'NONE',  ( 0.3750000000000037748, 0.1199999999999999956, -0.1999999999999998723 ) ) ;
#8836 = ORIENTED_EDGE ( 'NONE', *, *, #6753, .F. ) ;
#8837 = VECTOR ( 'NONE', #7473, 1000.000000000000000 ) ;
#8838 = ADVANCED_FACE ( 'NONE', ( #960 ), #7271, .F. ) ;
#8839 = DIRECTION ( 'NONE',  ( -0.000000000000000000, 1.000000000000000000, -0.000000000000000000 ) ) ;
#8840 = DIRECTION ( 'NONE',  ( -0.000000000000000000, -0.000000000000000000, 1.000000000000000000 ) ) ;
#8842 = VECTOR ( 'NONE', #8877, 1000.000000000000000 ) ;
#8841 = LINE ( 'NONE', #4191, #8562 ) ;
#8843 = LINE ( 'NONE', #8755, #3931 ) ;
#8844 = ORIENTED_EDGE ( 'NONE', *, *, #3821, .T. ) ;
#8845 = CARTESIAN_POINT ( 'NONE',  ( -0.9999999999999997780, 0.06999999999999975686, -0.2500000000000000000 ) ) ;
#8846 = DIRECTION ( 'NONE',  ( -0.000000000000000000, 1.000000000000000000, -0.000000000000000000 ) ) ;
#8847 = FACE_OUTER_BOUND ( 'NONE', #4457, .T. ) ;
#8848 = ORIENTED_EDGE ( 'NONE', *, *, #4850, .T. ) ;
#8849 = DIRECTION ( 'NONE',  ( 0.000000000000000000, 1.000000000000000000, -0.000000000000000000 ) ) ;
#8850 = MECHANICAL_DESIGN_GEOMETRIC_PRESENTATION_REPRESENTATION (  '', ( #783 ), #2706 ) ;
#8851 = VECTOR ( 'NONE', #6387, 1000.000000000000000 ) ;
#8852 = EDGE_CURVE ( 'NONE', #4319, #4375, #9501, .T. ) ;
#8853 = LINE ( 'NONE', #2280, #5751 ) ;
#8854 = LINE ( 'NONE', #1928, #634 ) ;
#8855 = LINE ( 'NONE', #7376, #7670 ) ;
#8856 = VECTOR ( 'NONE', #7178, 1000.000000000000000 ) ;
#8857 = AXIS2_PLACEMENT_3D ( 'NONE', #4605, #9309, #2425 ) ;
#8858 = DIRECTION ( 'NONE',  ( 0.000000000000000000, 0.000000000000000000, 1.000000000000000000 ) ) ;
#8859 = ORIENTED_EDGE ( 'NONE', *, *, #1578, .T. ) ;
#8860 = EDGE_LOOP ( 'NONE', ( #5309, #7587, #7657, #3334 ) ) ;
#8861 = ORIENTED_EDGE ( 'NONE', *, *, #3039, .F. ) ;
#8862 = EDGE_CURVE ( 'NONE', #5654, #3871, #2671, .T. ) ;
#8863 = CIRCLE ( 'NONE', #3066, 0.01999999999999999695 ) ;
#8864 = VECTOR ( 'NONE', #9892, 1000.000000000000000 ) ;
#8865 = CARTESIAN_POINT ( 'NONE',  ( 0.3199999999999998956, 0.000000000000000000, -0.7749999999999999112 ) ) ;
#8866 = LINE ( 'NONE', #8117, #3801 ) ;
#8867 = FACE_OUTER_BOUND ( 'NONE', #9894, .T. ) ;
#8869 = VERTEX_POINT ( 'NONE', #1921 ) ;
#8868 = PLANE ( 'NONE',  #9299 ) ;
#8870 = ORIENTED_EDGE ( 'NONE', *, *, #6606, .F. ) ;
#8871 = CARTESIAN_POINT ( 'NONE',  ( -0.02500000000000006384, 0.06999999999999975686, -0.1999999999999998723 ) ) ;
#8872 = AXIS2_PLACEMENT_3D ( 'NONE', #8871, #8224, #1126 ) ;
#8873 = PLANE ( 'NONE',  #6016 ) ;
#8874 = ADVANCED_FACE ( 'NONE', ( #7363 ), #5150, .T. ) ;
#8875 = EDGE_CURVE ( 'NONE', #8533, #7852, #6817, .T. ) ;
#8876 = AXIS2_PLACEMENT_3D ( 'NONE', #9282, #5339, #2346 ) ;
#8877 = DIRECTION ( 'NONE',  ( -0.000000000000000000, 1.000000000000000000, -0.000000000000000000 ) ) ;
#8878 = DIRECTION ( 'NONE',  ( -0.000000000000000000, -1.000000000000000000, -0.000000000000000000 ) ) ;
#8879 = CARTESIAN_POINT ( 'NONE',  ( -0.7749999999999859224, 0.05000000000000012768, 0.7750000000000001332 ) ) ;
#8880 = CARTESIAN_POINT ( 'NONE',  ( -0.9999999999999997780, 0.06999999999999985401, -0.1999999999999998723 ) ) ;
#8881 = ORIENTED_EDGE ( 'NONE', *, *, #8433, .F. ) ;
#8882 = ORIENTED_EDGE ( 'NONE', *, *, #1996, .T. ) ;
#8883 = EDGE_CURVE ( 'NONE', #3442, #6124, #5793, .T. ) ;
#8884 = FACE_OUTER_BOUND ( 'NONE', #297, .T. ) ;
#8885 = VERTEX_POINT ( 'NONE', #2016 ) ;
#8886 = CARTESIAN_POINT ( 'NONE',  ( -0.9349999999999906164, 0.05000000000000012768, 0.3049999999999999378 ) ) ;
#8887 = AXIS2_PLACEMENT_3D ( 'NONE', #6668, #5979, #9755 ) ;
#8888 = DIRECTION ( 'NONE',  ( -0.000000000000000000, -1.000000000000000000, -0.000000000000000000 ) ) ;
#8889 = DIRECTION ( 'NONE',  ( -1.000000000000000000, -0.000000000000000000, -0.000000000000000000 ) ) ;
#8890 = LINE ( 'NONE', #1823, #9443 ) ;
#8891 = DIRECTION ( 'NONE',  ( -1.000000000000000000, 0.000000000000000000, -1.151964808265787403E-14 ) ) ;
#8892 = LINE ( 'NONE', #1444, #5854 ) ;
#8893 = DIRECTION ( 'NONE',  ( 0.000000000000000000, 0.000000000000000000, -1.000000000000000000 ) ) ;
#8894 = EDGE_CURVE ( 'NONE', #4829, #8162, #6763, .T. ) ;
#8895 = ORIENTED_EDGE ( 'NONE', *, *, #1273, .T. ) ;
#8896 = ORIENTED_EDGE ( 'NONE', *, *, #9855, .F. ) ;
#8897 = LINE ( 'NONE', #6660, #9828 ) ;
#8898 = CARTESIAN_POINT ( 'NONE',  ( -0.02500000000000006384, 0.06999999999999985401, -0.7000000000000000666 ) ) ;
#8899 = LINE ( 'NONE', #364, #2012 ) ;
#8900 = AXIS2_PLACEMENT_3D ( 'NONE', #6205, #589, #5293 ) ;
#8901 = LINE ( 'NONE', #1977, #4967 ) ;
#8902 = LINE ( 'NONE', #5059, #2776 ) ;
#8903 = ORIENTED_EDGE ( 'NONE', *, *, #4232, .T. ) ;
#8904 = ORIENTED_EDGE ( 'NONE', *, *, #717, .F. ) ;
#8905 = ORIENTED_EDGE ( 'NONE', *, *, #671, .T. ) ;
#8906 = VECTOR ( 'NONE', #5433, 1000.000000000000000 ) ;
#8907 = VECTOR ( 'NONE', #3306, 1000.000000000000000 ) ;
#8908 = DIRECTION ( 'NONE',  ( -0.000000000000000000, -0.000000000000000000, 1.000000000000000000 ) ) ;
#8909 = LINE ( 'NONE', #9571, #6426 ) ;
#8910 = DIRECTION ( 'NONE',  ( 0.000000000000000000, 1.000000000000000000, -0.000000000000000000 ) ) ;
#8911 = CARTESIAN_POINT ( 'NONE',  ( -0.4250000000000039302, 0.06999999999999985401, 0.2000000000000002054 ) ) ;
#8913 = EDGE_LOOP ( 'NONE', ( #3471, #2669, #7182, #7659 ) ) ;
#8912 = FACE_OUTER_BOUND ( 'NONE', #6182, .T. ) ;
#8914 = EDGE_CURVE ( 'NONE', #9821, #175, #9505, .T. ) ;
#8915 = ORIENTED_EDGE ( 'NONE', *, *, #8176, .F. ) ;
#8916 = VECTOR ( 'NONE', #3789, 1000.000000000000000 ) ;
#8918 = AXIS2_PLACEMENT_3D ( 'NONE', #4235, #9689, #5762 ) ;
#8917 = CARTESIAN_POINT ( 'NONE',  ( -0.3750000000000037748, 0.06999999999999975686, 0.9999999999999997780 ) ) ;
#8919 = LINE ( 'NONE', #283, #5041 ) ;
#8920 = FACE_OUTER_BOUND ( 'NONE', #3907, .T. ) ;
#8921 = DIRECTION ( 'NONE',  ( -1.000000000000000000, 0.000000000000000000, 0.000000000000000000 ) ) ;
#8922 = LINE ( 'NONE', #1216, #8371 ) ;
#8923 = DIRECTION ( 'NONE',  ( -0.000000000000000000, -1.000000000000000000, -0.000000000000000000 ) ) ;
#8924 = AXIS2_PLACEMENT_3D ( 'NONE', #4269, #7350, #2703 ) ;
#8925 = CARTESIAN_POINT ( 'NONE',  ( 0.4250000000000039302, 0.1199999999999999956, -1.000000000000000222 ) ) ;
#8926 =( LENGTH_UNIT ( ) NAMED_UNIT ( * ) SI_UNIT ( .MILLI., .METRE. ) );
#8927 = CARTESIAN_POINT ( 'NONE',  ( -0.3750000000000037748, 0.06999999999999986788, 0.6500000000000003553 ) ) ;
#8928 = FILL_AREA_STYLE_COLOUR ( '', #2789 ) ;
#8929 = ORIENTED_EDGE ( 'NONE', *, *, #5297, .F. ) ;
#8930 = ADVANCED_FACE ( 'NONE', ( #9691 ), #2937, .F. ) ;
#8931 = EDGE_LOOP ( 'NONE', ( #5232, #402, #2708, #3498 ) ) ;
#8932 = ADVANCED_FACE ( 'NONE', ( #4493 ), #2769, .F. ) ;
#8933 = EDGE_CURVE ( 'NONE', #7006, #153, #2825, .T. ) ;
#8934 = DIRECTION ( 'NONE',  ( -0.000000000000000000, -1.000000000000000000, -0.000000000000000000 ) ) ;
#8935 = DIRECTION ( 'NONE',  ( 0.000000000000000000, 0.000000000000000000, -1.000000000000000000 ) ) ;
#8936 = EDGE_LOOP ( 'NONE', ( #996, #6972, #3220, #1753 ) ) ;
#8937 = CIRCLE ( 'NONE', #5692, 0.02000000000000005246 ) ;
#8938 = VERTEX_POINT ( 'NONE', #1966 ) ;
#8939 = DIRECTION ( 'NONE',  ( 0.000000000000000000, 0.000000000000000000, -1.000000000000000000 ) ) ;
#8940 = LINE ( 'NONE', #9844, #3878 ) ;
#8941 = CARTESIAN_POINT ( 'NONE',  ( 0.4250000000000039302, 0.06999999999999975686, -1.000000000000000222 ) ) ;
#8942 = DIRECTION ( 'NONE',  ( 0.000000000000000000, 1.000000000000000000, 0.000000000000000000 ) ) ;
#8943 = DIRECTION ( 'NONE',  ( -0.000000000000000000, 0.000000000000000000, 1.000000000000000000 ) ) ;
#8944 = FACE_OUTER_BOUND ( 'NONE', #7366, .T. ) ;
#8945 = VERTEX_POINT ( 'NONE', #8195 ) ;
#8946 = VECTOR ( 'NONE', #7968, 1000.000000000000000 ) ;
#8947 = VERTEX_POINT ( 'NONE', #3748 ) ;
#8948 = ADVANCED_FACE ( 'NONE', ( #5049 ), #9105, .F. ) ;
#8949 = AXIS2_PLACEMENT_3D ( 'NONE', #4247, #1929, #6519 ) ;
#8950 = CARTESIAN_POINT ( 'NONE',  ( 1.000000000000000222, 0.1199999999999999956, 0.7000000000000005107 ) ) ;
#8951 = DIRECTION ( 'NONE',  ( 0.000000000000000000, 0.000000000000000000, 1.000000000000000000 ) ) ;
#8952 = DIRECTION ( 'NONE',  ( -0.000000000000000000, -1.000000000000000000, -0.000000000000000000 ) ) ;
#8953 = DIRECTION ( 'NONE',  ( 0.000000000000000000, 0.000000000000000000, -1.000000000000000000 ) ) ;
#8954 = DIRECTION ( 'NONE',  ( -0.000000000000000000, -0.000000000000000000, 1.000000000000000000 ) ) ;
#8955 = LINE ( 'NONE', #557, #8772 ) ;
#8956 = EDGE_LOOP ( 'NONE', ( #7855, #9900, #3382, #9549 ) ) ;
#8957 = DIRECTION ( 'NONE',  ( -1.000000000000000000, 0.000000000000000000, 0.000000000000000000 ) ) ;
#8958 = VERTEX_POINT ( 'NONE', #5253 ) ;
#8959 = VERTEX_POINT ( 'NONE', #9742 ) ;
#8960 = AXIS2_PLACEMENT_3D ( 'NONE', #267, #6561, #6424 ) ;
#8961 = FACE_OUTER_BOUND ( 'NONE', #8574, .T. ) ;
#8962 = EDGE_CURVE ( 'NONE', #1000, #6430, #1187, .T. ) ;
#8963 = EDGE_CURVE ( 'NONE', #2626, #9083, #7521, .T. ) ;
#8964 = LINE ( 'NONE', #5116, #8540 ) ;
#8965 = SURFACE_STYLE_FILL_AREA ( #2188 ) ;
#8967 = VECTOR ( 'NONE', #4794, 1000.000000000000000 ) ;
#8966 = DIRECTION ( 'NONE',  ( 0.000000000000000000, 0.000000000000000000, 1.000000000000000000 ) ) ;
#8968 = DIRECTION ( 'NONE',  ( -0.000000000000000000, -1.000000000000000000, -0.000000000000000000 ) ) ;
#8969 = ORIENTED_EDGE ( 'NONE', *, *, #6691, .F. ) ;
#8970 = CARTESIAN_POINT ( 'NONE',  ( 0.07999999999999977962, 0.05000000000000012768, -0.9349999999999998312 ) ) ;
#8972 = ORIENTED_EDGE ( 'NONE', *, *, #6689, .T. ) ;
#8971 = DIRECTION ( 'NONE',  ( 0.000000000000000000, 1.000000000000000000, 0.000000000000000000 ) ) ;
#8973 = ORIENTED_EDGE ( 'NONE', *, *, #9241, .T. ) ;
#8974 = CARTESIAN_POINT ( 'NONE',  ( -0.07999999999999958533, 0.05000000000000012768, 0.7550000000000000044 ) ) ;
#8975 = DIRECTION ( 'NONE',  ( 0.000000000000000000, 0.000000000000000000, -1.000000000000000000 ) ) ;
#8976 = DIRECTION ( 'NONE',  ( -0.000000000000000000, -0.000000000000000000, 1.000000000000000000 ) ) ;
#8977 = PRESENTATION_LAYER_ASSIGNMENT (  '', '', ( #7035 ) ) ;
#8978 = FACE_OUTER_BOUND ( 'NONE', #8332, .T. ) ;
#8979 = EDGE_CURVE ( 'NONE', #4871, #7610, #3587, .T. ) ;
#8980 = FACE_OUTER_BOUND ( 'NONE', #4138, .T. ) ;
#8981 = CARTESIAN_POINT ( 'NONE',  ( -0.8249999999999997335, 0.5799999999999998490, -0.9250000000000002665 ) ) ;
#8982 = LINE ( 'NONE', #3519, #7388 ) ;
#8983 = ORIENTED_EDGE ( 'NONE', *, *, #1600, .F. ) ;
#8984 = EDGE_LOOP ( 'NONE', ( #7191, #2058, #2979, #8362 ) ) ;
#8985 = FACE_BOUND ( 'NONE', #7176, .T. ) ;
#8986 = DIRECTION ( 'NONE',  ( 0.000000000000000000, 0.000000000000000000, -1.000000000000000000 ) ) ;
#8987 = ORIENTED_EDGE ( 'NONE', *, *, #8875, .F. ) ;
#8988 = SURFACE_STYLE_FILL_AREA ( #3384 ) ;
#8989 = VECTOR ( 'NONE', #6771, 1000.000000000000000 ) ;
#8990 = EDGE_CURVE ( 'NONE', #3458, #8098, #8997, .T. ) ;
#8991 = EDGE_CURVE ( 'NONE', #2223, #9590, #4338, .T. ) ;
#8992 = LINE ( 'NONE', #5194, #7543 ) ;
#8993 = FACE_OUTER_BOUND ( 'NONE', #4674, .T. ) ;
#8994 = CARTESIAN_POINT ( 'NONE',  ( -0.02500000000000006384, 0.06999999999999975686, -1.000000000000000222 ) ) ;
#8995 = LINE ( 'NONE', #4489, #4080 ) ;
#8996 = DIRECTION ( 'NONE',  ( -1.000000000000000000, -0.000000000000000000, -0.000000000000000000 ) ) ;
#8997 = LINE ( 'NONE', #6600, #1596 ) ;
#8998 = ORIENTED_EDGE ( 'NONE', *, *, #3531, .F. ) ;
#8999 = DIRECTION ( 'NONE',  ( 0.000000000000000000, 0.000000000000000000, 1.000000000000000000 ) ) ;
#9000 = ORIENTED_EDGE ( 'NONE', *, *, #6861, .T. ) ;
#9001 = ORIENTED_EDGE ( 'NONE', *, *, #5031, .T. ) ;
#9002 = VERTEX_POINT ( 'NONE', #4388 ) ;
#9003 = CARTESIAN_POINT ( 'NONE',  ( -0.3750000000000037748, 0.06999999999999986788, -1.000000000000000222 ) ) ;
#9004 = EDGE_CURVE ( 'NONE', #8049, #2938, #7471, .T. ) ;
#9005 = AXIS2_PLACEMENT_3D ( 'NONE', #4242, #9649, #2722 ) ;
#9006 = DIRECTION ( 'NONE',  ( -0.000000000000000000, -0.000000000000000000, 1.000000000000000000 ) ) ;
#9007 = DIRECTION ( 'NONE',  ( 0.000000000000000000, 1.000000000000000000, 0.000000000000000000 ) ) ;
#9008 = PLANE ( 'NONE',  #8488 ) ;
#9009 = CARTESIAN_POINT ( 'NONE',  ( -0.3200000000000002287, 0.000000000000000000, -0.9349999999999998312 ) ) ;
#9010 = PLANE ( 'NONE',  #7797 ) ;
#9011 = EDGE_LOOP ( 'NONE', ( #1379, #9866, #3521, #1896 ) ) ;
#9012 = EDGE_CURVE ( 'NONE', #3282, #4657, #9053, .T. ) ;
#9014 = EDGE_LOOP ( 'NONE', ( #7114, #2307, #1709, #1105 ) ) ;
#9013 = COLOUR_RGB ( '',0.7921568627450980005, 0.8196078431372548767, 0.9333333333333333481 ) ;
#9015 = VERTEX_POINT ( 'NONE', #4441 ) ;
#9016 = AXIS2_PLACEMENT_3D ( 'NONE', #4700, #7682, #7024 ) ;
#9017 = DIRECTION ( 'NONE',  ( 0.000000000000000000, 1.000000000000000000, -0.000000000000000000 ) ) ;
#9018 = AXIS2_PLACEMENT_3D ( 'NONE', #6389, #9423, #4778 ) ;
#9019 = VECTOR ( 'NONE', #6841, 1000.000000000000000 ) ;
#9020 = DIRECTION ( 'NONE',  ( 0.000000000000000000, 0.000000000000000000, 1.000000000000000000 ) ) ;
#9021 = CARTESIAN_POINT ( 'NONE',  ( -0.3199999999999995626, 0.000000000000000000, 0.7550000000000002265 ) ) ;
#9022 = LINE ( 'NONE', #8274, #6980 ) ;
#9024 = ORIENTED_EDGE ( 'NONE', *, *, #584, .F. ) ;
#9023 = DIRECTION ( 'NONE',  ( 1.000000000000000000, 0.000000000000000000, 0.000000000000000000 ) ) ;
#9025 = ORIENTED_EDGE ( 'NONE', *, *, #8790, .T. ) ;
#9026 = DIRECTION ( 'NONE',  ( -1.000000000000000000, 0.000000000000000000, 0.000000000000000000 ) ) ;
#9027 = ORIENTED_EDGE ( 'NONE', *, *, #2345, .F. ) ;
#9028 = EDGE_CURVE ( 'NONE', #1258, #6307, #5363, .T. ) ;
#9029 = VECTOR ( 'NONE', #2781, 1000.000000000000000 ) ;
#9030 = VECTOR ( 'NONE', #6830, 1000.000000000000000 ) ;
#9031 = DIRECTION ( 'NONE',  ( 0.000000000000000000, 1.000000000000000000, -0.000000000000000000 ) ) ;
#9032 = LINE ( 'NONE', #1382, #2375 ) ;
#9033 = VECTOR ( 'NONE', #57, 1000.000000000000000 ) ;
#9035 = CIRCLE ( 'NONE', #7405, 0.01999999999999999695 ) ;
#9034 = DIRECTION ( 'NONE',  ( -1.000000000000000000, 0.000000000000000000, 1.885568995626976366E-16 ) ) ;
#9036 = LINE ( 'NONE', #3976, #3782 ) ;
#9037 = ORIENTED_EDGE ( 'NONE', *, *, #7136, .T. ) ;
#9038 = VERTEX_POINT ( 'NONE', #9155 ) ;
#9039 = CYLINDRICAL_SURFACE ( 'NONE', #9662, 0.02000000000000633910 ) ;
#9040 = DIRECTION ( 'NONE',  ( -0.000000000000000000, -1.000000000000000000, -0.000000000000000000 ) ) ;
#9041 = VERTEX_POINT ( 'NONE', #7626 ) ;
#9042 = ADVANCED_FACE ( 'NONE', ( #4596 ), #9209, .F. ) ;
#9043 = EDGE_LOOP ( 'NONE', ( #737, #8629, #55, #6431 ) ) ;
#9044 = VECTOR ( 'NONE', #8545, 1000.000000000000000 ) ;
#9045 = LINE ( 'NONE', #4432, #5106 ) ;
#9046 = CARTESIAN_POINT ( 'NONE',  ( 1.000000000000000222, 0.1199999999999999956, 0.2000000000000002054 ) ) ;
#9047 = CARTESIAN_POINT ( 'NONE',  ( -0.3750000000000037748, 0.1199999999999999956, 0.7000000000000005107 ) ) ;
#9048 = DIRECTION ( 'NONE',  ( 0.000000000000000000, 0.000000000000000000, -1.000000000000000000 ) ) ;
#9049 =( LENGTH_UNIT ( ) NAMED_UNIT ( * ) SI_UNIT ( .MILLI., .METRE. ) );
#9050 = EDGE_LOOP ( 'NONE', ( #624, #1857, #5113, #6895 ) ) ;
#9051 = FACE_OUTER_BOUND ( 'NONE', #2053, .T. ) ;
#9053 = LINE ( 'NONE', #5200, #1925 ) ;
#9052 = VECTOR ( 'NONE', #2912, 1000.000000000000000 ) ;
#9054 = ORIENTED_EDGE ( 'NONE', *, *, #7437, .F. ) ;
#9055 = FACE_OUTER_BOUND ( 'NONE', #8266, .T. ) ;
#9056 = EDGE_LOOP ( 'NONE', ( #9951, #7734, #9390, #4174 ) ) ;
#9057 = ORIENTED_EDGE ( 'NONE', *, *, #8852, .F. ) ;
#9058 = DIRECTION ( 'NONE',  ( 0.000000000000000000, 0.000000000000000000, 1.000000000000000000 ) ) ;
#9059 = PLANE ( 'NONE',  #9786 ) ;
#9060 = DIRECTION ( 'NONE',  ( -0.000000000000000000, -1.000000000000000000, -0.000000000000000000 ) ) ;
#9061 = LINE ( 'NONE', #9804, #9199 ) ;
#9062 = DIRECTION ( 'NONE',  ( 0.000000000000000000, 0.000000000000000000, -1.000000000000000000 ) ) ;
#9063 = CARTESIAN_POINT ( 'NONE',  ( -0.9999999999999997780, 0.1199999999999999956, 0.2500000000000003331 ) ) ;
#9064 = LINE ( 'NONE', #8311, #1008 ) ;
#9065 = VERTEX_POINT ( 'NONE', #7827 ) ;
#9067 = EDGE_CURVE ( 'NONE', #6325, #1862, #1556, .T. ) ;
#9066 = CARTESIAN_POINT ( 'NONE',  ( -0.7749999999999906963, 0.05000000000000012768, 0.3250000000000000111 ) ) ;
#9068 = EDGE_CURVE ( 'NONE', #9207, #6839, #7896, .T. ) ;
#9069 = AXIS2_PLACEMENT_3D ( 'NONE', #5061, #322, #5775 ) ;
#9070 = ORIENTED_EDGE ( 'NONE', *, *, #1168, .F. ) ;
#9071 = ORIENTED_EDGE ( 'NONE', *, *, #9067, .F. ) ;
#9072 = PLANE ( 'NONE',  #8818 ) ;
#9073 = AXIS2_PLACEMENT_3D ( 'NONE', #911, #4001, #7079 ) ;
#9074 = DIRECTION ( 'NONE',  ( 1.000000000000000000, -0.000000000000000000, -0.000000000000000000 ) ) ;
#9075 = DIRECTION ( 'NONE',  ( -1.000000000000000000, 0.000000000000000000, 0.000000000000000000 ) ) ;
#9076 = PLANE ( 'NONE',  #9560 ) ;
#9078 = ORIENTED_EDGE ( 'NONE', *, *, #8679, .T. ) ;
#9077 = DIRECTION ( 'NONE',  ( -0.000000000000000000, -0.000000000000000000, 1.000000000000000000 ) ) ;
#9079 = CARTESIAN_POINT ( 'NONE',  ( 1.000000000000000222, 0.06999999999999975686, -0.2500000000000000000 ) ) ;
#9080 = DIRECTION ( 'NONE',  ( -0.000000000000000000, -0.000000000000000000, -1.000000000000000000 ) ) ;
#9081 = ORIENTED_EDGE ( 'NONE', *, *, #7651, .F. ) ;
#9083 = VERTEX_POINT ( 'NONE', #5454 ) ;
#9082 = AXIS2_PLACEMENT_3D ( 'NONE', #5136, #8238, #1225 ) ;
#9084 = ORIENTED_EDGE ( 'NONE', *, *, #5166, .F. ) ;
#9085 = EDGE_CURVE ( 'NONE', #6474, #2626, #3085, .T. ) ;
#9086 = VECTOR ( 'NONE', #7186, 1000.000000000000000 ) ;
#9087 = DIRECTION ( 'NONE',  ( -0.000000000000000000, -0.000000000000000000, 1.000000000000000000 ) ) ;
#9088 = AXIS2_PLACEMENT_3D ( 'NONE', #7297, #6577, #380 ) ;
#9089 = VERTEX_POINT ( 'NONE', #6868 ) ;
#9090 = ORIENTED_EDGE ( 'NONE', *, *, #1240, .T. ) ;
#9091 = CARTESIAN_POINT ( 'NONE',  ( -0.9999999999999997780, 0.1199999999999999956, 0.6500000000000003553 ) ) ;
#9092 = CARTESIAN_POINT ( 'NONE',  ( 0.4250000000000039302, 0.06999999999999975686, 0.2500000000000004441 ) ) ;
#9093 = ORIENTED_EDGE ( 'NONE', *, *, #33, .F. ) ;
#9094 = VERTEX_POINT ( 'NONE', #2275 ) ;
#9095 = AXIS2_PLACEMENT_3D ( 'NONE', #6179, #70, #6226 ) ;
#9096 = VECTOR ( 'NONE', #7596, 1000.000000000000000 ) ;
#9097 = DIRECTION ( 'NONE',  ( 1.000000000000000000, -0.000000000000000000, -0.000000000000000000 ) ) ;
#9098 = EDGE_CURVE ( 'NONE', #4869, #9879, #5952, .T. ) ;
#9099 = DIRECTION ( 'NONE',  ( 1.000000000000000000, -0.000000000000000000, -0.000000000000000000 ) ) ;
#9100 = CARTESIAN_POINT ( 'NONE',  ( 0.02500000000000006384, 0.1199999999999999956, -0.1999999999999998723 ) ) ;
#9101 = CARTESIAN_POINT ( 'NONE',  ( 0.9149999999999950395, 0.05000000000000012768, -0.3249999999999999001 ) ) ;
#9102 = ORIENTED_EDGE ( 'NONE', *, *, #4761, .F. ) ;
#9103 = CARTESIAN_POINT ( 'NONE',  ( 0.08000000000000037637, 0.05000000000000012768, 0.9350000000000000533 ) ) ;
#9104 = VECTOR ( 'NONE', #4132, 1000.000000000000000 ) ;
#9105 = PLANE ( 'NONE',  #7735 ) ;
#9106 = VERTEX_POINT ( 'NONE', #2985 ) ;
#9107 = LINE ( 'NONE', #9899, #5119 ) ;
#9108 = ORIENTED_EDGE ( 'NONE', *, *, #1628, .T. ) ;
#9109 = ORIENTED_EDGE ( 'NONE', *, *, #9893, .F. ) ;
#9110 = DIRECTION ( 'NONE',  ( 0.000000000000000000, 0.000000000000000000, 1.000000000000000000 ) ) ;
#9111 = EDGE_CURVE ( 'NONE', #5985, #201, #5503, .T. ) ;
#9112 = DIRECTION ( 'NONE',  ( 0.000000000000000000, 0.000000000000000000, -1.000000000000000000 ) ) ;
#9113 = CARTESIAN_POINT ( 'NONE',  ( 0.7549999999999853495, 0.05000000000000012768, 0.5950000000000000844 ) ) ;
#9114 = CARTESIAN_POINT ( 'NONE',  ( -0.9149999999999999245, 0.000000000000000000, -0.7750000000000001332 ) ) ;
#9115 = DIRECTION ( 'NONE',  ( 0.000000000000000000, 0.000000000000000000, -1.000000000000000000 ) ) ;
#9116 = LINE ( 'NONE', #461, #687 ) ;
#9117 = EDGE_LOOP ( 'NONE', ( #973, #281, #6803, #2086 ) ) ;
#9118 = CARTESIAN_POINT ( 'NONE',  ( -0.02500000000000006384, 0.06999999999999975686, -0.2500000000000000000 ) ) ;
#9119 = VERTEX_POINT ( 'NONE', #751 ) ;
#9120 = ORIENTED_EDGE ( 'NONE', *, *, #5193, .F. ) ;
#9121 = VECTOR ( 'NONE', #2599, 1000.000000000000000 ) ;
#9122 = CARTESIAN_POINT ( 'NONE',  ( -0.9999999999999997780, 0.1199999999999999956, 0.7000000000000005107 ) ) ;
#9123 = ADVANCED_FACE ( 'NONE', ( #8453 ), #3035, .F. ) ;
#9124 = EDGE_CURVE ( 'NONE', #7748, #4496, #1259, .T. ) ;
#9125 = CARTESIAN_POINT ( 'NONE',  ( 0.9149999999999950395, 0.05000000000000012768, -0.3049999999999998268 ) ) ;
#9126 = FACE_OUTER_BOUND ( 'NONE', #1295, .T. ) ;
#9127 = DIRECTION ( 'NONE',  ( 1.000000000000000000, 0.000000000000000000, 1.885568995626977845E-16 ) ) ;
#9128 = PLANE ( 'NONE',  #844 ) ;
#9131 = ORIENTED_EDGE ( 'NONE', *, *, #3198, .T. ) ;
#9130 = VECTOR ( 'NONE', #9700, 1000.000000000000000 ) ;
#9129 = DIRECTION ( 'NONE',  ( -0.000000000000000000, -1.000000000000000000, -0.000000000000000000 ) ) ;
#9132 = EDGE_LOOP ( 'NONE', ( #4870, #162, #8648, #6333 ) ) ;
#9133 = CARTESIAN_POINT ( 'NONE',  ( 0.3750000000000037748, 0.06999999999999986788, -1.000000000000000222 ) ) ;
#9134 = ORIENTED_EDGE ( 'NONE', *, *, #9543, .F. ) ;
#9135 = ORIENTED_EDGE ( 'NONE', *, *, #6874, .T. ) ;
#9136 = CARTESIAN_POINT ( 'NONE',  ( -0.5000000000000002220, 0.000000000000000000, 0.4799999999999998712 ) ) ;
#9137 = VECTOR ( 'NONE', #7520, 1000.000000000000000 ) ;
#9138 = EDGE_CURVE ( 'NONE', #9974, #8560, #6169, .T. ) ;
#9139 = CARTESIAN_POINT ( 'NONE',  ( -0.3750000000000038858, 0.06999999999999975686, -1.000000000000000222 ) ) ;
#9140 = LINE ( 'NONE', #3678, #2327 ) ;
#9141 = LINE ( 'NONE', #3886, #8378 ) ;
#9142 = ORIENTED_EDGE ( 'NONE', *, *, #7438, .F. ) ;
#9143 = ORIENTED_EDGE ( 'NONE', *, *, #2548, .F. ) ;
#9144 = DIRECTION ( 'NONE',  ( 0.000000000000000000, 1.000000000000000000, 0.000000000000000000 ) ) ;
#9145 = LINE ( 'NONE', #1238, #9716 ) ;
#9146 = DIRECTION ( 'NONE',  ( 0.000000000000000000, -0.000000000000000000, 1.000000000000000000 ) ) ;
#9147 = ORIENTED_EDGE ( 'NONE', *, *, #1731, .T. ) ;
#9148 = EDGE_CURVE ( 'NONE', #3871, #3469, #6261, .T. ) ;
#9149 =( LENGTH_UNIT ( ) NAMED_UNIT ( * ) SI_UNIT ( .MILLI., .METRE. ) );
#9150 = AXIS2_PLACEMENT_3D ( 'NONE', #7784, #8028, #3418 ) ;
#9151 = DIRECTION ( 'NONE',  ( -1.000000000000000000, 0.000000000000000000, 0.000000000000000000 ) ) ;
#9152 = SURFACE_SIDE_STYLE ('',( #2270 ) ) ;
#9153 = ORIENTED_EDGE ( 'NONE', *, *, #1472, .T. ) ;
#9154 = DIRECTION ( 'NONE',  ( 1.000000000000000000, 0.000000000000000000, 0.000000000000000000 ) ) ;
#9155 = CARTESIAN_POINT ( 'NONE',  ( 0.3750000000000037748, 0.06999999999999986788, -0.1999999999999998723 ) ) ;
#9156 = VERTEX_POINT ( 'NONE', #6968 ) ;
#9157 = CARTESIAN_POINT ( 'NONE',  ( -0.9999999999999997780, 0.1199999999999999956, -0.1999999999999998723 ) ) ;
#9158 = ORIENTED_EDGE ( 'NONE', *, *, #2142, .T. ) ;
#9159 = ORIENTED_EDGE ( 'NONE', *, *, #7370, .T. ) ;
#9160 = AXIS2_PLACEMENT_3D ( 'NONE', #7170, #1959, #7310 ) ;
#9161 = EDGE_CURVE ( 'NONE', #4259, #8140, #6929, .T. ) ;
#9162 = VERTEX_POINT ( 'NONE', #3947 ) ;
#9163 = DIRECTION ( 'NONE',  ( 1.000000000000000000, -0.000000000000000000, -0.000000000000000000 ) ) ;
#9165 = CIRCLE ( 'NONE', #426, 0.02000000000000005246 ) ;
#9164 = LINE ( 'NONE', #6976, #9030 ) ;
#9166 = LINE ( 'NONE', #9907, #1044 ) ;
#9167 = LINE ( 'NONE', #2231, #1588 ) ;
#9168 = CARTESIAN_POINT ( 'NONE',  ( 0.02500000000000006384, 0.06999999999999975686, -0.2500000000000000000 ) ) ;
#9169 = ORIENTED_EDGE ( 'NONE', *, *, #1033, .F. ) ;
#9170 = CARTESIAN_POINT ( 'NONE',  ( -0.3750000000000037748, 0.06999999999999975686, -0.1999999999999998723 ) ) ;
#9171 = EDGE_LOOP ( 'NONE', ( #4252, #5060, #7200, #7379 ) ) ;
#9172 = EDGE_CURVE ( 'NONE', #7926, #5003, #9353, .T. ) ;
#9173 = AXIS2_PLACEMENT_3D ( 'NONE', #2920, #1998, #6742 ) ;
#9174 = PLANE ( 'NONE',  #1717 ) ;
#9175 = DIRECTION ( 'NONE',  ( 0.000000000000000000, 0.000000000000000000, -1.000000000000000000 ) ) ;
#9176 = PLANE ( 'NONE',  #392 ) ;
#9177 = VECTOR ( 'NONE', #8487, 1000.000000000000000 ) ;
#9178 = CARTESIAN_POINT ( 'NONE',  ( -0.02500000000000006384, 0.1199999999999999956, 0.2500000000000004441 ) ) ;
#9180 = ORIENTED_EDGE ( 'NONE', *, *, #3495, .T. ) ;
#9179 = CARTESIAN_POINT ( 'NONE',  ( 0.9149999999999950395, 0.000000000000000000, -0.3249999999999999001 ) ) ;
#9181 = ORIENTED_EDGE ( 'NONE', *, *, #5020, .F. ) ;
#9182 = CARTESIAN_POINT ( 'NONE',  ( -0.07999999999999958533, 0.000000000000000000, 0.7750000000000001332 ) ) ;
#9183 = DIRECTION ( 'NONE',  ( 0.000000000000000000, 1.000000000000000000, -0.000000000000000000 ) ) ;
#9184 = VERTEX_POINT ( 'NONE', #3986 ) ;
#9185 = EDGE_CURVE ( 'NONE', #3401, #6017, #3137, .T. ) ;
#9186 = ADVANCED_FACE ( 'NONE', ( #6064 ), #9301, .T. ) ;
#9187 = EDGE_CURVE ( 'NONE', #6013, #3749, #633, .T. ) ;
#9188 = ORIENTED_EDGE ( 'NONE', *, *, #1087, .F. ) ;
#9189 = AXIS2_PLACEMENT_3D ( 'NONE', #3625, #5750, #8832 ) ;
#9190 =( LENGTH_UNIT ( ) NAMED_UNIT ( * ) SI_UNIT ( .MILLI., .METRE. ) );
#9191 = VECTOR ( 'NONE', #2689, 1000.000000000000000 ) ;
#9192 = DIRECTION ( 'NONE',  ( 1.000000000000000000, 0.000000000000000000, -0.000000000000000000 ) ) ;
#9193 = VERTEX_POINT ( 'NONE', #3232 ) ;
#9194 = ORIENTED_EDGE ( 'NONE', *, *, #252, .T. ) ;
#9195 = LINE ( 'NONE', #693, #9044 ) ;
#9196 = VECTOR ( 'NONE', #9598, 1000.000000000000000 ) ;
#9197 = DIRECTION ( 'NONE',  ( -0.000000000000000000, -1.000000000000000000, -0.000000000000000000 ) ) ;
#9198 = CARTESIAN_POINT ( 'NONE',  ( -0.8249999999999997335, 0.5799999999999998490, -0.8250000000000000666 ) ) ;
#9199 = VECTOR ( 'NONE', #8156, 1000.000000000000000 ) ;
#9200 = EDGE_CURVE ( 'NONE', #3746, #105, #2658, .T. ) ;
#9201 = ORIENTED_EDGE ( 'NONE', *, *, #5553, .F. ) ;
#9202 = CARTESIAN_POINT ( 'NONE',  ( 1.000000000000000222, 0.06999999999999975686, -0.7000000000000000666 ) ) ;
#9203 = VECTOR ( 'NONE', #1660, 1000.000000000000000 ) ;
#9204 = AXIS2_PLACEMENT_3D ( 'NONE', #2562, #5652, #7821 ) ;
#9205 = EDGE_CURVE ( 'NONE', #7601, #5506, #7241, .T. ) ;
#9206 = PLANE ( 'NONE',  #1232 ) ;
#9207 = VERTEX_POINT ( 'NONE', #7928 ) ;
#9208 = CARTESIAN_POINT ( 'NONE',  ( -0.07999999999999989064, 0.05000000000000012768, -0.9349999999999998312 ) ) ;
#9209 = PLANE ( 'NONE',  #4506 ) ;
#9210 = ORIENTED_EDGE ( 'NONE', *, *, #3064, .T. ) ;
#9212 = ORIENTED_EDGE ( 'NONE', *, *, #914, .F. ) ;
#9211 = VECTOR ( 'NONE', #4261, 1000.000000000000000 ) ;
#9213 = ORIENTED_EDGE ( 'NONE', *, *, #6810, .T. ) ;
#9214 = DIRECTION ( 'NONE',  ( 0.000000000000000000, 0.000000000000000000, 1.000000000000000000 ) ) ;
#9215 = EDGE_CURVE ( 'NONE', #2472, #6523, #7065, .T. ) ;
#9216 = CARTESIAN_POINT ( 'NONE',  ( 0.3750000000000037748, 0.1199999999999999956, 0.2000000000000003164 ) ) ;
#9217 = VECTOR ( 'NONE', #4575, 1000.000000000000000 ) ;
#9218 = DIRECTION ( 'NONE',  ( -1.000000000000000000, 0.000000000000000000, 0.000000000000000000 ) ) ;
#9219 = ADVANCED_FACE ( 'NONE', ( #7874 ), #3332, .T. ) ;
#9220 = DIRECTION ( 'NONE',  ( -1.000000000000000000, 0.000000000000000000, -0.000000000000000000 ) ) ;
#9221 = CARTESIAN_POINT ( 'NONE',  ( -0.3200000000000081113, 0.05000000000000012768, -0.7749999999999984679 ) ) ;
#9222 = CARTESIAN_POINT ( 'NONE',  ( -0.4250000000000039302, 0.1199999999999999956, -0.7000000000000000666 ) ) ;
#9223 = ORIENTED_EDGE ( 'NONE', *, *, #3218, .T. ) ;
#9224 = CARTESIAN_POINT ( 'NONE',  ( -0.8249999999999997335, 0.5999999999999999778, -0.7249999999999999778 ) ) ;
#9225 = ORIENTED_EDGE ( 'NONE', *, *, #4173, .F. ) ;
#9226 = ORIENTED_EDGE ( 'NONE', *, *, #2434, .F. ) ;
#9227 = DIRECTION ( 'NONE',  ( -0.000000000000000000, 0.000000000000000000, -1.000000000000000000 ) ) ;
#9228 = CARTESIAN_POINT ( 'NONE',  ( -0.4250000000000039302, 0.06999999999999986788, -1.000000000000000222 ) ) ;
#9229 =( NAMED_UNIT ( * ) PLANE_ANGLE_UNIT ( ) SI_UNIT ( $, .RADIAN. ) );
#9230 = EDGE_CURVE ( 'NONE', #1582, #2031, #6309, .T. ) ;
#9231 = LINE ( 'NONE', #167, #7727 ) ;
#9232 = CARTESIAN_POINT ( 'NONE',  ( -0.9999999999999997780, 0.1199999999999999956, 0.2000000000000002054 ) ) ;
#9233 = AXIS2_PLACEMENT_3D ( 'NONE', #4671, #7094, #9328 ) ;
#9234 = DIRECTION ( 'NONE',  ( -0.000000000000000000, -1.000000000000000000, -0.000000000000000000 ) ) ;
#9236 = ORIENTED_EDGE ( 'NONE', *, *, #3768, .F. ) ;
#9235 = CARTESIAN_POINT ( 'NONE',  ( 0.4250000000000039302, 0.1199999999999999956, -1.000000000000000222 ) ) ;
#9237 = VERTEX_POINT ( 'NONE', #4134 ) ;
#9238 = CARTESIAN_POINT ( 'NONE',  ( -0.9149999999999999245, 0.000000000000000000, -0.5749999999999999556 ) ) ;
#9239 = ORIENTED_EDGE ( 'NONE', *, *, #5183, .T. ) ;
#9240 = CARTESIAN_POINT ( 'NONE',  ( -0.07999999999999929390, 0.05000000000000012768, 0.9350000000000000533 ) ) ;
#9241 = EDGE_CURVE ( 'NONE', #3604, #9038, #4086, .T. ) ;
#9242 = CARTESIAN_POINT ( 'NONE',  ( -0.4250000000000039302, 0.06999999999999975686, -0.1999999999999998723 ) ) ;
#9243 = LINE ( 'NONE', #2306, #2557 ) ;
#9244 = ORIENTED_EDGE ( 'NONE', *, *, #9762, .F. ) ;
#9246 = VECTOR ( 'NONE', #3170, 1000.000000000000000 ) ;
#9245 = CARTESIAN_POINT ( 'NONE',  ( -0.9999999999999997780, 0.1199999999999999956, -0.6500000000000000222 ) ) ;
#9247 = CARTESIAN_POINT ( 'NONE',  ( -0.4250000000000039302, 0.1199999999999999956, 0.9999999999999997780 ) ) ;
#9248 = DIRECTION ( 'NONE',  ( 0.000000000000000000, 0.000000000000000000, 1.000000000000000000 ) ) ;
#9249 = VERTEX_POINT ( 'NONE', #947 ) ;
#9250 = ORIENTED_EDGE ( 'NONE', *, *, #2232, .F. ) ;
#9251 = AXIS2_PLACEMENT_3D ( 'NONE', #9514, #5572, #2589 ) ;
#9252 = STYLED_ITEM ( 'NONE', ( #9941 ), #1390 ) ;
#9253 = EDGE_CURVE ( 'NONE', #8400, #8748, #8863, .T. ) ;
#9254 = EDGE_CURVE ( 'NONE', #1923, #4871, #7115, .T. ) ;
#9255 = EDGE_CURVE ( 'NONE', #804, #6969, #5656, .T. ) ;
#9256 = LINE ( 'NONE', #6209, #1562 ) ;
#9257 = DIRECTION ( 'NONE',  ( 0.000000000000000000, 0.000000000000000000, 1.000000000000000000 ) ) ;
#9258 = ORIENTED_EDGE ( 'NONE', *, *, #2810, .F. ) ;
#9259 = CARTESIAN_POINT ( 'NONE',  ( 0.02500000000000006384, 0.1199999999999999956, -0.2500000000000000000 ) ) ;
#9260 = ORIENTED_EDGE ( 'NONE', *, *, #1628, .F. ) ;
#9261 = VECTOR ( 'NONE', #9312, 1000.000000000000000 ) ;
#9262 = VECTOR ( 'NONE', #7937, 1000.000000000000000 ) ;
#9263 = ORIENTED_EDGE ( 'NONE', *, *, #7736, .F. ) ;
#9264 = EDGE_CURVE ( 'NONE', #8701, #9898, #4988, .T. ) ;
#9265 = CIRCLE ( 'NONE', #4897, 0.02000000000000005246 ) ;
#9266 = PLANE ( 'NONE',  #9956 ) ;
#9267 = LINE ( 'NONE', #3807, #6434 ) ;
#9268 = DIRECTION ( 'NONE',  ( 0.000000000000000000, 1.000000000000000000, 0.000000000000000000 ) ) ;
#9269 = DIRECTION ( 'NONE',  ( 1.000000000000000000, -0.000000000000000000, -0.000000000000000000 ) ) ;
#9270 = LINE ( 'NONE', #1517, #361 ) ;
#9271 = VERTEX_POINT ( 'NONE', #2516 ) ;
#9272 = DIRECTION ( 'NONE',  ( 0.000000000000000000, 0.000000000000000000, -1.000000000000000000 ) ) ;
#9273 = ORIENTED_EDGE ( 'NONE', *, *, #2955, .T. ) ;
#9274 = EDGE_CURVE ( 'NONE', #8781, #22, #8719, .T. ) ;
#9275 = LINE ( 'NONE', #9366, #1875 ) ;
#9276 = CARTESIAN_POINT ( 'NONE',  ( 0.02500000000000006384, 0.1199999999999999956, -1.000000000000000222 ) ) ;
#9277 = CARTESIAN_POINT ( 'NONE',  ( 0.02500000000000006384, 0.1199999999999999956, -0.6500000000000000222 ) ) ;
#9278 = LINE ( 'NONE', #2340, #8906 ) ;
#9280 = ORIENTED_EDGE ( 'NONE', *, *, #4334, .F. ) ;
#9279 = LINE ( 'NONE', #2909, #1864 ) ;
#9281 = DIRECTION ( 'NONE',  ( -0.000000000000000000, -1.000000000000000000, -0.000000000000000000 ) ) ;
#9282 = CARTESIAN_POINT ( 'NONE',  ( 0.3750000000000037748, 0.1199999999999999956, -1.000000000000000222 ) ) ;
#9283 = CARTESIAN_POINT ( 'NONE',  ( -0.9999999999999997780, 0.1199999999999999956, -0.6500000000000000222 ) ) ;
#9284 = ORIENTED_EDGE ( 'NONE', *, *, #5343, .F. ) ;
#9285 = AXIS2_PLACEMENT_3D ( 'NONE', #2792, #8169, #7441 ) ;
#9286 = ORIENTED_EDGE ( 'NONE', *, *, #868, .T. ) ;
#9288 = AXIS2_PLACEMENT_3D ( 'NONE', #4813, #5524, #7899 ) ;
#9287 = CARTESIAN_POINT ( 'NONE',  ( -0.7750000000000002442, 0.05000000000000012768, -0.5749999999999999556 ) ) ;
#9289 = CARTESIAN_POINT ( 'NONE',  ( 0.02500000000000006384, 0.06999999999999975686, 0.9999999999999997780 ) ) ;
#9290 = ORIENTED_EDGE ( 'NONE', *, *, #3064, .F. ) ;
#9291 = CARTESIAN_POINT ( 'NONE',  ( -0.3750000000000037748, 0.1199999999999999956, -1.000000000000000222 ) ) ;
#9292 = CARTESIAN_POINT ( 'NONE',  ( -0.3750000000000037748, 0.1199999999999999956, -0.1999999999999998723 ) ) ;
#9293 = CARTESIAN_POINT ( 'NONE',  ( -0.9999999999999997780, 0.05000000000000012768, 0.9999999999999997780 ) ) ;
#9294 = VECTOR ( 'NONE', #8557, 1000.000000000000000 ) ;
#9295 = EDGE_CURVE ( 'NONE', #1174, #2544, #9489, .T. ) ;
#9296 = DIRECTION ( 'NONE',  ( 0.000000000000000000, 0.000000000000000000, 1.000000000000000000 ) ) ;
#9297 = DIRECTION ( 'NONE',  ( 7.744301232039333445E-16, -0.000000000000000000, 1.000000000000000000 ) ) ;
#9298 = DIRECTION ( 'NONE',  ( 0.000000000000000000, 0.000000000000000000, -1.000000000000000000 ) ) ;
#9299 = AXIS2_PLACEMENT_3D ( 'NONE', #4257, #7701, #2963 ) ;
#9300 = DIRECTION ( 'NONE',  ( 1.000000000000000000, -0.000000000000000000, -0.000000000000000000 ) ) ;
#9301 = CYLINDRICAL_SURFACE ( 'NONE', #4, 0.02000000000000005246 ) ;
#9302 = ORIENTED_EDGE ( 'NONE', *, *, #3936, .T. ) ;
#9303 = EDGE_LOOP ( 'NONE', ( #6150, #9093 ) ) ;
#9304 = EDGE_CURVE ( 'NONE', #806, #3847, #2723, .T. ) ;
#9305 = EDGE_CURVE ( 'NONE', #9089, #1667, #2469, .T. ) ;
#9306 = LINE ( 'NONE', #7831, #7386 ) ;
#9307 = VECTOR ( 'NONE', #5157, 1000.000000000000000 ) ;
#9308 = CARTESIAN_POINT ( 'NONE',  ( -0.07999999999999989064, 0.05000000000000012768, -0.9349999999999998312 ) ) ;
#9309 = DIRECTION ( 'NONE',  ( 0.000000000000000000, 1.000000000000000000, 0.000000000000000000 ) ) ;
#9310 = DIRECTION ( 'NONE',  ( -1.000000000000000000, 0.000000000000000000, 0.000000000000000000 ) ) ;
#9311 = DIRECTION ( 'NONE',  ( 1.000000000000000000, 0.000000000000000000, 0.000000000000000000 ) ) ;
#9312 = DIRECTION ( 'NONE',  ( 1.000000000000000000, -0.000000000000000000, -0.000000000000000000 ) ) ;
#9314 = ORIENTED_EDGE ( 'NONE', *, *, #2261, .T. ) ;
#9313 = MECHANICAL_DESIGN_GEOMETRIC_PRESENTATION_REPRESENTATION (  '', ( #5272 ), #8188 ) ;
#9315 = LINE ( 'NONE', #163, #2439 ) ;
#9316 = ORIENTED_EDGE ( 'NONE', *, *, #7514, .F. ) ;
#9317 = EDGE_CURVE ( 'NONE', #9879, #7033, #8699, .T. ) ;
#9318 = ADVANCED_FACE ( 'NONE', ( #5554 ), #1811, .F. ) ;
#9319 = CARTESIAN_POINT ( 'NONE',  ( 0.07999999999999989064, 0.05000000000000012768, -0.9149999999999998135 ) ) ;
#9320 = AXIS2_PLACEMENT_3D ( 'NONE', #7517, #5247, #6758 ) ;
#9321 = LINE ( 'NONE', #6085, #5287 ) ;
#9322 = PLANE ( 'NONE',  #8055 ) ;
#9323 = FACE_OUTER_BOUND ( 'NONE', #7720, .T. ) ;
#9324 = ADVANCED_FACE ( 'NONE', ( #8793 ), #4895, .T. ) ;
#9325 = CARTESIAN_POINT ( 'NONE',  ( 1.000000000000000222, 0.1199999999999999956, -0.7000000000000000666 ) ) ;
#9327 = ORIENTED_EDGE ( 'NONE', *, *, #165, .F. ) ;
#9326 = CARTESIAN_POINT ( 'NONE',  ( -0.4250000000000039302, 0.1199999999999999956, -0.2500000000000000000 ) ) ;
#9328 = DIRECTION ( 'NONE',  ( 0.000000000000000000, 0.000000000000000000, 1.000000000000000000 ) ) ;
#9329 = EDGE_LOOP ( 'NONE', ( #4545, #6385, #2852, #8749 ) ) ;
#9330 = ORIENTED_EDGE ( 'NONE', *, *, #7086, .T. ) ;
#9331 = VECTOR ( 'NONE', #8819, 1000.000000000000000 ) ;
#9332 = CARTESIAN_POINT ( 'NONE',  ( -0.9999999999999997780, 0.1199999999999999956, -0.6500000000000000222 ) ) ;
#9333 = VECTOR ( 'NONE', #8939, 1000.000000000000000 ) ;
#9334 = DIRECTION ( 'NONE',  ( -0.000000000000000000, -1.000000000000000000, -0.000000000000000000 ) ) ;
#9335 = LINE ( 'NONE', #4728, #2491 ) ;
#9336 = DIRECTION ( 'NONE',  ( -0.000000000000000000, -0.000000000000000000, 1.000000000000000000 ) ) ;
#9337 = ADVANCED_FACE ( 'NONE', ( #6497 ), #4224, .F. ) ;
#9338 = ORIENTED_EDGE ( 'NONE', *, *, #2772, .F. ) ;
#9339 = EDGE_LOOP ( 'NONE', ( #125, #2070, #1372, #5410 ) ) ;
#9340 = FACE_OUTER_BOUND ( 'NONE', #9770, .T. ) ;
#9341 = CARTESIAN_POINT ( 'NONE',  ( -0.7749999999999953593, 0.000000000000000000, -0.3050000000000000488 ) ) ;
#9342 = VERTEX_POINT ( 'NONE', #6746 ) ;
#9343 = AXIS2_PLACEMENT_3D ( 'NONE', #1645, #1034, #1747 ) ;
#9344 = VECTOR ( 'NONE', #9409, 1000.000000000000000 ) ;
#9345 = DIRECTION ( 'NONE',  ( -0.000000000000000000, -0.000000000000000000, 1.000000000000000000 ) ) ;
#9346 = CARTESIAN_POINT ( 'NONE',  ( -0.5000000000000082157, 0.05000000000000012768, 0.9149999999999983702 ) ) ;
#9347 = AXIS2_PLACEMENT_3D ( 'NONE', #5422, #6320, #713 ) ;
#9349 = AXIS2_PLACEMENT_3D ( 'NONE', #2905, #5983, #2141 ) ;
#9348 = CARTESIAN_POINT ( 'NONE',  ( -0.09999999999999942268, 0.05000000000000012768, 0.9149999999999999245 ) ) ;
#9350 = DIRECTION ( 'NONE',  ( -0.000000000000000000, -1.000000000000000000, -0.000000000000000000 ) ) ;
#9351 = ORIENTED_EDGE ( 'NONE', *, *, #3863, .T. ) ;
#9352 = CARTESIAN_POINT ( 'NONE',  ( -0.9999999999999997780, 0.06999999999999985401, 0.2500000000000003331 ) ) ;
#9353 = LINE ( 'NONE', #803, #9033 ) ;
#9354 = ORIENTED_EDGE ( 'NONE', *, *, #4440, .F. ) ;
#9355 = EDGE_LOOP ( 'NONE', ( #2494, #7836, #9679, #9648 ) ) ;
#9356 = AXIS2_PLACEMENT_3D ( 'NONE', #9955, #3044, #2374 ) ;
#9357 = FACE_OUTER_BOUND ( 'NONE', #7190, .T. ) ;
#9358 = ADVANCED_FACE ( 'NONE', ( #9681 ), #9039, .T. ) ;
#9359 = CARTESIAN_POINT ( 'NONE',  ( -0.02500000000000006384, 0.06999999999999975686, -0.6500000000000000222 ) ) ;
#9361 = DIRECTION ( 'NONE',  ( 0.000000000000000000, -0.000000000000000000, 1.000000000000000000 ) ) ;
#9360 = VECTOR ( 'NONE', #436, 1000.000000000000000 ) ;
#9362 = FACE_OUTER_BOUND ( 'NONE', #8183, .T. ) ;
#9363 = ORIENTED_EDGE ( 'NONE', *, *, #5222, .F. ) ;
#9364 = DIRECTION ( 'NONE',  ( 1.000000000000000000, 0.000000000000000000, -0.000000000000000000 ) ) ;
#9365 = ORIENTED_EDGE ( 'NONE', *, *, #7246, .F. ) ;
#9366 = CARTESIAN_POINT ( 'NONE',  ( -0.3750000000000037748, 0.1199999999999999956, 0.9999999999999997780 ) ) ;
#9367 = LINE ( 'NONE', #1574, #8554 ) ;
#9368 = EDGE_CURVE ( 'NONE', #3881, #3282, #3575, .T. ) ;
#9369 = EDGE_CURVE ( 'NONE', #2542, #8049, #2003, .T. ) ;
#9370 = CARTESIAN_POINT ( 'NONE',  ( -0.4250000000000039302, 0.1199999999999999956, -0.7000000000000000666 ) ) ;
#9371 = EDGE_CURVE ( 'NONE', #6474, #7589, #9836, .T. ) ;
#9372 = FACE_OUTER_BOUND ( 'NONE', #9417, .T. ) ;
#9373 = ORIENTED_EDGE ( 'NONE', *, *, #2574, .F. ) ;
#9374 = ORIENTED_EDGE ( 'NONE', *, *, #5734, .T. ) ;
#9375 = VERTEX_POINT ( 'NONE', #6638 ) ;
#9376 = EDGE_LOOP ( 'NONE', ( #4295, #4693, #9373, #5011 ) ) ;
#9377 = LINE ( 'NONE', #4924, #4472 ) ;
#9378 = LINE ( 'NONE', #86, #1579 ) ;
#9379 = DIRECTION ( 'NONE',  ( 0.000000000000000000, 0.000000000000000000, 1.000000000000000000 ) ) ;
#9380 = DIRECTION ( 'NONE',  ( 0.000000000000000000, 1.000000000000000000, -0.000000000000000000 ) ) ;
#9381 = CARTESIAN_POINT ( 'NONE',  ( -0.9149999999999999245, 0.000000000000000000, -0.5749999999999999556 ) ) ;
#9382 = ORIENTED_EDGE ( 'NONE', *, *, #4211, .T. ) ;
#9383 = CYLINDRICAL_SURFACE ( 'NONE', #3718, 0.02000000000000005246 ) ;
#9384 = CARTESIAN_POINT ( 'NONE',  ( -0.9999999999999997780, 0.1199999999999999956, 0.6500000000000003553 ) ) ;
#9385 = DIRECTION ( 'NONE',  ( 0.000000000000000000, 0.000000000000000000, -1.000000000000000000 ) ) ;
#9386 = CARTESIAN_POINT ( 'NONE',  ( 0.3750000000000037748, 0.1199999999999999956, -0.2500000000000000000 ) ) ;
#9387 = DIRECTION ( 'NONE',  ( -0.000000000000000000, -1.000000000000000000, -0.000000000000000000 ) ) ;
#9388 = AXIS2_PLACEMENT_3D ( 'NONE', #5497, #3980, #5447 ) ;
#9389 = DIRECTION ( 'NONE',  ( 0.000000000000000000, 0.000000000000000000, 1.000000000000000000 ) ) ;
#9390 = ORIENTED_EDGE ( 'NONE', *, *, #650, .F. ) ;
#9391 = DIRECTION ( 'NONE',  ( 0.000000000000000000, 0.000000000000000000, -1.000000000000000000 ) ) ;
#9392 = ORIENTED_EDGE ( 'NONE', *, *, #5303, .T. ) ;
#9393 = UNCERTAINTY_MEASURE_WITH_UNIT (LENGTH_MEASURE( 1.000000000000000082E-05 ), #5264, 'distance_accuracy_value', 'NONE');
#9394 = AXIS2_PLACEMENT_3D ( 'NONE', #3371, #6394, #9479 ) ;
#9395 = ADVANCED_FACE ( 'NONE', ( #5086, #5850, #2924, #8985, #7458 ), #1176, .T. ) ;
#9396 = EDGE_CURVE ( 'NONE', #6307, #7204, #485, .T. ) ;
#9397 = DIRECTION ( 'NONE',  ( 0.000000000000000000, 0.000000000000000000, 1.000000000000000000 ) ) ;
#9398 = FACE_OUTER_BOUND ( 'NONE', #6454, .T. ) ;
#9400 = VECTOR ( 'NONE', #7667, 1000.000000000000000 ) ;
#9399 = DIRECTION ( 'NONE',  ( 0.000000000000000000, 0.000000000000000000, 1.000000000000000000 ) ) ;
#9401 = AXIS2_PLACEMENT_3D ( 'NONE', #7758, #5529, #1026 ) ;
#9402 = PLANE ( 'NONE',  #1092 ) ;
#9403 = DIRECTION ( 'NONE',  ( -0.000000000000000000, -0.000000000000000000, -1.000000000000000000 ) ) ;
#9404 = ORIENTED_EDGE ( 'NONE', *, *, #4049, .T. ) ;
#9405 = DIRECTION ( 'NONE',  ( -0.000000000000000000, -1.000000000000000000, -0.000000000000000000 ) ) ;
#9406 = VERTEX_POINT ( 'NONE', #7510 ) ;
#9407 = ADVANCED_FACE ( 'NONE', ( #2811 ), #534, .F. ) ;
#9408 = MECHANICAL_DESIGN_GEOMETRIC_PRESENTATION_REPRESENTATION (  '', ( #5211 ), #524 ) ;
#9409 = DIRECTION ( 'NONE',  ( -1.000000000000000000, -0.000000000000000000, -0.000000000000000000 ) ) ;
#9410 = CARTESIAN_POINT ( 'NONE',  ( -0.7749999999999906963, 0.000000000000000000, 0.1449999999999999345 ) ) ;
#9411 = DIRECTION ( 'NONE',  ( 1.000000000000000000, 0.000000000000000000, 0.000000000000000000 ) ) ;
#9412 = ORIENTED_EDGE ( 'NONE', *, *, #2323, .T. ) ;
#9413 = CARTESIAN_POINT ( 'NONE',  ( 1.000000000000000222, 0.06999999999999975686, 0.7000000000000005107 ) ) ;
#9415 = AXIS2_PLACEMENT_3D ( 'NONE', #7017, #1763, #847 ) ;
#9414 = SURFACE_SIDE_STYLE ('',( #4060 ) ) ;
#9416 = ORIENTED_EDGE ( 'NONE', *, *, #8991, .F. ) ;
#9417 = EDGE_LOOP ( 'NONE', ( #6380, #9181, #4770, #3230 ) ) ;
#9418 = ORIENTED_EDGE ( 'NONE', *, *, #9187, .F. ) ;
#9419 = EDGE_CURVE ( 'NONE', #2087, #9184, #8291, .T. ) ;
#9420 = ADVANCED_FACE ( 'NONE', ( #8884 ), #3628, .T. ) ;
#9421 = DIRECTION ( 'NONE',  ( 0.000000000000000000, 0.000000000000000000, 1.000000000000000000 ) ) ;
#9422 = DIRECTION ( 'NONE',  ( 1.000000000000000000, 0.000000000000000000, -0.000000000000000000 ) ) ;
#9423 = DIRECTION ( 'NONE',  ( -1.000000000000000000, 0.000000000000000000, -0.000000000000000000 ) ) ;
#9424 = FACE_BOUND ( 'NONE', #5298, .T. ) ;
#9425 = ORIENTED_EDGE ( 'NONE', *, *, #3785, .F. ) ;
#9426 = VERTEX_POINT ( 'NONE', #6693 ) ;
#9427 = DIRECTION ( 'NONE',  ( 0.000000000000000000, 0.000000000000000000, -1.000000000000000000 ) ) ;
#9428 = CARTESIAN_POINT ( 'NONE',  ( -0.02500000000000006384, 0.1199999999999999956, -1.000000000000000222 ) ) ;
#9429 = DIRECTION ( 'NONE',  ( 0.000000000000000000, 0.000000000000000000, -1.000000000000000000 ) ) ;
#9430 = EDGE_CURVE ( 'NONE', #170, #7793, #8561, .T. ) ;
#9431 = LINE ( 'NONE', #7254, #3183 ) ;
#9432 = VECTOR ( 'NONE', #6047, 1000.000000000000000 ) ;
#9433 = LINE ( 'NONE', #2417, #7252 ) ;
#9434 = DIRECTION ( 'NONE',  ( -0.000000000000000000, -1.000000000000000000, -0.000000000000000000 ) ) ;
#9435 = ORIENTED_EDGE ( 'NONE', *, *, #953, .F. ) ;
#9436 = CARTESIAN_POINT ( 'NONE',  ( 0.1000000000000005329, 0.05000000000000012768, 0.9149999999999999245 ) ) ;
#9437 = ADVANCED_FACE ( 'NONE', ( #8340 ), #2758, .F. ) ;
#9438 = DIRECTION ( 'NONE',  ( -0.000000000000000000, -1.000000000000000000, -0.000000000000000000 ) ) ;
#9439 = ORIENTED_EDGE ( 'NONE', *, *, #2483, .F. ) ;
#9440 = VECTOR ( 'NONE', #6777, 1000.000000000000000 ) ;
#9441 = ORIENTED_EDGE ( 'NONE', *, *, #8296, .T. ) ;
#9442 = DIRECTION ( 'NONE',  ( 0.000000000000000000, 0.000000000000000000, -1.000000000000000000 ) ) ;
#9443 = VECTOR ( 'NONE', #9500, 1000.000000000000000 ) ;
#9444 = CARTESIAN_POINT ( 'NONE',  ( 0.4250000000000039302, 0.1199999999999999956, 0.2000000000000003164 ) ) ;
#9445 = CARTESIAN_POINT ( 'NONE',  ( -0.9999999999999997780, 0.1199999999999999956, -0.1999999999999998723 ) ) ;
#9446 = CARTESIAN_POINT ( 'NONE',  ( 1.000000000000000222, 0.06999999999999975686, -0.6500000000000000222 ) ) ;
#9447 = DIRECTION ( 'NONE',  ( 0.000000000000000000, 0.000000000000000000, 1.000000000000000000 ) ) ;
#9448 = CARTESIAN_POINT ( 'NONE',  ( -0.02500000000000006384, 0.06999999999999975686, -1.000000000000000222 ) ) ;
#9449 = VERTEX_POINT ( 'NONE', #4272 ) ;
#9450 = EDGE_CURVE ( 'NONE', #8125, #8110, #6539, .T. ) ;
#9451 = CARTESIAN_POINT ( 'NONE',  ( -0.8249999999999997335, 0.5799999999999998490, -0.8250000000000000666 ) ) ;
#9452 = ORIENTED_EDGE ( 'NONE', *, *, #4302, .T. ) ;
#9453 = VERTEX_POINT ( 'NONE', #2705 ) ;
#9454 = VECTOR ( 'NONE', #1275, 1000.000000000000000 ) ;
#9455 = DIRECTION ( 'NONE',  ( -1.000000000000000000, 0.000000000000000000, -0.000000000000000000 ) ) ;
#9457 = VECTOR ( 'NONE', #7772, 1000.000000000000000 ) ;
#9456 = DIRECTION ( 'NONE',  ( 0.000000000000000000, 1.000000000000000000, 0.000000000000000000 ) ) ;
#9458 = DIRECTION ( 'NONE',  ( -1.000000000000000000, 0.000000000000000000, -0.000000000000000000 ) ) ;
#9459 = LINE ( 'NONE', #1788, #8471 ) ;
#9460 = ORIENTED_EDGE ( 'NONE', *, *, #3185, .F. ) ;
#9461 = EDGE_CURVE ( 'NONE', #5789, #9506, #588, .T. ) ;
#9462 = DIRECTION ( 'NONE',  ( 1.000000000000000000, 0.000000000000000000, 0.000000000000000000 ) ) ;
#9463 = CARTESIAN_POINT ( 'NONE',  ( -0.02500000000000006384, 0.06999999999999975686, -0.1999999999999998723 ) ) ;
#9464 = ORIENTED_EDGE ( 'NONE', *, *, #4537, .T. ) ;
#9465 = ORIENTED_EDGE ( 'NONE', *, *, #7724, .T. ) ;
#9466 = ORIENTED_EDGE ( 'NONE', *, *, #1103, .T. ) ;
#9467 = ORIENTED_EDGE ( 'NONE', *, *, #4537, .F. ) ;
#9468 = VECTOR ( 'NONE', #2870, 1000.000000000000000 ) ;
#9469 = PLANE ( 'NONE',  #3341 ) ;
#9470 = FILL_AREA_STYLE_COLOUR ( '', #5430 ) ;
#9471 = LINE ( 'NONE', #1984, #9191 ) ;
#9472 = FACE_OUTER_BOUND ( 'NONE', #4426, .T. ) ;
#9473 = DIRECTION ( 'NONE',  ( 0.000000000000000000, 1.000000000000000000, 0.000000000000000000 ) ) ;
#9474 = CARTESIAN_POINT ( 'NONE',  ( -0.7749999999999953593, 0.000000000000000000, -0.3250000000000000666 ) ) ;
#9475 = ORIENTED_EDGE ( 'NONE', *, *, #5575, .T. ) ;
#9476 = ORIENTED_EDGE ( 'NONE', *, *, #6044, .F. ) ;
#9477 = CARTESIAN_POINT ( 'NONE',  ( -0.9149999999999952616, 0.000000000000000000, -0.1250000000000000000 ) ) ;
#9478 = CARTESIAN_POINT ( 'NONE',  ( 0.3750000000000037748, 0.06999999999999975686, -1.000000000000000222 ) ) ;
#9479 = DIRECTION ( 'NONE',  ( 0.000000000000000000, 0.000000000000000000, -1.000000000000000000 ) ) ;
#9480 = VECTOR ( 'NONE', #9850, 1000.000000000000000 ) ;
#9481 = CARTESIAN_POINT ( 'NONE',  ( -0.7750000000000002442, 0.000000000000000000, -0.7750000000000001332 ) ) ;
#9482 = CARTESIAN_POINT ( 'NONE',  ( -0.02500000000000006384, 0.06999999999999975686, 0.9999999999999997780 ) ) ;
#9483 = SURFACE_SIDE_STYLE ('',( #6401 ) ) ;
#9484 = EDGE_CURVE ( 'NONE', #5180, #4099, #2414, .T. ) ;
#9485 = VERTEX_POINT ( 'NONE', #5401 ) ;
#9486 = EDGE_CURVE ( 'NONE', #9879, #8508, #7611, .T. ) ;
#9487 = PLANE ( 'NONE',  #4773 ) ;
#9488 = ADVANCED_FACE ( 'NONE', ( #9340 ), #4530, .T. ) ;
#9489 = LINE ( 'NONE', #7164, #154 ) ;
#9490 = STYLED_ITEM ( 'NONE', ( #5359 ), #8079 ) ;
#9492 = VERTEX_POINT ( 'NONE', #3024 ) ;
#9491 = AXIS2_PLACEMENT_3D ( 'NONE', #502, #9007, #5160 ) ;
#9493 = UNCERTAINTY_MEASURE_WITH_UNIT (LENGTH_MEASURE( 1.000000000000000082E-05 ), #6585, 'distance_accuracy_value', 'NONE');
#9494 = ORIENTED_EDGE ( 'NONE', *, *, #1673, .F. ) ;
#9495 = VECTOR ( 'NONE', #2105, 1000.000000000000000 ) ;
#9496 = AXIS2_PLACEMENT_3D ( 'NONE', #6034, #1205, #4517 ) ;
#9497 = LINE ( 'NONE', #5663, #2372 ) ;
#9498 = LINE ( 'NONE', #9547, #5475 ) ;
#9499 = DIRECTION ( 'NONE',  ( 0.000000000000000000, 1.000000000000000000, -0.000000000000000000 ) ) ;
#9500 = DIRECTION ( 'NONE',  ( 1.000000000000000000, -0.000000000000000000, -0.000000000000000000 ) ) ;
#9501 = LINE ( 'NONE', #3440, #7892 ) ;
#9502 = CARTESIAN_POINT ( 'NONE',  ( -0.4800000000000075318, 0.000000000000000000, 0.7749999999999954703 ) ) ;
#9503 = ORIENTED_EDGE ( 'NONE', *, *, #662, .T. ) ;
#9504 = PLANE ( 'NONE',  #4377 ) ;
#9506 = VERTEX_POINT ( 'NONE', #7666 ) ;
#9505 = CIRCLE ( 'NONE', #5317, 0.02000000000000005246 ) ;
#9507 = AXIS2_PLACEMENT_3D ( 'NONE', #711, #1513, #8565 ) ;
#9508 = EDGE_CURVE ( 'NONE', #6091, #4393, #1595, .T. ) ;
#9509 = DIRECTION ( 'NONE',  ( 0.000000000000000000, -1.000000000000000000, 0.000000000000000000 ) ) ;
#9510 = EDGE_CURVE ( 'NONE', #2087, #7702, #9195, .T. ) ;
#9511 = AXIS2_PLACEMENT_3D ( 'NONE', #5188, #7307, #3683 ) ;
#9512 = LINE ( 'NONE', #4866, #7895 ) ;
#9513 = LINE ( 'NONE', #2025, #8799 ) ;
#9514 = CARTESIAN_POINT ( 'NONE',  ( 0.7749999999999951372, 0.000000000000000000, -0.3049999999999998268 ) ) ;
#9515 = VERTEX_POINT ( 'NONE', #2264 ) ;
#9516 = CARTESIAN_POINT ( 'NONE',  ( 1.000000000000000222, 0.06999999999999975686, 0.2500000000000003331 ) ) ;
#9517 = ORIENTED_EDGE ( 'NONE', *, *, #8129, .F. ) ;
#9518 = ORIENTED_EDGE ( 'NONE', *, *, #5462, .T. ) ;
#9519 = ORIENTED_EDGE ( 'NONE', *, *, #7289, .F. ) ;
#9520 = AXIS2_PLACEMENT_3D ( 'NONE', #3320, #5643, #7817 ) ;
#9521 = EDGE_CURVE ( 'NONE', #3898, #9156, #5495, .T. ) ;
#9522 = EDGE_CURVE ( 'NONE', #2175, #9728, #739, .T. ) ;
#9523 = LINE ( 'NONE', #2596, #2059 ) ;
#9524 = DIRECTION ( 'NONE',  ( 0.000000000000000000, 0.000000000000000000, 1.000000000000000000 ) ) ;
#9525 = CARTESIAN_POINT ( 'NONE',  ( -0.4800000000000075318, 0.05000000000000012768, 0.7749999999999954703 ) ) ;
#9526 = PLANE ( 'NONE',  #6568 ) ;
#9527 = FACE_BOUND ( 'NONE', #8584, .T. ) ;
#9528 = VERTEX_POINT ( 'NONE', #3735 ) ;
#9529 = ORIENTED_EDGE ( 'NONE', *, *, #5284, .T. ) ;
#9530 = LINE ( 'NONE', #7155, #3227 ) ;
#9531 = DIRECTION ( 'NONE',  ( 0.000000000000000000, -1.000000000000000000, 0.000000000000000000 ) ) ;
#9532 = PLANE ( 'NONE',  #3914 ) ;
#9533 = ADVANCED_FACE ( 'NONE', ( #5349 ), #6907, .F. ) ;
#9534 = DIRECTION ( 'NONE',  ( -0.000000000000000000, 1.000000000000000000, -0.000000000000000000 ) ) ;
#9535 = DIRECTION ( 'NONE',  ( 0.000000000000000000, 0.000000000000000000, -1.000000000000000000 ) ) ;
#9536 = DIRECTION ( 'NONE',  ( 1.000000000000000000, 0.000000000000000000, -0.000000000000000000 ) ) ;
#9537 = PLANE ( 'NONE',  #2312 ) ;
#9538 = ORIENTED_EDGE ( 'NONE', *, *, #5221, .F. ) ;
#9540 = VECTOR ( 'NONE', #5111, 1000.000000000000000 ) ;
#9539 = CARTESIAN_POINT ( 'NONE',  ( 0.4799999999999999267, 0.05000000000000012768, -0.9149999999999998135 ) ) ;
#9541 = ORIENTED_EDGE ( 'NONE', *, *, #6836, .T. ) ;
#9542 = ORIENTED_EDGE ( 'NONE', *, *, #1021, .T. ) ;
#9543 = EDGE_CURVE ( 'NONE', #3749, #8806, #6251, .T. ) ;
#9544 = EDGE_CURVE ( 'NONE', #2788, #177, #5650, .T. ) ;
#9545 = ADVANCED_FACE ( 'NONE', ( #1493 ), #4585, .F. ) ;
#9546 = DIRECTION ( 'NONE',  ( -0.000000000000000000, -0.000000000000000000, 1.000000000000000000 ) ) ;
#9547 = CARTESIAN_POINT ( 'NONE',  ( 1.000000000000000222, 0.1199999999999999956, 0.7000000000000005107 ) ) ;
#9548 = DIRECTION ( 'NONE',  ( 0.000000000000000000, 1.000000000000000000, -0.000000000000000000 ) ) ;
#9549 = ORIENTED_EDGE ( 'NONE', *, *, #6773, .F. ) ;
#9550 = DIRECTION ( 'NONE',  ( 0.000000000000000000, 0.000000000000000000, 1.000000000000000000 ) ) ;
#9551 = FACE_OUTER_BOUND ( 'NONE', #2320, .T. ) ;
#9552 = PLANE ( 'NONE',  #7961 ) ;
#9553 = ORIENTED_EDGE ( 'NONE', *, *, #584, .T. ) ;
#9554 = CYLINDRICAL_SURFACE ( 'NONE', #2287, 0.01999999999999885897 ) ;
#9555 = AXIS2_PLACEMENT_3D ( 'NONE', #1900, #8226, #424 ) ;
#9556 = ORIENTED_EDGE ( 'NONE', *, *, #2008, .T. ) ;
#9557 = ORIENTED_EDGE ( 'NONE', *, *, #3820, .F. ) ;
#9558 = EDGE_CURVE ( 'NONE', #9094, #5437, #4514, .T. ) ;
#9559 = DIRECTION ( 'NONE',  ( -0.000000000000000000, 1.000000000000000000, -0.000000000000000000 ) ) ;
#9560 = AXIS2_PLACEMENT_3D ( 'NONE', #4520, #9819, #1265 ) ;
#9561 = VECTOR ( 'NONE', #4111, 1000.000000000000000 ) ;
#9562 = DIRECTION ( 'NONE',  ( 1.885568995626977845E-16, 0.000000000000000000, -1.000000000000000000 ) ) ;
#9563 = LINE ( 'NONE', #4154, #6375 ) ;
#9564 = DIRECTION ( 'NONE',  ( 0.000000000000000000, 0.000000000000000000, 1.000000000000000000 ) ) ;
#9565 = EDGE_LOOP ( 'NONE', ( #1736, #3196, #6621, #1106, #6625, #3207, #2441, #4648 ) ) ;
#9566 = EDGE_CURVE ( 'NONE', #4921, #6461, #791, .T. ) ;
#9567 = ORIENTED_EDGE ( 'NONE', *, *, #649, .F. ) ;
#9568 = VERTEX_POINT ( 'NONE', #2308 ) ;
#9569 = AXIS2_PLACEMENT_3D ( 'NONE', #5863, #8390, #645 ) ;
#9570 = VERTEX_POINT ( 'NONE', #1544 ) ;
#9571 = CARTESIAN_POINT ( 'NONE',  ( -0.7549999999999857936, 0.05000000000000012768, 0.5950000000000000844 ) ) ;
#9572 = CARTESIAN_POINT ( 'NONE',  ( -0.5000000000000102141, 0.05000000000000012768, 0.9149999999999983702 ) ) ;
#9573 = MECHANICAL_DESIGN_GEOMETRIC_PRESENTATION_REPRESENTATION (  '', ( #9723 ), #6999 ) ;
#9574 = DIRECTION ( 'NONE',  ( -0.000000000000000000, -0.000000000000000000, 1.000000000000000000 ) ) ;
#9575 = EDGE_LOOP ( 'NONE', ( #2444, #4912, #1939, #8684 ) ) ;
#9576 = ORIENTED_EDGE ( 'NONE', *, *, #6341, .T. ) ;
#9577 = CARTESIAN_POINT ( 'NONE',  ( 0.3750000000000037748, 0.06999999999999975686, 0.2500000000000004441 ) ) ;
#9578 = DIRECTION ( 'NONE',  ( 0.000000000000000000, 0.000000000000000000, -1.000000000000000000 ) ) ;
#9579 = PLANE ( 'NONE',  #7288 ) ;
#9580 = EDGE_CURVE ( 'NONE', #4768, #5910, #6805, .T. ) ;
#9581 = EDGE_LOOP ( 'NONE', ( #8848, #8998, #9538, #8235 ) ) ;
#9582 = DIRECTION ( 'NONE',  ( 1.000000000000000000, 0.000000000000000000, 0.000000000000000000 ) ) ;
#9583 = CARTESIAN_POINT ( 'NONE',  ( -0.7750000000000002442, 0.05000000000000012768, -0.7750000000000001332 ) ) ;
#9584 = CARTESIAN_POINT ( 'NONE',  ( -0.5000000000000002220, 0.05000000000000012768, 0.4799999999999998712 ) ) ;
#9585 = PLANE ( 'NONE',  #9189 ) ;
#9586 = ORIENTED_EDGE ( 'NONE', *, *, #9368, .T. ) ;
#9587 = DIRECTION ( 'NONE',  ( -1.000000000000000000, 0.000000000000000000, 0.000000000000000000 ) ) ;
#9588 = ORIENTED_EDGE ( 'NONE', *, *, #926, .T. ) ;
#9589 = EDGE_CURVE ( 'NONE', #9884, #6105, #7717, .T. ) ;
#9590 = VERTEX_POINT ( 'NONE', #3890 ) ;
#9591 = AXIS2_PLACEMENT_3D ( 'NONE', #4301, #8910, #418 ) ;
#9592 = CARTESIAN_POINT ( 'NONE',  ( -0.3200000000000110534, 0.05000000000000012768, -0.9149999999999983702 ) ) ;
#9593 = LINE ( 'NONE', #8886, #6262 ) ;
#9594 = CARTESIAN_POINT ( 'NONE',  ( 0.4250000000000039302, 0.06999999999999975686, -0.2500000000000000000 ) ) ;
#9595 = AXIS2_PLACEMENT_3D ( 'NONE', #9410, #1577, #871 ) ;
#9596 = LINE ( 'NONE', #8941, #4888 ) ;
#9597 = LINE ( 'NONE', #4143, #9929 ) ;
#9598 = DIRECTION ( 'NONE',  ( -0.000000000000000000, 1.000000000000000000, -0.000000000000000000 ) ) ;
#9599 = CARTESIAN_POINT ( 'NONE',  ( 0.4250000000000039302, 0.06999999999999975686, 0.2500000000000004441 ) ) ;
#9600 = VERTEX_POINT ( 'NONE', #2355 ) ;
#9601 = CARTESIAN_POINT ( 'NONE',  ( -0.9350000000000000533, 0.000000000000000000, -0.7549999999999998934 ) ) ;
#9602 = EDGE_CURVE ( 'NONE', #9083, #2541, #837, .T. ) ;
#9603 = EDGE_CURVE ( 'NONE', #8885, #5895, #5291, .T. ) ;
#9604 = EDGE_CURVE ( 'NONE', #84, #9693, #2728, .T. ) ;
#9605 = ORIENTED_EDGE ( 'NONE', *, *, #1541, .F. ) ;
#9606 = VECTOR ( 'NONE', #4949, 1000.000000000000000 ) ;
#9607 = CARTESIAN_POINT ( 'NONE',  ( -0.9149999999999858247, 0.05000000000000012768, 0.7550000000000000044 ) ) ;
#9608 = CARTESIAN_POINT ( 'NONE',  ( 0.7550000000000000044, 0.000000000000000000, -0.7549999999999996714 ) ) ;
#9609 = FACE_OUTER_BOUND ( 'NONE', #4158, .T. ) ;
#9611 = EDGE_LOOP ( 'NONE', ( #3971, #4336, #9704, #4697 ) ) ;
#9610 = VECTOR ( 'NONE', #777, 1000.000000000000000 ) ;
#9612 = ADVANCED_FACE ( 'NONE', ( #988 ), #137, .T. ) ;
#9613 = ADVANCED_FACE ( 'NONE', ( #4124 ), #3267, .F. ) ;
#9614 = DIRECTION ( 'NONE',  ( -0.000000000000000000, 1.000000000000000000, -0.000000000000000000 ) ) ;
#9615 = ORIENTED_EDGE ( 'NONE', *, *, #2680, .F. ) ;
#9616 = SURFACE_STYLE_FILL_AREA ( #7582 ) ;
#9617 = CARTESIAN_POINT ( 'NONE',  ( -0.8249999999999997335, 0.5799999999999998490, -0.7249999999999999778 ) ) ;
#9618 = STYLED_ITEM ( 'NONE', ( #3571 ), #5039 ) ;
#9619 = ADVANCED_FACE ( 'NONE', ( #4073 ), #9383, .T. ) ;
#9620 = FACE_OUTER_BOUND ( 'NONE', #8615, .T. ) ;
#9621 = PLANE ( 'NONE',  #1036 ) ;
#9622 = DIRECTION ( 'NONE',  ( 0.000000000000000000, 0.000000000000000000, -1.000000000000000000 ) ) ;
#9623 = EDGE_LOOP ( 'NONE', ( #2814, #1392, #6280, #166 ) ) ;
#9624 = LINE ( 'NONE', #9823, #7750 ) ;
#9625 = FACE_OUTER_BOUND ( 'NONE', #8956, .T. ) ;
#9626 = LINE ( 'NONE', #1942, #4714 ) ;
#9627 = AXIS2_PLACEMENT_3D ( 'NONE', #4313, #428, #7303 ) ;
#9628 = VERTEX_POINT ( 'NONE', #3369 ) ;
#9629 = DIRECTION ( 'NONE',  ( 0.000000000000000000, 0.000000000000000000, 1.000000000000000000 ) ) ;
#9630 = AXIS2_PLACEMENT_3D ( 'NONE', #5557, #2325, #3854 ) ;
#9631 = ADVANCED_FACE ( 'NONE', ( #2646 ), #1849, .F. ) ;
#9632 = LINE ( 'NONE', #3516, #3007 ) ;
#9633 = CARTESIAN_POINT ( 'NONE',  ( -0.3000000000000000999, 0.000000000000000000, -0.9149999999999997025 ) ) ;
#9634 = FACE_OUTER_BOUND ( 'NONE', #9661, .T. ) ;
#9635 = ORIENTED_EDGE ( 'NONE', *, *, #1712, .T. ) ;
#9636 = CARTESIAN_POINT ( 'NONE',  ( -0.9999999999999997780, 0.05000000000000012768, -1.000000000000000222 ) ) ;
#9637 = EDGE_LOOP ( 'NONE', ( #6468, #5833, #9745, #90 ) ) ;
#9638 = ORIENTED_EDGE ( 'NONE', *, *, #7070, .F. ) ;
#9639 = CIRCLE ( 'NONE', #3357, 0.01999999999999999695 ) ;
#9640 = DIRECTION ( 'NONE',  ( -0.000000000000000000, 1.000000000000000000, -0.000000000000000000 ) ) ;
#9642 = CIRCLE ( 'NONE', #1234, 0.02000000000000005246 ) ;
#9641 = DIRECTION ( 'NONE',  ( -1.000000000000000000, 0.000000000000000000, 0.000000000000000000 ) ) ;
#9643 = CARTESIAN_POINT ( 'NONE',  ( -0.7749999999999906963, 0.05000000000000012768, 0.3250000000000000111 ) ) ;
#9644 = EDGE_LOOP ( 'NONE', ( #8111, #533, #5755, #5205, #1689, #6636, #7069, #2160 ) ) ;
#9645 = DIRECTION ( 'NONE',  ( 1.000000000000000000, 0.000000000000000000, 0.000000000000000000 ) ) ;
#9646 = LINE ( 'NONE', #210, #6279 ) ;
#9647 = DIRECTION ( 'NONE',  ( -0.000000000000000000, 0.000000000000000000, -1.000000000000000000 ) ) ;
#9648 = ORIENTED_EDGE ( 'NONE', *, *, #4776, .T. ) ;
#9649 = DIRECTION ( 'NONE',  ( 1.000000000000000000, 0.000000000000000000, 0.000000000000000000 ) ) ;
#9650 = EDGE_LOOP ( 'NONE', ( #3304, #574, #9109, #6484 ) ) ;
#9651 = EDGE_LOOP ( 'NONE', ( #1532, #6312, #669, #4943 ) ) ;
#9652 = CIRCLE ( 'NONE', #5936, 0.02000000000000005246 ) ;
#9653 = VECTOR ( 'NONE', #4019, 1000.000000000000000 ) ;
#9654 = EDGE_CURVE ( 'NONE', #4429, #672, #4168, .T. ) ;
#9655 = DIRECTION ( 'NONE',  ( -0.000000000000000000, 1.000000000000000000, -0.000000000000000000 ) ) ;
#9656 = PLANE ( 'NONE',  #7829 ) ;
#9657 = AXIS2_PLACEMENT_3D ( 'NONE', #5862, #8943, #8250 ) ;
#9658 = CARTESIAN_POINT ( 'NONE',  ( -0.9999999999999997780, 0.1199999999999999956, -0.6500000000000000222 ) ) ;
#9659 = ORIENTED_EDGE ( 'NONE', *, *, #892, .T. ) ;
#9660 = DIRECTION ( 'NONE',  ( 7.744301232039334431E-16, 0.000000000000000000, 1.000000000000000000 ) ) ;
#9661 = EDGE_LOOP ( 'NONE', ( #4670, #4563, #2205, #7706 ) ) ;
#9662 = AXIS2_PLACEMENT_3D ( 'NONE', #1224, #8934, #4321 ) ;
#9663 = DIRECTION ( 'NONE',  ( -1.000000000000000000, 0.000000000000000000, 0.000000000000000000 ) ) ;
#9664 = AXIS2_PLACEMENT_3D ( 'NONE', #7073, #1866, #8707 ) ;
#9665 = ADVANCED_FACE ( 'NONE', ( #933 ), #3413, .T. ) ;
#9666 = EDGE_CURVE ( 'NONE', #8120, #5238, #8568, .T. ) ;
#9667 = DIRECTION ( 'NONE',  ( 0.000000000000000000, 0.000000000000000000, -1.000000000000000000 ) ) ;
#9668 = EDGE_CURVE ( 'NONE', #6452, #3453, #9530, .T. ) ;
#9669 = PLANE ( 'NONE',  #3205 ) ;
#9670 = CARTESIAN_POINT ( 'NONE',  ( -0.09999999999999939493, 0.05000000000000012768, 0.9149999999999999245 ) ) ;
#9671 = CARTESIAN_POINT ( 'NONE',  ( 0.9350000000000000533, 0.000000000000000000, -0.7549999999999996714 ) ) ;
#9673 = ORIENTED_EDGE ( 'NONE', *, *, #74, .T. ) ;
#9672 = LINE ( 'NONE', #2850, #3649 ) ;
#9674 = CARTESIAN_POINT ( 'NONE',  ( 0.4250000000000039302, 0.06999999999999975686, -0.2500000000000000000 ) ) ;
#9675 = LINE ( 'NONE', #2745, #1816 ) ;
#9676 = DIRECTION ( 'NONE',  ( 0.000000000000000000, 1.000000000000000000, 0.000000000000000000 ) ) ;
#9677 = PLANE ( 'NONE',  #9173 ) ;
#9678 = SURFACE_STYLE_FILL_AREA ( #8180 ) ;
#9679 = ORIENTED_EDGE ( 'NONE', *, *, #9855, .T. ) ;
#9680 = EDGE_LOOP ( 'NONE', ( #1190, #4806, #8604, #3319 ) ) ;
#9681 = FACE_OUTER_BOUND ( 'NONE', #5641, .T. ) ;
#9682 = ORIENTED_EDGE ( 'NONE', *, *, #7931, .T. ) ;
#9683 = EDGE_CURVE ( 'NONE', #3754, #2884, #6392, .T. ) ;
#9684 = VERTEX_POINT ( 'NONE', #4781 ) ;
#9685 = LINE ( 'NONE', #7417, #1090 ) ;
#9686 = LINE ( 'NONE', #2714, #7133 ) ;
#9687 = CIRCLE ( 'NONE', #7929, 0.02000000000000005246 ) ;
#9688 = FACE_OUTER_BOUND ( 'NONE', #8664, .T. ) ;
#9689 = DIRECTION ( 'NONE',  ( -0.000000000000000000, -1.000000000000000000, -0.000000000000000000 ) ) ;
#9690 = CARTESIAN_POINT ( 'NONE',  ( -0.9999999999999997780, 0.1199999999999999956, 0.2500000000000003331 ) ) ;
#9691 = FACE_OUTER_BOUND ( 'NONE', #2001, .T. ) ;
#9692 = DIRECTION ( 'NONE',  ( 0.000000000000000000, 0.000000000000000000, 1.000000000000000000 ) ) ;
#9693 = VERTEX_POINT ( 'NONE', #8738 ) ;
#9694 = ORIENTED_EDGE ( 'NONE', *, *, #9697, .T. ) ;
#9696 = EDGE_CURVE ( 'NONE', #5816, #2544, #2603, .T. ) ;
#9695 = ORIENTED_EDGE ( 'NONE', *, *, #8551, .F. ) ;
#9697 = EDGE_CURVE ( 'NONE', #1873, #2102, #3978, .T. ) ;
#9698 = DIRECTION ( 'NONE',  ( 0.000000000000000000, 0.000000000000000000, -1.000000000000000000 ) ) ;
#9699 = CARTESIAN_POINT ( 'NONE',  ( 0.02500000000000006384, 0.06999999999999975686, -1.000000000000000222 ) ) ;
#9700 = DIRECTION ( 'NONE',  ( -0.000000000000000000, -1.000000000000000000, -0.000000000000000000 ) ) ;
#9701 = CIRCLE ( 'NONE', #194, 0.02000000000000005246 ) ;
#9702 = CARTESIAN_POINT ( 'NONE',  ( -0.9999999999999997780, 0.06999999999999975686, -0.7000000000000000666 ) ) ;
#9703 = LINE ( 'NONE', #7480, #5381 ) ;
#9704 = ORIENTED_EDGE ( 'NONE', *, *, #7085, .T. ) ;
#9705 = LINE ( 'NONE', #508, #8597 ) ;
#9706 = ORIENTED_EDGE ( 'NONE', *, *, #5852, .T. ) ;
#9707 = EDGE_CURVE ( 'NONE', #3367, #1663, #2554, .T. ) ;
#9708 = AXIS2_PLACEMENT_3D ( 'NONE', #3722, #6789, #3560 ) ;
#9709 = VECTOR ( 'NONE', #8535, 1000.000000000000000 ) ;
#9710 = CARTESIAN_POINT ( 'NONE',  ( -0.4800000000000080869, 0.05000000000000012768, 0.9349999999999983880 ) ) ;
#9711 = CARTESIAN_POINT ( 'NONE',  ( -0.02500000000000006384, 0.1199999999999999956, -0.7000000000000000666 ) ) ;
#9712 = DIRECTION ( 'NONE',  ( -0.000000000000000000, 0.000000000000000000, 1.000000000000000000 ) ) ;
#9714 = VERTEX_POINT ( 'NONE', #7248 ) ;
#9713 = CARTESIAN_POINT ( 'NONE',  ( -0.4250000000000039302, 0.06999999999999975686, 0.7000000000000005107 ) ) ;
#9715 = ORIENTED_EDGE ( 'NONE', *, *, #4126, .F. ) ;
#9716 = VECTOR ( 'NONE', #5050, 1000.000000000000000 ) ;
#9717 = DIRECTION ( 'NONE',  ( -1.000000000000000000, -0.000000000000000000, -0.000000000000000000 ) ) ;
#9718 = CARTESIAN_POINT ( 'NONE',  ( 0.3200000000000001177, 0.05000000000000012768, -0.9349999999999998312 ) ) ;
#9719 = LINE ( 'NONE', #1271, #7612 ) ;
#9720 = EDGE_CURVE ( 'NONE', #6496, #8627, #187, .T. ) ;
#9721 = EDGE_CURVE ( 'NONE', #2366, #8498, #8730, .T. ) ;
#9722 = ORIENTED_EDGE ( 'NONE', *, *, #9853, .F. ) ;
#9723 = STYLED_ITEM ( 'NONE', ( #7984 ), #1808 ) ;
#9724 = DIRECTION ( 'NONE',  ( -1.000000000000000000, -0.000000000000000000, -1.151964808265786930E-14 ) ) ;
#9725 =( NAMED_UNIT ( * ) PLANE_ANGLE_UNIT ( ) SI_UNIT ( $, .RADIAN. ) );
#9726 = FACE_OUTER_BOUND ( 'NONE', #2868, .T. ) ;
#9727 = CARTESIAN_POINT ( 'NONE',  ( 0.3200000000000007838, 0.000000000000000000, 0.9349999999999998312 ) ) ;
#9728 = VERTEX_POINT ( 'NONE', #330 ) ;
#9729 = ORIENTED_EDGE ( 'NONE', *, *, #8050, .F. ) ;
#9730 = CARTESIAN_POINT ( 'NONE',  ( -0.3199999999999995626, 0.05000000000000012768, 0.7550000000000002265 ) ) ;
#9731 = CARTESIAN_POINT ( 'NONE',  ( 0.4800000000000006484, 0.05000000000000012768, 0.7749999999999999112 ) ) ;
#9732 = ORIENTED_EDGE ( 'NONE', *, *, #785, .F. ) ;
#9733 = ADVANCED_FACE ( 'NONE', ( #4732 ), #8686, .F. ) ;
#9734 = CIRCLE ( 'NONE', #9251, 0.02000000000000005246 ) ;
#9735 = FACE_OUTER_BOUND ( 'NONE', #778, .T. ) ;
#9736 = SURFACE_STYLE_USAGE ( .BOTH. , #651 ) ;
#9737 = ADVANCED_FACE ( 'NONE', ( #5021 ), #5791, .T. ) ;
#9738 = DIRECTION ( 'NONE',  ( -1.000000000000000000, 0.000000000000000000, 0.000000000000000000 ) ) ;
#9739 = CARTESIAN_POINT ( 'NONE',  ( -0.02500000000000006384, 0.06999999999999975686, -0.2500000000000000000 ) ) ;
#9740 = EDGE_LOOP ( 'NONE', ( #9120, #2918, #5803, #2097 ) ) ;
#9741 = CARTESIAN_POINT ( 'NONE',  ( -0.9149999999999858247, 0.000000000000000000, 0.7750000000000001332 ) ) ;
#9742 = CARTESIAN_POINT ( 'NONE',  ( 0.3000000000000004885, 0.000000000000000000, 0.7750000000000000222 ) ) ;
#9743 = ORIENTED_EDGE ( 'NONE', *, *, #2007, .F. ) ;
#9744 = VECTOR ( 'NONE', #7391, 1000.000000000000000 ) ;
#9745 = ORIENTED_EDGE ( 'NONE', *, *, #4189, .F. ) ;
#9746 = VECTOR ( 'NONE', #1733, 1000.000000000000000 ) ;
#9747 = DIRECTION ( 'NONE',  ( 0.000000000000000000, 0.000000000000000000, 1.000000000000000000 ) ) ;
#9748 = PLANE ( 'NONE',  #1762 ) ;
#9750 = EDGE_CURVE ( 'NONE', #8947, #9838, #523, .T. ) ;
#9749 = CARTESIAN_POINT ( 'NONE',  ( 0.3750000000000037748, 0.06999999999999975686, -0.7000000000000000666 ) ) ;
#9751 = CARTESIAN_POINT ( 'NONE',  ( 0.4799999999999996492, 0.000000000000000000, 0.5000000000000000000 ) ) ;
#9752 = CARTESIAN_POINT ( 'NONE',  ( -0.9999999999999997780, 0.1199999999999999956, 0.7000000000000005107 ) ) ;
#9753 = DIRECTION ( 'NONE',  ( -1.000000000000000000, 0.000000000000000000, 0.000000000000000000 ) ) ;
#9754 = ORIENTED_EDGE ( 'NONE', *, *, #372, .T. ) ;
#9755 = DIRECTION ( 'NONE',  ( 0.000000000000000000, 0.000000000000000000, -1.000000000000000000 ) ) ;
#9756 = VERTEX_POINT ( 'NONE', #423 ) ;
#9757 = VERTEX_POINT ( 'NONE', #1898 ) ;
#9758 = AXIS2_PLACEMENT_3D ( 'NONE', #5199, #2067, #4541 ) ;
#9759 = DIRECTION ( 'NONE',  ( -0.000000000000000000, -1.000000000000000000, -0.000000000000000000 ) ) ;
#9761 = VECTOR ( 'NONE', #3918, 1000.000000000000000 ) ;
#9760 = CARTESIAN_POINT ( 'NONE',  ( -0.7749999999999953593, 0.05000000000000012768, -0.3050000000000000488 ) ) ;
#9762 = EDGE_CURVE ( 'NONE', #3469, #2102, #7395, .T. ) ;
#9763 = CARTESIAN_POINT ( 'NONE',  ( 0.4250000000000039302, 0.1199999999999999956, -0.1999999999999998723 ) ) ;
#9764 = PLANE ( 'NONE',  #7789 ) ;
#9766 = VERTEX_POINT ( 'NONE', #5123 ) ;
#9765 = CARTESIAN_POINT ( 'NONE',  ( 0.3750000000000037748, 0.1199999999999999956, 0.7000000000000005107 ) ) ;
#9767 = ORIENTED_EDGE ( 'NONE', *, *, #3417, .T. ) ;
#9768 = DIRECTION ( 'NONE',  ( 0.000000000000000000, 0.000000000000000000, 1.000000000000000000 ) ) ;
#9769 = VERTEX_POINT ( 'NONE', #4973 ) ;
#9770 = EDGE_LOOP ( 'NONE', ( #8816, #4771, #8252, #2445 ) ) ;
#9771 = AXIS2_PLACEMENT_3D ( 'NONE', #3864, #9227, #6940 ) ;
#9772 = CARTESIAN_POINT ( 'NONE',  ( 1.000000000000000222, 0.1199999999999999956, -0.6500000000000000222 ) ) ;
#9773 = EDGE_CURVE ( 'NONE', #7655, #9094, #8277, .T. ) ;
#9774 = CARTESIAN_POINT ( 'NONE',  ( -0.8249999999999997335, 0.5799999999999998490, -0.8250000000000000666 ) ) ;
#9775 = DIRECTION ( 'NONE',  ( 1.000000000000000000, -0.000000000000000000, -0.000000000000000000 ) ) ;
#9776 = LINE ( 'NONE', #9633, #3524 ) ;
#9777 = COLOUR_RGB ( '',0.7921568627450980005, 0.8196078431372548767, 0.9333333333333333481 ) ;
#9778 = CARTESIAN_POINT ( 'NONE',  ( 0.9149999999999950395, 0.05000000000000012768, -0.3249999999999999001 ) ) ;
#9779 = VERTEX_POINT ( 'NONE', #6680 ) ;
#9780 = VERTEX_POINT ( 'NONE', #8917 ) ;
#9781 = DIRECTION ( 'NONE',  ( 0.000000000000000000, 0.000000000000000000, 1.000000000000000000 ) ) ;
#9782 = DIRECTION ( 'NONE',  ( 1.355252715606883304E-15, -0.000000000000000000, 1.000000000000000000 ) ) ;
#9783 = ORIENTED_EDGE ( 'NONE', *, *, #4136, .T. ) ;
#9784 = ORIENTED_EDGE ( 'NONE', *, *, #446, .T. ) ;
#9785 = CARTESIAN_POINT ( 'NONE',  ( 0.9149999999999903766, 0.000000000000000000, 0.3250000000000003997 ) ) ;
#9786 = AXIS2_PLACEMENT_3D ( 'NONE', #2126, #3805, #4701 ) ;
#9787 = EDGE_CURVE ( 'NONE', #9065, #8070, #3563, .T. ) ;
#9788 = EDGE_CURVE ( 'NONE', #8151, #2472, #1991, .T. ) ;
#9789 = CARTESIAN_POINT ( 'NONE',  ( 0.9149999999999853806, 0.05000000000000012768, 0.7750000000000004663 ) ) ;
#9790 = CARTESIAN_POINT ( 'NONE',  ( 0.4250000000000039302, 0.06999999999999986788, -0.7000000000000000666 ) ) ;
#9791 = EDGE_CURVE ( 'NONE', #4491, #2991, #8173, .T. ) ;
#9792 = CARTESIAN_POINT ( 'NONE',  ( 0.9149999999999950395, 0.000000000000000000, -0.1449999999999998512 ) ) ;
#9793 = LINE ( 'NONE', #7822, #2777 ) ;
#9794 = ORIENTED_EDGE ( 'NONE', *, *, #8214, .F. ) ;
#9795 = CARTESIAN_POINT ( 'NONE',  ( 0.4250000000000039302, 0.06999999999999975686, -1.000000000000000222 ) ) ;
#9796 = DIRECTION ( 'NONE',  ( -1.000000000000000000, 0.000000000000000000, -0.000000000000000000 ) ) ;
#9798 = EDGE_LOOP ( 'NONE', ( #1637, #4543, #7494, #6149 ) ) ;
#9797 = VECTOR ( 'NONE', #443, 1000.000000000000000 ) ;
#9799 = LINE ( 'NONE', #6708, #9964 ) ;
#9800 = ORIENTED_EDGE ( 'NONE', *, *, #4964, .F. ) ;
#9801 = ORIENTED_EDGE ( 'NONE', *, *, #3397, .T. ) ;
#9802 = ORIENTED_EDGE ( 'NONE', *, *, #4288, .T. ) ;
#9803 = VECTOR ( 'NONE', #1246, 1000.000000000000000 ) ;
#9804 = CARTESIAN_POINT ( 'NONE',  ( 0.9349999999999853983, 0.05000000000000012768, 0.7550000000000004485 ) ) ;
#9805 = LINE ( 'NONE', #6662, #7994 ) ;
#9806 = FACE_OUTER_BOUND ( 'NONE', #8860, .T. ) ;
#9807 = CARTESIAN_POINT ( 'NONE',  ( -0.4250000000000039302, 0.06999999999999986788, 0.9999999999999997780 ) ) ;
#9808 = ORIENTED_EDGE ( 'NONE', *, *, #6277, .T. ) ;
#9809 = DIRECTION ( 'NONE',  ( -1.000000000000000000, 0.000000000000000000, 0.000000000000000000 ) ) ;
#9810 = ORIENTED_EDGE ( 'NONE', *, *, #1552, .T. ) ;
#9811 = EDGE_LOOP ( 'NONE', ( #4898, #2684, #6476, #6721 ) ) ;
#9812 = AXIS2_PLACEMENT_3D ( 'NONE', #3928, #4775, #832 ) ;
#9813 = ADVANCED_FACE ( 'NONE', ( #2799 ), #8071, .T. ) ;
#9814 =( GEOMETRIC_REPRESENTATION_CONTEXT ( 3 ) GLOBAL_UNCERTAINTY_ASSIGNED_CONTEXT ( ( #9393 ) ) GLOBAL_UNIT_ASSIGNED_CONTEXT ( ( #5264, #5162, #8260 ) ) REPRESENTATION_CONTEXT ( 'NONE', 'WORKASPACE' ) );
#9815 = VECTOR ( 'NONE', #5429, 1000.000000000000000 ) ;
#9816 = FACE_OUTER_BOUND ( 'NONE', #1740, .T. ) ;
#9817 = PLANE ( 'NONE',  #4266 ) ;
#9818 = VERTEX_POINT ( 'NONE', #9674 ) ;
#9819 = DIRECTION ( 'NONE',  ( -1.000000000000000000, 0.000000000000000000, -0.000000000000000000 ) ) ;
#9821 = VERTEX_POINT ( 'NONE', #8974 ) ;
#9820 = CARTESIAN_POINT ( 'NONE',  ( -0.5000000000000042188, 0.05000000000000012768, -0.7750000000000000222 ) ) ;
#9822 = ORIENTED_EDGE ( 'NONE', *, *, #1710, .T. ) ;
#9823 = CARTESIAN_POINT ( 'NONE',  ( -0.9999999999999997780, 0.1199999999999999956, -0.1999999999999998723 ) ) ;
#9824 = ORIENTED_EDGE ( 'NONE', *, *, #9965, .F. ) ;
#9825 = CARTESIAN_POINT ( 'NONE',  ( 0.9350000000000000533, 0.05000000000000012768, -0.7549999999999996714 ) ) ;
#9826 = AXIS2_PLACEMENT_3D ( 'NONE', #3523, #4427, #9781 ) ;
#9827 = EDGE_CURVE ( 'NONE', #1511, #5629, #4215, .T. ) ;
#9828 = VECTOR ( 'NONE', #2177, 1000.000000000000000 ) ;
#9829 = EDGE_CURVE ( 'NONE', #7963, #3481, #6447, .T. ) ;
#9830 = ORIENTED_EDGE ( 'NONE', *, *, #164, .F. ) ;
#9831 = DIRECTION ( 'NONE',  ( -0.000000000000000000, -1.000000000000000000, -0.000000000000000000 ) ) ;
#9832 = VECTOR ( 'NONE', #4024, 1000.000000000000000 ) ;
#9833 = DIRECTION ( 'NONE',  ( 0.000000000000000000, 0.000000000000000000, -1.000000000000000000 ) ) ;
#9834 = ORIENTED_EDGE ( 'NONE', *, *, #513, .T. ) ;
#9835 = ORIENTED_EDGE ( 'NONE', *, *, #3823, .T. ) ;
#9836 = LINE ( 'NONE', #8237, #798 ) ;
#9837 = DIRECTION ( 'NONE',  ( 0.000000000000000000, 0.000000000000000000, -1.000000000000000000 ) ) ;
#9838 = VERTEX_POINT ( 'NONE', #4413 ) ;
#9839 = EDGE_CURVE ( 'NONE', #2429, #8802, #1268, .T. ) ;
#9840 = SURFACE_STYLE_USAGE ( .BOTH. , #5090 ) ;
#9841 = DIRECTION ( 'NONE',  ( -0.000000000000000000, -0.000000000000000000, 1.000000000000000000 ) ) ;
#9842 = LINE ( 'NONE', #490, #845 ) ;
#9843 = LINE ( 'NONE', #2931, #2049 ) ;
#9844 = CARTESIAN_POINT ( 'NONE',  ( -0.7549999999999857936, 0.05000000000000012768, 0.5950000000000000844 ) ) ;
#9845 = DIRECTION ( 'NONE',  ( 1.000000000000000000, -0.000000000000000000, -0.000000000000000000 ) ) ;
#9846 = ORIENTED_EDGE ( 'NONE', *, *, #9172, .F. ) ;
#9847 = DIRECTION ( 'NONE',  ( 1.000000000000000000, 0.000000000000000000, 0.000000000000000000 ) ) ;
#9848 = DIRECTION ( 'NONE',  ( 1.000000000000000000, -0.000000000000000000, -0.000000000000000000 ) ) ;
#9849 = EDGE_LOOP ( 'NONE', ( #2717, #1480, #7106, #7166 ) ) ;
#9850 = DIRECTION ( 'NONE',  ( -0.000000000000000000, 1.000000000000000000, -0.000000000000000000 ) ) ;
#9851 = ORIENTED_EDGE ( 'NONE', *, *, #7122, .F. ) ;
#9852 = ORIENTED_EDGE ( 'NONE', *, *, #6650, .F. ) ;
#9853 = EDGE_CURVE ( 'NONE', #8098, #9898, #2041, .T. ) ;
#9854 = EDGE_LOOP ( 'NONE', ( #855, #3829, #7508, #8223 ) ) ;
#9855 = EDGE_CURVE ( 'NONE', #3367, #4647, #6532, .T. ) ;
#9856 = CARTESIAN_POINT ( 'NONE',  ( -0.07999999999999993228, 0.05000000000000012768, -0.7549999999999997824 ) ) ;
#9857 = CARTESIAN_POINT ( 'NONE',  ( -0.02500000000000006384, 0.06999999999999975686, 0.7000000000000005107 ) ) ;
#9858 = DIRECTION ( 'NONE',  ( -0.000000000000000000, -0.000000000000000000, 1.000000000000000000 ) ) ;
#9859 = DIRECTION ( 'NONE',  ( 0.000000000000000000, 0.000000000000000000, -1.000000000000000000 ) ) ;
#9860 = LINE ( 'NONE', #505, #5469 ) ;
#9861 = DIRECTION ( 'NONE',  ( -0.000000000000000000, -1.000000000000000000, -0.000000000000000000 ) ) ;
#9862 = ORIENTED_EDGE ( 'NONE', *, *, #165, .T. ) ;
#9863 = DIRECTION ( 'NONE',  ( 0.000000000000000000, 0.000000000000000000, -1.000000000000000000 ) ) ;
#9864 = AXIS2_PLACEMENT_3D ( 'NONE', #1360, #7536, #9863 ) ;
#9865 = ORIENTED_EDGE ( 'NONE', *, *, #5243, .T. ) ;
#9866 = ORIENTED_EDGE ( 'NONE', *, *, #1813, .F. ) ;
#9867 = EDGE_CURVE ( 'NONE', #3791, #8518, #5074, .T. ) ;
#9868 = LINE ( 'NONE', #8319, #9019 ) ;
#9869 = DIRECTION ( 'NONE',  ( -0.000000000000000000, -0.000000000000000000, 1.000000000000000000 ) ) ;
#9870 = EDGE_CURVE ( 'NONE', #4584, #1468, #9624, .T. ) ;
#9871 = CARTESIAN_POINT ( 'NONE',  ( 0.4250000000000039302, 0.06999999999999986788, 0.9999999999999997780 ) ) ;
#9873 = ORIENTED_EDGE ( 'NONE', *, *, #2199, .F. ) ;
#9872 = CARTESIAN_POINT ( 'NONE',  ( -0.9999999999999997780, 0.06999999999999985401, -0.7000000000000000666 ) ) ;
#9874 = ORIENTED_EDGE ( 'NONE', *, *, #9486, .F. ) ;
#9875 = LINE ( 'NONE', #2100, #7296 ) ;
#9876 = EDGE_LOOP ( 'NONE', ( #2101, #1133, #830, #8491 ) ) ;
#9878 = ORIENTED_EDGE ( 'NONE', *, *, #2272, .T. ) ;
#9877 = AXIS2_PLACEMENT_3D ( 'NONE', #2043, #4263, #7343 ) ;
#9879 = VERTEX_POINT ( 'NONE', #8825 ) ;
#9880 = AXIS2_PLACEMENT_3D ( 'NONE', #5871, #2180, #9753 ) ;
#9881 = CARTESIAN_POINT ( 'NONE',  ( 0.02500000000000006384, 0.1199999999999999956, 0.2000000000000003164 ) ) ;
#9882 = VECTOR ( 'NONE', #5402, 1000.000000000000000 ) ;
#9883 = EDGE_CURVE ( 'NONE', #8147, #9426, #8122, .T. ) ;
#9884 = VERTEX_POINT ( 'NONE', #9079 ) ;
#9885 = ORIENTED_EDGE ( 'NONE', *, *, #1132, .T. ) ;
#9886 = DIRECTION ( 'NONE',  ( 1.000000000000000000, 0.000000000000000000, 0.000000000000000000 ) ) ;
#9887 = PLANE ( 'NONE',  #6365 ) ;
#9888 = PLANE ( 'NONE',  #5368 ) ;
#9889 = VERTEX_POINT ( 'NONE', #9975 ) ;
#9890 = VECTOR ( 'NONE', #6965, 1000.000000000000000 ) ;
#9891 = FACE_OUTER_BOUND ( 'NONE', #6792, .T. ) ;
#9892 = DIRECTION ( 'NONE',  ( -0.000000000000000000, -1.000000000000000000, -0.000000000000000000 ) ) ;
#9893 = EDGE_CURVE ( 'NONE', #5177, #1658, #3726, .T. ) ;
#9894 = EDGE_LOOP ( 'NONE', ( #2255, #8293, #6815, #7129, #2285, #1471, #6688, #2694, #1446, #7472, #7269, #8544, #5379, #1284, #7756, #9802, #1716, #1267, #8365, #8859, #250, #3335, #5457, #8674, #369, #4156, #819, #6511, #3542, #3850, #4744, #6090, #1834, #3590, #5530, #2413, #709, #3351, #924, #1874, #4894, #7600, #6881, #5563, #3443, #1802, #913, #6475, #3180, #5691, #223, #1842 ) ) ;
#9895 = LINE ( 'NONE', #2015, #4436 ) ;
#9896 = PRESENTATION_LAYER_ASSIGNMENT (  '', '', ( #9723 ) ) ;
#9897 = CARTESIAN_POINT ( 'NONE',  ( -0.02500000000000006384, 0.06999999999999975686, -0.7000000000000000666 ) ) ;
#9898 = VERTEX_POINT ( 'NONE', #5229 ) ;
#9899 = CARTESIAN_POINT ( 'NONE',  ( 0.4250000000000039302, 0.1199999999999999956, -0.1999999999999998723 ) ) ;
#9900 = ORIENTED_EDGE ( 'NONE', *, *, #2272, .F. ) ;
#9901 = ORIENTED_EDGE ( 'NONE', *, *, #5674, .F. ) ;
#9902 = ORIENTED_EDGE ( 'NONE', *, *, #4503, .T. ) ;
#9903 = DIRECTION ( 'NONE',  ( 0.000000000000000000, 1.000000000000000000, 0.000000000000000000 ) ) ;
#9904 = CARTESIAN_POINT ( 'NONE',  ( -0.02500000000000006384, 0.1199999999999999956, 0.2000000000000003164 ) ) ;
#9905 = EDGE_CURVE ( 'NONE', #9453, #1520, #474, .T. ) ;
#9906 = EDGE_CURVE ( 'NONE', #7849, #3604, #3778, .T. ) ;
#9907 = CARTESIAN_POINT ( 'NONE',  ( 0.5000000000000006661, 0.000000000000000000, 0.9149999999999994804 ) ) ;
#9908 = CARTESIAN_POINT ( 'NONE',  ( 0.7749999999999854783, 0.000000000000000000, 0.7550000000000004485 ) ) ;
#9909 = FACE_OUTER_BOUND ( 'NONE', #7154, .T. ) ;
#9910 = EDGE_LOOP ( 'NONE', ( #8870, #6697, #1647, #151 ) ) ;
#9911 = CARTESIAN_POINT ( 'NONE',  ( -0.9149999999999858247, 0.05000000000000012768, 0.7750000000000001332 ) ) ;
#9912 = EDGE_LOOP ( 'NONE', ( #5312, #3767, #3536, #1117 ) ) ;
#9913 = VERTEX_POINT ( 'NONE', #827 ) ;
#9914 = CIRCLE ( 'NONE', #5559, 0.02000000000000005246 ) ;
#9915 = CARTESIAN_POINT ( 'NONE',  ( -0.02500000000000006384, 0.06999999999999975686, -0.7000000000000000666 ) ) ;
#9916 = FACE_OUTER_BOUND ( 'NONE', #7361, .T. ) ;
#9917 = EDGE_CURVE ( 'NONE', #2826, #5654, #6092, .T. ) ;
#9918 = EDGE_CURVE ( 'NONE', #5910, #15, #3014, .T. ) ;
#9919 = CARTESIAN_POINT ( 'NONE',  ( -0.9349999999999952793, 0.000000000000000000, -0.3050000000000000488 ) ) ;
#9920 = EDGE_CURVE ( 'NONE', #484, #4225, #2249, .T. ) ;
#9921 = DIRECTION ( 'NONE',  ( 0.000000000000000000, 0.000000000000000000, 1.000000000000000000 ) ) ;
#9924 = EDGE_LOOP ( 'NONE', ( #1768, #8393, #3739, #680 ) ) ;
#9923 = AXIS2_PLACEMENT_3D ( 'NONE', #6674, #9968, #6787 ) ;
#9922 = CARTESIAN_POINT ( 'NONE',  ( 0.5000000000000006661, 0.05000000000000012768, 0.9149999999999994804 ) ) ;
#9925 = CARTESIAN_POINT ( 'NONE',  ( -0.9999999999999997780, 0.1199999999999999956, -0.7000000000000000666 ) ) ;
#9926 = EDGE_LOOP ( 'NONE', ( #7331, #4574, #3425, #1189 ) ) ;
#9927 = EDGE_CURVE ( 'NONE', #647, #1405, #6793, .T. ) ;
#9928 = VERTEX_POINT ( 'NONE', #2298 ) ;
#9929 = VECTOR ( 'NONE', #4193, 1000.000000000000000 ) ;
#9930 = CARTESIAN_POINT ( 'NONE',  ( -0.9999999999999997780, 0.1199999999999999956, 0.7000000000000005107 ) ) ;
#9931 = CARTESIAN_POINT ( 'NONE',  ( -0.3750000000000037748, 0.1199999999999999956, -0.2500000000000000000 ) ) ;
#9932 = VERTEX_POINT ( 'NONE', #9238 ) ;
#9933 = ORIENTED_EDGE ( 'NONE', *, *, #4105, .F. ) ;
#9934 = DIRECTION ( 'NONE',  ( -1.000000000000000000, 0.000000000000000000, 0.000000000000000000 ) ) ;
#9935 = FACE_OUTER_BOUND ( 'NONE', #922, .T. ) ;
#9936 = DIRECTION ( 'NONE',  ( -0.000000000000000000, -1.000000000000000000, -0.000000000000000000 ) ) ;
#9937 = ORIENTED_EDGE ( 'NONE', *, *, #1528, .T. ) ;
#9938 = CARTESIAN_POINT ( 'NONE',  ( 0.7749999999999854783, 0.05000000000000012768, 0.7550000000000004485 ) ) ;
#9939 = EDGE_CURVE ( 'NONE', #1520, #9002, #1430, .T. ) ;
#9940 = VECTOR ( 'NONE', #721, 1000.000000000000000 ) ;
#9941 = PRESENTATION_STYLE_ASSIGNMENT (( #9736 ) ) ;
#9942 = PLANE ( 'NONE',  #2254 ) ;
#9943 = CARTESIAN_POINT ( 'NONE',  ( -0.9999999999999997780, 0.1199999999999999956, 0.2000000000000002054 ) ) ;
#9944 = ORIENTED_EDGE ( 'NONE', *, *, #3184, .F. ) ;
#9945 = LINE ( 'NONE', #4642, #3003 ) ;
#9946 = DIRECTION ( 'NONE',  ( 0.000000000000000000, 0.000000000000000000, 1.000000000000000000 ) ) ;
#9947 = ORIENTED_EDGE ( 'NONE', *, *, #3078, .F. ) ;
#9948 = ORIENTED_EDGE ( 'NONE', *, *, #2200, .T. ) ;
#9949 = ORIENTED_EDGE ( 'NONE', *, *, #5891, .F. ) ;
#9950 = VECTOR ( 'NONE', #1285, 1000.000000000000000 ) ;
#9951 = ORIENTED_EDGE ( 'NONE', *, *, #8812, .T. ) ;
#9952 = EDGE_CURVE ( 'NONE', #9038, #4375, #5389, .T. ) ;
#9953 = LINE ( 'NONE', #9003, #4962 ) ;
#9954 = DIRECTION ( 'NONE',  ( 0.000000000000000000, 0.000000000000000000, -1.000000000000000000 ) ) ;
#9956 = AXIS2_PLACEMENT_3D ( 'NONE', #3806, #2475, #6174 ) ;
#9955 = CARTESIAN_POINT ( 'NONE',  ( 0.9149999999999950395, 0.05000000000000012768, -0.1449999999999998512 ) ) ;
#9957 = DIRECTION ( 'NONE',  ( 0.000000000000000000, -1.000000000000000000, 0.000000000000000000 ) ) ;
#9958 = PLANE ( 'NONE',  #9986 ) ;
#9959 = CARTESIAN_POINT ( 'NONE',  ( 1.000000000000000222, 0.06999999999999985401, 0.2000000000000002054 ) ) ;
#9960 = ORIENTED_EDGE ( 'NONE', *, *, #9230, .T. ) ;
#9961 = DIRECTION ( 'NONE',  ( -0.000000000000000000, -1.000000000000000000, -0.000000000000000000 ) ) ;
#9962 = ORIENTED_EDGE ( 'NONE', *, *, #4477, .T. ) ;
#9963 = ORIENTED_EDGE ( 'NONE', *, *, #8271, .F. ) ;
#9964 = VECTOR ( 'NONE', #8251, 1000.000000000000000 ) ;
#9965 = EDGE_CURVE ( 'NONE', #5654, #207, #3062, .T. ) ;
#9966 = CARTESIAN_POINT ( 'NONE',  ( 0.4250000000000039302, 0.06999999999999985401, 0.2500000000000003331 ) ) ;
#9967 = CARTESIAN_POINT ( 'NONE',  ( 1.000000000000000222, 0.1199999999999999956, 0.2500000000000003331 ) ) ;
#9968 = DIRECTION ( 'NONE',  ( 1.000000000000000000, 0.000000000000000000, 0.000000000000000000 ) ) ;
#9969 = VECTOR ( 'NONE', #2876, 1000.000000000000000 ) ;
#9970 = AXIS2_PLACEMENT_3D ( 'NONE', #5809, #8244, #442 ) ;
#9971 = LINE ( 'NONE', #6287, #6485 ) ;
#9973 = VERTEX_POINT ( 'NONE', #35 ) ;
#9972 = CARTESIAN_POINT ( 'NONE',  ( -0.02500000000000006384, 0.06999999999999975686, 0.9999999999999997780 ) ) ;
#9974 = VERTEX_POINT ( 'NONE', #4468 ) ;
#9975 = CARTESIAN_POINT ( 'NONE',  ( -0.3750000000000037748, 0.06999999999999986788, -0.2500000000000000000 ) ) ;
#9976 = ORIENTED_EDGE ( 'NONE', *, *, #2008, .F. ) ;
#9977 = ORIENTED_EDGE ( 'NONE', *, *, #4688, .F. ) ;
#9978 = ADVANCED_FACE ( 'NONE', ( #6194 ), #7548, .F. ) ;
#9979 = EDGE_CURVE ( 'NONE', #9406, #7963, #8429, .T. ) ;
#9980 = STYLED_ITEM ( 'NONE', ( #6743 ), #8380 ) ;
#9981 = AXIS2_PLACEMENT_3D ( 'NONE', #9760, #1365, #3558 ) ;
#9982 = LINE ( 'NONE', #7607, #720 ) ;
#9983 = DIRECTION ( 'NONE',  ( 0.000000000000000000, 1.000000000000000000, 0.000000000000000000 ) ) ;
#9984 = ORIENTED_EDGE ( 'NONE', *, *, #5602, .F. ) ;
#9985 = DIRECTION ( 'NONE',  ( 1.000000000000000000, 0.000000000000000000, 0.000000000000000000 ) ) ;
#9986 = AXIS2_PLACEMENT_3D ( 'NONE', #1516, #7838, #761 ) ;
#9987 = CARTESIAN_POINT ( 'NONE',  ( 0.9149999999999853806, 0.05000000000000012768, 0.5750000000000003997 ) ) ;
#9988 = DIRECTION ( 'NONE',  ( 0.000000000000000000, 1.000000000000000000, 0.000000000000000000 ) ) ;
#9989 = AXIS2_PLACEMENT_3D ( 'NONE', #1194, #3759, #2995 ) ;
ENDSEC;
END-ISO-10303-21;
